"FileName","SourcePath","DestinationPath","SourceFolder","SHA256","Status"
"2nd OM COVID-19 - 3.pdf","C:\Users\rahma\OneDrive - Indian Institute of Management\Desktop\Term 5\CCS\RAG_Project\Haryana_PMJAY_Policy_Guidelines\2nd OM COVID-19 - 3.pdf","C:\Users\rahma\OneDrive - Indian Institute of Management\Desktop\Term 5\CCS\RAG_Project\Healthcare_Master\2nd OM COVID-19 - 3.pdf","Haryana_PMJAY_Policy_Guidelines","0413BFBE5AD0DE8F67D88A79CA3C7DA7AF3646269CC930142EB47CEDD6594603","Copied"
"3rd OM on Covid-19, mandating tests -4.pdf","C:\Users\rahma\OneDrive - Indian Institute of Management\Desktop\Term 5\CCS\RAG_Project\Haryana_PMJAY_Policy_Guidelines\3rd OM on Covid-19, mandating tests -4.pdf","C:\Users\rahma\OneDrive - Indian Institute of Management\Desktop\Term 5\CCS\RAG_Project\Healthcare_Master\3rd OM on Covid-19, mandating tests -4.pdf","Haryana_PMJAY_Policy_Guidelines","AD967147C6F06A36A20DC5F0A9F394C8918E062E414421F528FF8EEDAF2981C1","Copied"
"5th OM COVID-19 - 5.pdf","C:\Users\rahma\OneDrive - Indian Institute of Management\Desktop\Term 5\CCS\RAG_Project\Haryana_PMJAY_Policy_Guidelines\5th OM COVID-19 - 5.pdf","C:\Users\rahma\OneDrive - Indian Institute of Management\Desktop\Term 5\CCS\RAG_Project\Healthcare_Master\5th OM COVID-19 - 5.pdf","Haryana_PMJAY_Policy_Guidelines","9029A6C89E261E01B69C35C14437FA48E7E3F2A4AA307F21F60FE1284EDF0A56","Copied"
"Advisory on MTD for the Selection of Implementation Support Agency (ISA) Volume I.pdf","C:\Users\rahma\OneDrive - Indian Institute of Management\Desktop\Term 5\CCS\RAG_Project\Haryana_PMJAY_Policy_Guidelines\Advisory on MTD for the Selection of Implementation Support Agency (ISA) Volume I.pdf","C:\Users\rahma\OneDrive - Indian Institute of Management\Desktop\Term 5\CCS\RAG_Project\Healthcare_Master\Advisory on MTD for the Selection of Implementation Support Agency (ISA) Volume I.pdf","Haryana_PMJAY_Policy_Guidelines","5B59213682332F92EF394D147981C2EBBA1C338CCCACDD9FFF09E80BCF0DB8C6","Copied"
"Annexure I Pre-Authorization Form.pdf","C:\Users\rahma\OneDrive - Indian Institute of Management\Desktop\Term 5\CCS\RAG_Project\Haryana_PMJAY_Policy_Guidelines\Annexure I Pre-Authorization Form.pdf","C:\Users\rahma\OneDrive - Indian Institute of Management\Desktop\Term 5\CCS\RAG_Project\Healthcare_Master\Annexure I Pre-Authorization Form.pdf","Haryana_PMJAY_Policy_Guidelines","A1994B0A8ADE3DA3AAF20E9028B5E3D9D152FA80946DF0CF374D92E568E7A8EF","Copied"
"Annexure II - Discharge Summary.pdf","C:\Users\rahma\OneDrive - Indian Institute of Management\Desktop\Term 5\CCS\RAG_Project\Haryana_PMJAY_Policy_Guidelines\Annexure II - Discharge Summary.pdf","C:\Users\rahma\OneDrive - Indian Institute of Management\Desktop\Term 5\CCS\RAG_Project\Healthcare_Master\Annexure II - Discharge Summary.pdf","Haryana_PMJAY_Policy_Guidelines","9E5D72B844A31DFD4147BA9DBE156FECD35A14DB4A1A6985CDB293AB02CFEC0F","Copied"
"Anti Fraud Guidelines.pdf","C:\Users\rahma\OneDrive - Indian Institute of Management\Desktop\Term 5\CCS\RAG_Project\Haryana_PMJAY_Policy_Guidelines\Anti Fraud Guidelines.pdf","C:\Users\rahma\OneDrive - Indian Institute of Management\Desktop\Term 5\CCS\RAG_Project\Healthcare_Master\Anti Fraud Guidelines.pdf","Haryana_PMJAY_Policy_Guidelines","F15965ACC70AB1620BA4E462F3A8047416EEE944BB1B8D7CAE9D10D5D1DA8E4C","Copied"
"Assurance Model Download.pdf","C:\Users\rahma\OneDrive - Indian Institute of Management\Desktop\Term 5\CCS\RAG_Project\Haryana_PMJAY_Policy_Guidelines\Assurance Model Download.pdf","C:\Users\rahma\OneDrive - Indian Institute of Management\Desktop\Term 5\CCS\RAG_Project\Healthcare_Master\Assurance Model Download.pdf","Haryana_PMJAY_Policy_Guidelines","586614E5159B06C64B2778E782DFAFA428201C5127DECD181D9CE7014C40E741","Copied"
"Background note.pdf","C:\Users\rahma\OneDrive - Indian Institute of Management\Desktop\Term 5\CCS\RAG_Project\Haryana_PMJAY_Policy_Guidelines\Background note.pdf","C:\Users\rahma\OneDrive - Indian Institute of Management\Desktop\Term 5\CCS\RAG_Project\Healthcare_Master\Background note.pdf","Haryana_PMJAY_Policy_Guidelines","527E88E37D6935C5C7A103BD33B1B22B22412CD86F8EBB7AF7C583BDAE580ECD","Copied"
"BIS - Guidelines on disabling BIS e-Card.pdf","C:\Users\rahma\OneDrive - Indian Institute of Management\Desktop\Term 5\CCS\RAG_Project\Haryana_PMJAY_Policy_Guidelines\BIS - Guidelines on disabling BIS e-Card.pdf","C:\Users\rahma\OneDrive - Indian Institute of Management\Desktop\Term 5\CCS\RAG_Project\Healthcare_Master\BIS - Guidelines on disabling BIS e-Card.pdf","Haryana_PMJAY_Policy_Guidelines","94E5E56987AE17907B46D7873051B510B38A3E5AC05635B7ABE5FB2BF1D28465","Copied"
"Capacity Building Guideline.pdf","C:\Users\rahma\OneDrive - Indian Institute of Management\Desktop\Term 5\CCS\RAG_Project\Haryana_PMJAY_Policy_Guidelines\Capacity Building Guideline.pdf","C:\Users\rahma\OneDrive - Indian Institute of Management\Desktop\Term 5\CCS\RAG_Project\Healthcare_Master\Capacity Building Guideline.pdf","Haryana_PMJAY_Policy_Guidelines","D0CD4ED7AB98CA3BC7BC8593D43450953F28BB11348B1846883C37DE9B7D1584","Copied"
"Checklist for District Collectors_Coordinators.pdf","C:\Users\rahma\OneDrive - Indian Institute of Management\Desktop\Term 5\CCS\RAG_Project\Haryana_PMJAY_Policy_Guidelines\Checklist for District Collectors_Coordinators.pdf","C:\Users\rahma\OneDrive - Indian Institute of Management\Desktop\Term 5\CCS\RAG_Project\Healthcare_Master\Checklist for District Collectors_Coordinators.pdf","Haryana_PMJAY_Policy_Guidelines","0F337E64FCB2F9069F185C037B10582D040EDE76BBCF4B482A985C55106054EC","Copied"
"Checklist for State Secretaries.pdf","C:\Users\rahma\OneDrive - Indian Institute of Management\Desktop\Term 5\CCS\RAG_Project\Haryana_PMJAY_Policy_Guidelines\Checklist for State Secretaries.pdf","C:\Users\rahma\OneDrive - Indian Institute of Management\Desktop\Term 5\CCS\RAG_Project\Healthcare_Master\Checklist for State Secretaries.pdf","Haryana_PMJAY_Policy_Guidelines","CB912EED2970AE88453FC95A19DD09ACDE31F652043891A78A4144938287A98A","Copied"
"Checklist for ULB_Ward Nodal Officers.pdf","C:\Users\rahma\OneDrive - Indian Institute of Management\Desktop\Term 5\CCS\RAG_Project\Haryana_PMJAY_Policy_Guidelines\Checklist for ULB_Ward Nodal Officers.pdf","C:\Users\rahma\OneDrive - Indian Institute of Management\Desktop\Term 5\CCS\RAG_Project\Healthcare_Master\Checklist for ULB_Ward Nodal Officers.pdf","Haryana_PMJAY_Policy_Guidelines","D54DC136F10FD7332640540D7670EFD068E590319EAAAD835F4086AD6E24EACC","Copied"
"Download this Document.pdf","C:\Users\rahma\OneDrive - Indian Institute of Management\Desktop\Term 5\CCS\RAG_Project\Haryana_PMJAY_Policy_Guidelines\Download this Document.pdf","C:\Users\rahma\OneDrive - Indian Institute of Management\Desktop\Term 5\CCS\RAG_Project\Healthcare_Master\Download this Document.pdf","Haryana_PMJAY_Policy_Guidelines","01466D90108C988EF60202060D972EF3FF8A7E8B2D91127A0D98434F5BB1E226","Copied"
"Download.pdf","C:\Users\rahma\OneDrive - Indian Institute of Management\Desktop\Term 5\CCS\RAG_Project\Haryana_PMJAY_Policy_Guidelines\Download.pdf","C:\Users\rahma\OneDrive - Indian Institute of Management\Desktop\Term 5\CCS\RAG_Project\Healthcare_Master\Download.pdf","Haryana_PMJAY_Policy_Guidelines","ABCF388609476F82ED69098BF59FD6EB3DCA5A50381859F63EE3DECAE46307B6","Copied"
"Escrow Bank Account Guidelines.pdf","C:\Users\rahma\OneDrive - Indian Institute of Management\Desktop\Term 5\CCS\RAG_Project\Haryana_PMJAY_Policy_Guidelines\Escrow Bank Account Guidelines.pdf","C:\Users\rahma\OneDrive - Indian Institute of Management\Desktop\Term 5\CCS\RAG_Project\Healthcare_Master\Escrow Bank Account Guidelines.pdf","Haryana_PMJAY_Policy_Guidelines","2D3BEFA443DFA8D66E5A8AF2993527167DF5780549591EFE5CEF0DA6044C6E03","Copied"
"Guidelines for Additional Collection Drive in Urban Area.pdf","C:\Users\rahma\OneDrive - Indian Institute of Management\Desktop\Term 5\CCS\RAG_Project\Haryana_PMJAY_Policy_Guidelines\Guidelines for Additional Collection Drive in Urban Area.pdf","C:\Users\rahma\OneDrive - Indian Institute of Management\Desktop\Term 5\CCS\RAG_Project\Healthcare_Master\Guidelines for Additional Collection Drive in Urban Area.pdf","Haryana_PMJAY_Policy_Guidelines","E4BD5F08F20B8D966AB9090053BED577A9F36E2908FD1F87A2F0894007175110","Copied"
"Guidelines for Ayushman Mitra.pdf","C:\Users\rahma\OneDrive - Indian Institute of Management\Desktop\Term 5\CCS\RAG_Project\Haryana_PMJAY_Policy_Guidelines\Guidelines for Ayushman Mitra.pdf","C:\Users\rahma\OneDrive - Indian Institute of Management\Desktop\Term 5\CCS\RAG_Project\Healthcare_Master\Guidelines for Ayushman Mitra.pdf","Haryana_PMJAY_Policy_Guidelines","20968CD64EE9B2B0A60E3639AD87E3CA7426FF20232D27F689A73CBFF3767F09","Copied"
"Guidelines for Claim Amount Utilisation by Public Hospitals.pdf","C:\Users\rahma\OneDrive - Indian Institute of Management\Desktop\Term 5\CCS\RAG_Project\Haryana_PMJAY_Policy_Guidelines\Guidelines for Claim Amount Utilisation by Public Hospitals.pdf","C:\Users\rahma\OneDrive - Indian Institute of Management\Desktop\Term 5\CCS\RAG_Project\Healthcare_Master\Guidelines for Claim Amount Utilisation by Public Hospitals.pdf","Haryana_PMJAY_Policy_Guidelines","A7CEE13AC59D54431A699294870DCDF5332CBC0167D80CD2218C750BA181BBED","Copied"
"Guidelines for Grievance Redressal.pdf","C:\Users\rahma\OneDrive - Indian Institute of Management\Desktop\Term 5\CCS\RAG_Project\Haryana_PMJAY_Policy_Guidelines\Guidelines for Grievance Redressal.pdf","C:\Users\rahma\OneDrive - Indian Institute of Management\Desktop\Term 5\CCS\RAG_Project\Healthcare_Master\Guidelines for Grievance Redressal.pdf","Haryana_PMJAY_Policy_Guidelines","3F539D9F23F7A51C27C7115D024713A835806740BAF74CEF61255B5EA15697D1","Copied"
"Guidelines for Portability of Services.pdf","C:\Users\rahma\OneDrive - Indian Institute of Management\Desktop\Term 5\CCS\RAG_Project\Haryana_PMJAY_Policy_Guidelines\Guidelines for Portability of Services.pdf","C:\Users\rahma\OneDrive - Indian Institute of Management\Desktop\Term 5\CCS\RAG_Project\Healthcare_Master\Guidelines for Portability of Services.pdf","Haryana_PMJAY_Policy_Guidelines","7ED0A5CBF95AF78572BCA92B2838CC7205063754C84CDB24842A11FC3FA9E3CE","Copied"
"Guidelines for usage of Software in Poor Connectivity Scenarios.pdf","C:\Users\rahma\OneDrive - Indian Institute of Management\Desktop\Term 5\CCS\RAG_Project\Haryana_PMJAY_Policy_Guidelines\Guidelines for usage of Software in Poor Connectivity Scenarios.pdf","C:\Users\rahma\OneDrive - Indian Institute of Management\Desktop\Term 5\CCS\RAG_Project\Healthcare_Master\Guidelines for usage of Software in Poor Connectivity Scenarios.pdf","Haryana_PMJAY_Policy_Guidelines","BAD078A2DAF81A8E7C11B9F31D8770C4A7ACA8A88CDA52FCE47D8C9331D5ADE7","Copied"
"Guidelines for Young Professional Program.pdf","C:\Users\rahma\OneDrive - Indian Institute of Management\Desktop\Term 5\CCS\RAG_Project\Haryana_PMJAY_Policy_Guidelines\Guidelines for Young Professional Program.pdf","C:\Users\rahma\OneDrive - Indian Institute of Management\Desktop\Term 5\CCS\RAG_Project\Healthcare_Master\Guidelines for Young Professional Program.pdf","Haryana_PMJAY_Policy_Guidelines","F27288126EA998C1732467708151D6249DD671CED41C8CCDA1004626F6CFF539","Copied"
"Guidelines on Claim Settlement.pdf","C:\Users\rahma\OneDrive - Indian Institute of Management\Desktop\Term 5\CCS\RAG_Project\Haryana_PMJAY_Policy_Guidelines\Guidelines on Claim Settlement.pdf","C:\Users\rahma\OneDrive - Indian Institute of Management\Desktop\Term 5\CCS\RAG_Project\Healthcare_Master\Guidelines on Claim Settlement.pdf","Haryana_PMJAY_Policy_Guidelines","6B5C940D51F7CD709BFD20FD62F550D641DAA94943839AEAD1C5EF6034081490","Copied"
"Guidelines on Formation of State Health Agency and District Implementation Unit.pdf","C:\Users\rahma\OneDrive - Indian Institute of Management\Desktop\Term 5\CCS\RAG_Project\Haryana_PMJAY_Policy_Guidelines\Guidelines on Formation of State Health Agency and District Implementation Unit.pdf","C:\Users\rahma\OneDrive - Indian Institute of Management\Desktop\Term 5\CCS\RAG_Project\Healthcare_Master\Guidelines on Formation of State Health Agency and District Implementation Unit.pdf","Haryana_PMJAY_Policy_Guidelines","EECDECD196A868C040512097D2DF502FB5DE0AA99271330629413BDB0ED5AFED","Copied"
"Guidelines on Process for Hospital Transaction.pdf","C:\Users\rahma\OneDrive - Indian Institute of Management\Desktop\Term 5\CCS\RAG_Project\Haryana_PMJAY_Policy_Guidelines\Guidelines on Process for Hospital Transaction.pdf","C:\Users\rahma\OneDrive - Indian Institute of Management\Desktop\Term 5\CCS\RAG_Project\Healthcare_Master\Guidelines on Process for Hospital Transaction.pdf","Haryana_PMJAY_Policy_Guidelines","F74F79F1D7D3564E7CDBA5CD2CAB68185D99032AAE0D980393B5503FC5A5585E","Copied"
"Guidelines on Process of Beneficiary Identification.pdf","C:\Users\rahma\OneDrive - Indian Institute of Management\Desktop\Term 5\CCS\RAG_Project\Haryana_PMJAY_Policy_Guidelines\Guidelines on Process of Beneficiary Identification.pdf","C:\Users\rahma\OneDrive - Indian Institute of Management\Desktop\Term 5\CCS\RAG_Project\Healthcare_Master\Guidelines on Process of Beneficiary Identification.pdf","Haryana_PMJAY_Policy_Guidelines","5CE0137307176A67E883D063BFE14AB62CD18F081C1AEC6DDBB2B323DEDD9B62","Copied"
"Guidelines on Process of Empanelment for Hospital.pdf","C:\Users\rahma\OneDrive - Indian Institute of Management\Desktop\Term 5\CCS\RAG_Project\Haryana_PMJAY_Policy_Guidelines\Guidelines on Process of Empanelment for Hospital.pdf","C:\Users\rahma\OneDrive - Indian Institute of Management\Desktop\Term 5\CCS\RAG_Project\Healthcare_Master\Guidelines on Process of Empanelment for Hospital.pdf","Haryana_PMJAY_Policy_Guidelines","254F18656022FC40E969912EC00AF287C995D010DB99D11ECE0A67498C4B5893","Copied"
"Guidelines on Release of Premium and Escrow account.pdf","C:\Users\rahma\OneDrive - Indian Institute of Management\Desktop\Term 5\CCS\RAG_Project\Haryana_PMJAY_Policy_Guidelines\Guidelines on Release of Premium and Escrow account.pdf","C:\Users\rahma\OneDrive - Indian Institute of Management\Desktop\Term 5\CCS\RAG_Project\Healthcare_Master\Guidelines on Release of Premium and Escrow account.pdf","Haryana_PMJAY_Policy_Guidelines","6276439CE424270FAC79740D99C218527F513A9F6B6F5388EA856058FB8CBFFF","Copied"
"Guidelines on Security & Privacy.pdf","C:\Users\rahma\OneDrive - Indian Institute of Management\Desktop\Term 5\CCS\RAG_Project\Haryana_PMJAY_Policy_Guidelines\Guidelines on Security & Privacy.pdf","C:\Users\rahma\OneDrive - Indian Institute of Management\Desktop\Term 5\CCS\RAG_Project\Healthcare_Master\Guidelines on Security & Privacy.pdf","Haryana_PMJAY_Policy_Guidelines","E07B9DAC71077FD8EEFA08A644E26C81FA6158E7D35A23A0B36E97CC0EA67595","Copied"
"Insurance Model Download.pdf","C:\Users\rahma\OneDrive - Indian Institute of Management\Desktop\Term 5\CCS\RAG_Project\Haryana_PMJAY_Policy_Guidelines\Insurance Model Download.pdf","C:\Users\rahma\OneDrive - Indian Institute of Management\Desktop\Term 5\CCS\RAG_Project\Healthcare_Master\Insurance Model Download.pdf","Haryana_PMJAY_Policy_Guidelines","D4E41F8FFEDF56927B9DDC8A51197BBA1A06F813AA3EFD7E1F2BCF0DC879C428","Copied"
"Model agreement between Empanelled Healthcare Provider, SHA and insurer or ISA.pdf","C:\Users\rahma\OneDrive - Indian Institute of Management\Desktop\Term 5\CCS\RAG_Project\Haryana_PMJAY_Policy_Guidelines\Model agreement between Empanelled Healthcare Provider, SHA and insurer or ISA.pdf","C:\Users\rahma\OneDrive - Indian Institute of Management\Desktop\Term 5\CCS\RAG_Project\Healthcare_Master\Model agreement between Empanelled Healthcare Provider, SHA and insurer or ISA.pdf","Haryana_PMJAY_Policy_Guidelines","6E4B35E07AA04E703CD3CAF606ABE93CE632FF987F52B6AC554A0599206E1877","Copied"
"Model Tender Document for ISA Volume I.pdf","C:\Users\rahma\OneDrive - Indian Institute of Management\Desktop\Term 5\CCS\RAG_Project\Haryana_PMJAY_Policy_Guidelines\Model Tender Document for ISA Volume I.pdf","C:\Users\rahma\OneDrive - Indian Institute of Management\Desktop\Term 5\CCS\RAG_Project\Healthcare_Master\Model Tender Document for ISA Volume I.pdf","Haryana_PMJAY_Policy_Guidelines","B83650D4897B1F87B50A833840D0E0104E138482066410B10774F874ACF7A225","Copied"
"Model Tender Document for ISA Volume II.pdf","C:\Users\rahma\OneDrive - Indian Institute of Management\Desktop\Term 5\CCS\RAG_Project\Haryana_PMJAY_Policy_Guidelines\Model Tender Document for ISA Volume II.pdf","C:\Users\rahma\OneDrive - Indian Institute of Management\Desktop\Term 5\CCS\RAG_Project\Healthcare_Master\Model Tender Document for ISA Volume II.pdf","Haryana_PMJAY_Policy_Guidelines","983272D61723FD7CA37EB489032558A292C5DEFEFA6AEE5648ECDF3B3B16B42E","Copied"
"Model Tender Document for ISA Volume III version 2.0.pdf","C:\Users\rahma\OneDrive - Indian Institute of Management\Desktop\Term 5\CCS\RAG_Project\Haryana_PMJAY_Policy_Guidelines\Model Tender Document for ISA Volume III version 2.0.pdf","C:\Users\rahma\OneDrive - Indian Institute of Management\Desktop\Term 5\CCS\RAG_Project\Healthcare_Master\Model Tender Document for ISA Volume III version 2.0.pdf","Haryana_PMJAY_Policy_Guidelines","5481D48431E55BCDA54389B3E89F2E81CA7467B20BA0DE3BEF4FE260FE3EFAA3","Copied"
"Model Tender Document for Selection of Insurance Company for the implementation of Ayushman Bharat - Vol I.pdf","C:\Users\rahma\OneDrive - Indian Institute of Management\Desktop\Term 5\CCS\RAG_Project\Haryana_PMJAY_Policy_Guidelines\Model Tender Document for Selection of Insurance Company for the implementation of Ayushman Bharat - Vol I.pdf","C:\Users\rahma\OneDrive - Indian Institute of Management\Desktop\Term 5\CCS\RAG_Project\Healthcare_Master\Model Tender Document for Selection of Insurance Company for the implementation of Ayushman Bharat - Vol I.pdf","Haryana_PMJAY_Policy_Guidelines","31B72026D9AD018C37B8CFA04EB8C4F38F72C54220ACC3D4B1F4D22237878A6E","Copied"
"Model Tender Document for Selection of Insurance Company for the implementation of Ayushman Bharat - Vol II.pdf","C:\Users\rahma\OneDrive - Indian Institute of Management\Desktop\Term 5\CCS\RAG_Project\Haryana_PMJAY_Policy_Guidelines\Model Tender Document for Selection of Insurance Company for the implementation of Ayushman Bharat - Vol II.pdf","C:\Users\rahma\OneDrive - Indian Institute of Management\Desktop\Term 5\CCS\RAG_Project\Healthcare_Master\Model Tender Document for Selection of Insurance Company for the implementation of Ayushman Bharat - Vol II.pdf","Haryana_PMJAY_Policy_Guidelines","1148C8E8B988993DAB404549D767621EC4E7D345E3CA48D6F409969CE5DAC315","Copied"
"Model Tender Document for Selection of Insurance Company for the implementation of Ayushman Bharat - Vol III.pdf","C:\Users\rahma\OneDrive - Indian Institute of Management\Desktop\Term 5\CCS\RAG_Project\Haryana_PMJAY_Policy_Guidelines\Model Tender Document for Selection of Insurance Company for the implementation of Ayushman Bharat - Vol III.pdf","C:\Users\rahma\OneDrive - Indian Institute of Management\Desktop\Term 5\CCS\RAG_Project\Healthcare_Master\Model Tender Document for Selection of Insurance Company for the implementation of Ayushman Bharat - Vol III.pdf","Haryana_PMJAY_Policy_Guidelines","A6741FAC757C06539D6DBA316C7697124DF76634177151EB33EDCA0294708841","Copied"
"NHA Data Privacy Policy Version 1.0.pdf","C:\Users\rahma\OneDrive - Indian Institute of Management\Desktop\Term 5\CCS\RAG_Project\Haryana_PMJAY_Policy_Guidelines\NHA Data Privacy Policy Version 1.0.pdf","C:\Users\rahma\OneDrive - Indian Institute of Management\Desktop\Term 5\CCS\RAG_Project\Healthcare_Master\NHA Data Privacy Policy Version 1.0.pdf","Haryana_PMJAY_Policy_Guidelines","4762EEF7FDA4E04657803E5A406E76C7BCCE6F37FFC2B87E52A48374F17EC90B","Copied"
"NHA OM - 6.pdf","C:\Users\rahma\OneDrive - Indian Institute of Management\Desktop\Term 5\CCS\RAG_Project\Haryana_PMJAY_Policy_Guidelines\NHA OM - 6.pdf","C:\Users\rahma\OneDrive - Indian Institute of Management\Desktop\Term 5\CCS\RAG_Project\Healthcare_Master\NHA OM - 6.pdf","Haryana_PMJAY_Policy_Guidelines","49346D79097594D8E4CC3977738F302553DAE17F662FF022E5E68D54CB3D2F0D","Copied"
"NHA OM on Covid - 1.pdf","C:\Users\rahma\OneDrive - Indian Institute of Management\Desktop\Term 5\CCS\RAG_Project\Haryana_PMJAY_Policy_Guidelines\NHA OM on Covid - 1.pdf","C:\Users\rahma\OneDrive - Indian Institute of Management\Desktop\Term 5\CCS\RAG_Project\Healthcare_Master\NHA OM on Covid - 1.pdf","Haryana_PMJAY_Policy_Guidelines","9820103A2D33BDFD5320BEE25E7CC97CFC9D513F5A2F72319D03279919A051C0","Copied"
"NHA Volunteer Guidelines.pdf","C:\Users\rahma\OneDrive - Indian Institute of Management\Desktop\Term 5\CCS\RAG_Project\Haryana_PMJAY_Policy_Guidelines\NHA Volunteer Guidelines.pdf","C:\Users\rahma\OneDrive - Indian Institute of Management\Desktop\Term 5\CCS\RAG_Project\Healthcare_Master\NHA Volunteer Guidelines.pdf","Haryana_PMJAY_Policy_Guidelines","DC28EF1442CDADB1F08D9D0156DC08A4D48AF6DA809A19D6C63CA6D45C72A25C","Copied"
"OM Dt. 1 Dec - 2.pdf","C:\Users\rahma\OneDrive - Indian Institute of Management\Desktop\Term 5\CCS\RAG_Project\Haryana_PMJAY_Policy_Guidelines\OM Dt. 1 Dec - 2.pdf","C:\Users\rahma\OneDrive - Indian Institute of Management\Desktop\Term 5\CCS\RAG_Project\Healthcare_Master\OM Dt. 1 Dec - 2.pdf","Haryana_PMJAY_Policy_Guidelines","D89CD08816A211950F88B43124DB346D4DFFC111C52509EFE72BDCEF04D96BF4","Copied"
"PM-JAY Process Flow at Empanelled Hospitals.pdf","C:\Users\rahma\OneDrive - Indian Institute of Management\Desktop\Term 5\CCS\RAG_Project\Haryana_PMJAY_Policy_Guidelines\PM-JAY Process Flow at Empanelled Hospitals.pdf","C:\Users\rahma\OneDrive - Indian Institute of Management\Desktop\Term 5\CCS\RAG_Project\Healthcare_Master\PM-JAY Process Flow at Empanelled Hospitals.pdf","Haryana_PMJAY_Policy_Guidelines","CBC16B040F2EA830609C8923445BEE2DDB59E6A266ED7CA048F5001A09E65506","Copied"
"Posters for Urban Additional Data Collection Drive.pdf","C:\Users\rahma\OneDrive - Indian Institute of Management\Desktop\Term 5\CCS\RAG_Project\Haryana_PMJAY_Policy_Guidelines\Posters for Urban Additional Data Collection Drive.pdf","C:\Users\rahma\OneDrive - Indian Institute of Management\Desktop\Term 5\CCS\RAG_Project\Healthcare_Master\Posters for Urban Additional Data Collection Drive.pdf","Haryana_PMJAY_Policy_Guidelines","EF62D4922925E5D9767BC7F105BE7902C91794FACAA0D0C946B01E19C6CB3242","Copied"
"Presentation.pdf","C:\Users\rahma\OneDrive - Indian Institute of Management\Desktop\Term 5\CCS\RAG_Project\Haryana_PMJAY_Policy_Guidelines\Presentation.pdf","C:\Users\rahma\OneDrive - Indian Institute of Management\Desktop\Term 5\CCS\RAG_Project\Healthcare_Master\Presentation.pdf","Haryana_PMJAY_Policy_Guidelines","A78B2DB4F42DA9B611E9205A45C48EF05ECE8EB017AEC2BE6D7B96829A968463","Copied"
"Release of Grant in Aid-Trust Mode.pdf","C:\Users\rahma\OneDrive - Indian Institute of Management\Desktop\Term 5\CCS\RAG_Project\Haryana_PMJAY_Policy_Guidelines\Release of Grant in Aid-Trust Mode.pdf","C:\Users\rahma\OneDrive - Indian Institute of Management\Desktop\Term 5\CCS\RAG_Project\Healthcare_Master\Release of Grant in Aid-Trust Mode.pdf","Haryana_PMJAY_Policy_Guidelines","3B9ECEF4AEE30C4C3F6298ABDFDA80828A5AFCAD610939F42F55458D99D2BFDA","Copied"
"Volunteer Application Form.pdf","C:\Users\rahma\OneDrive - Indian Institute of Management\Desktop\Term 5\CCS\RAG_Project\Haryana_PMJAY_Policy_Guidelines\Volunteer Application Form.pdf","C:\Users\rahma\OneDrive - Indian Institute of Management\Desktop\Term 5\CCS\RAG_Project\Healthcare_Master\Volunteer Application Form.pdf","Haryana_PMJAY_Policy_Guidelines","A75AD516EE62A9625D071021E845BBB5E2374E5BDAA2F50FE1B7473D5861E26C","Copied"
"(i) A Manual for Medical Officer_a7094f89.pdf","C:\Users\rahma\OneDrive - Indian Institute of Management\Desktop\Term 5\CCS\RAG_Project\Healthcare_Clinical_Establishments\(i) A Manual for Medical Officer_a7094f89.pdf","C:\Users\rahma\OneDrive - Indian Institute of Management\Desktop\Term 5\CCS\RAG_Project\Healthcare_Master\(i) A Manual for Medical Officer_a7094f89.pdf","Healthcare_Clinical_Establishments","F45A65F2404FDCFCBCF5C3D943942AF81C2662D13FA6C34EC77F8C6017ACB181","Copied"
"(i) Case Management of Acute Encephalitis Syndrome _ J. E_078954f7.pdf","C:\Users\rahma\OneDrive - Indian Institute of Management\Desktop\Term 5\CCS\RAG_Project\Healthcare_Clinical_Establishments\(i) Case Management of Acute Encephalitis Syndrome _ J. E_078954f7.pdf","C:\Users\rahma\OneDrive - Indian Institute of Management\Desktop\Term 5\CCS\RAG_Project\Healthcare_Master\(i) Case Management of Acute Encephalitis Syndrome _ J. E_078954f7.pdf","Healthcare_Clinical_Establishments","56E38290807AD972F917C56FF5B5B7B525078DAA08C79FF8101530288D977B7E","Copied"
"(i) Dental Caries and Periodontitis_3d17f785.pdf","C:\Users\rahma\OneDrive - Indian Institute of Management\Desktop\Term 5\CCS\RAG_Project\Healthcare_Clinical_Establishments\(i) Dental Caries and Periodontitis_3d17f785.pdf","C:\Users\rahma\OneDrive - Indian Institute of Management\Desktop\Term 5\CCS\RAG_Project\Healthcare_Master\(i) Dental Caries and Periodontitis_3d17f785.pdf","Healthcare_Clinical_Establishments","4116B18E1FD65F3A8963408581968FBCF173B8C4DBCC18219DDF1BC71CBC4A01","Copied"
"(i) Management of Common Mental Disorders_5484a005.pdf","C:\Users\rahma\OneDrive - Indian Institute of Management\Desktop\Term 5\CCS\RAG_Project\Healthcare_Clinical_Establishments\(i) Management of Common Mental Disorders_5484a005.pdf","C:\Users\rahma\OneDrive - Indian Institute of Management\Desktop\Term 5\CCS\RAG_Project\Healthcare_Master\(i) Management of Common Mental Disorders_5484a005.pdf","Healthcare_Clinical_Establishments","1DEB5865E6772159E3F929A51461F402E697520BD20172F71248859726A011D7","Copied"
"(i) National Guidelines Diagnosis, Case Management Prevention and Control of Leptospirosis_ff8e25ab.pdf","C:\Users\rahma\OneDrive - Indian Institute of Management\Desktop\Term 5\CCS\RAG_Project\Healthcare_Clinical_Establishments\(i) National Guidelines Diagnosis, Case Management Prevention and Control of Leptospirosis_ff8e25ab.pdf","C:\Users\rahma\OneDrive - Indian Institute of Management\Desktop\Term 5\CCS\RAG_Project\Healthcare_Master\(i) National Guidelines Diagnosis, Case Management Prevention and Control of Leptospirosis_ff8e25ab.pdf","Healthcare_Clinical_Establishments","A5B69959502DF4A7E4FE43804E1F049B8B0D2C6812B673528FECE74CD2B58A2E","Copied"
"(i) National Guidelines on Rabies Prophylaxis_9d94c034.pdf","C:\Users\rahma\OneDrive - Indian Institute of Management\Desktop\Term 5\CCS\RAG_Project\Healthcare_Clinical_Establishments\(i) National Guidelines on Rabies Prophylaxis_9d94c034.pdf","C:\Users\rahma\OneDrive - Indian Institute of Management\Desktop\Term 5\CCS\RAG_Project\Healthcare_Master\(i) National Guidelines on Rabies Prophylaxis_9d94c034.pdf","Healthcare_Clinical_Establishments","C8C6CB6C88AA0377EA6C5CB114AEA8ADC12349290A01E81C60F7193AC2CF9951","Copied"
"(i) Pre-operative, Operative and Post-operative precautions for Eye Surgery_6ae48a4d.pdf","C:\Users\rahma\OneDrive - Indian Institute of Management\Desktop\Term 5\CCS\RAG_Project\Healthcare_Clinical_Establishments\(i) Pre-operative, Operative and Post-operative precautions for Eye Surgery_6ae48a4d.pdf","C:\Users\rahma\OneDrive - Indian Institute of Management\Desktop\Term 5\CCS\RAG_Project\Healthcare_Master\(i) Pre-operative, Operative and Post-operative precautions for Eye Surgery_6ae48a4d.pdf","Healthcare_Clinical_Establishments","55EE44A2283130395B26812E7EDDE602FD2B9BDA3F5D1A4FE858B876EECD687D","Copied"
"(i) Prevention and Management of Burn Injuries_8f52adf1.pdf","C:\Users\rahma\OneDrive - Indian Institute of Management\Desktop\Term 5\CCS\RAG_Project\Healthcare_Clinical_Establishments\(i) Prevention and Management of Burn Injuries_8f52adf1.pdf","C:\Users\rahma\OneDrive - Indian Institute of Management\Desktop\Term 5\CCS\RAG_Project\Healthcare_Master\(i) Prevention and Management of Burn Injuries_8f52adf1.pdf","Healthcare_Clinical_Establishments","B2798CE89337B0F807B34AA46AC19068754977C0A0C9B095C7EC11E23D60A4C2","Copied"
"(i) Prevention, Management and control of RTI & STI_448ca091.pdf","C:\Users\rahma\OneDrive - Indian Institute of Management\Desktop\Term 5\CCS\RAG_Project\Healthcare_Clinical_Establishments\(i) Prevention, Management and control of RTI & STI_448ca091.pdf","C:\Users\rahma\OneDrive - Indian Institute of Management\Desktop\Term 5\CCS\RAG_Project\Healthcare_Master\(i) Prevention, Management and control of RTI & STI_448ca091.pdf","Healthcare_Clinical_Establishments","298C574E0B38154020DE41F6675B2B1AFCB847A343787E939CE5C4413C5BA869","Copied"
"(i) Standards for TB Care in India_3ea6ec68.pdf","C:\Users\rahma\OneDrive - Indian Institute of Management\Desktop\Term 5\CCS\RAG_Project\Healthcare_Clinical_Establishments\(i) Standards for TB Care in India_3ea6ec68.pdf","C:\Users\rahma\OneDrive - Indian Institute of Management\Desktop\Term 5\CCS\RAG_Project\Healthcare_Master\(i) Standards for TB Care in India_3ea6ec68.pdf","Healthcare_Clinical_Establishments","39A1E8530DEA238F0219284771EBBA2EEF4796596F1D46CEEECA71BC736C7C8F","Copied"
"(i) Training Manual for Medical officer_425cf695.pdf","C:\Users\rahma\OneDrive - Indian Institute of Management\Desktop\Term 5\CCS\RAG_Project\Healthcare_Clinical_Establishments\(i) Training Manual for Medical officer_425cf695.pdf","C:\Users\rahma\OneDrive - Indian Institute of Management\Desktop\Term 5\CCS\RAG_Project\Healthcare_Master\(i) Training Manual for Medical officer_425cf695.pdf","Healthcare_Clinical_Establishments","7482844E1C1467C8003A02D6F8294589D5CBABE1E62979712BEB944D169D683F","Copied"
"(ii) Diagnosis and treatment of Malaria_1b64ed9a.pdf","C:\Users\rahma\OneDrive - Indian Institute of Management\Desktop\Term 5\CCS\RAG_Project\Healthcare_Clinical_Establishments\(ii) Diagnosis and treatment of Malaria_1b64ed9a.pdf","C:\Users\rahma\OneDrive - Indian Institute of Management\Desktop\Term 5\CCS\RAG_Project\Healthcare_Master\(ii) Diagnosis and treatment of Malaria_1b64ed9a.pdf","Healthcare_Clinical_Establishments","3F6E8F9435CBE3671F70AA8EA8C47C18BCD8BE23AFDF180A8021EDB1C914A766","Copied"
"(ii) Disability Prevention & Medical Rehabilitation_cd9e5e1d.pdf","C:\Users\rahma\OneDrive - Indian Institute of Management\Desktop\Term 5\CCS\RAG_Project\Healthcare_Clinical_Establishments\(ii) Disability Prevention & Medical Rehabilitation_cd9e5e1d.pdf","C:\Users\rahma\OneDrive - Indian Institute of Management\Desktop\Term 5\CCS\RAG_Project\Healthcare_Master\(ii) Disability Prevention & Medical Rehabilitation_cd9e5e1d.pdf","Healthcare_Clinical_Establishments","CF79605CDAE2A9157EB4520627A33C197A1E7EB7987718C72E7E26F7A0A87CCE","Copied"
"(ii) Guidelines for Prevention and Control of Fluorosis_13f59c0f.pdf","C:\Users\rahma\OneDrive - Indian Institute of Management\Desktop\Term 5\CCS\RAG_Project\Healthcare_Clinical_Establishments\(ii) Guidelines for Prevention and Control of Fluorosis_13f59c0f.pdf","C:\Users\rahma\OneDrive - Indian Institute of Management\Desktop\Term 5\CCS\RAG_Project\Healthcare_Master\(ii) Guidelines for Prevention and Control of Fluorosis_13f59c0f.pdf","Healthcare_Clinical_Establishments","EE0D962FE0958749E7427195F6C268C62E810FFF7E4AE14917F1C5F5E32064BB","Copied"
"(ii) Management of Common Ear Conditions_432b3107.pdf","C:\Users\rahma\OneDrive - Indian Institute of Management\Desktop\Term 5\CCS\RAG_Project\Healthcare_Clinical_Establishments\(ii) Management of Common Ear Conditions_432b3107.pdf","C:\Users\rahma\OneDrive - Indian Institute of Management\Desktop\Term 5\CCS\RAG_Project\Healthcare_Master\(ii) Management of Common Ear Conditions_432b3107.pdf","Healthcare_Clinical_Establishments","0E49EB2058115FABA67F2C6A5548E9D70E97150E4B2A161179143E888E63BCF0","Copied"
"(iii) Filariasis control in India and Its Elimination_bbec7cd6.pdf","C:\Users\rahma\OneDrive - Indian Institute of Management\Desktop\Term 5\CCS\RAG_Project\Healthcare_Clinical_Establishments\(iii) Filariasis control in India and Its Elimination_bbec7cd6.pdf","C:\Users\rahma\OneDrive - Indian Institute of Management\Desktop\Term 5\CCS\RAG_Project\Healthcare_Master\(iii) Filariasis control in India and Its Elimination_bbec7cd6.pdf","Healthcare_Clinical_Establishments","BFAABE67DAC15DB640A4A628C32FF08D84C355F11B8775597EA6DFA1BEBC9D85","Copied"
"(iv) Chikungunya Fever_f1de1a20.pdf","C:\Users\rahma\OneDrive - Indian Institute of Management\Desktop\Term 5\CCS\RAG_Project\Healthcare_Clinical_Establishments\(iv) Chikungunya Fever_f1de1a20.pdf","C:\Users\rahma\OneDrive - Indian Institute of Management\Desktop\Term 5\CCS\RAG_Project\Healthcare_Master\(iv) Chikungunya Fever_f1de1a20.pdf","Healthcare_Clinical_Establishments","7D958B7ABB7C4942AE2B0C4020DFFC29D4A3F4757E215D51B2FE29CF5EA76746","Copied"
"(v) Road Map for Kala-Azar Elimination_446871ba.pdf","C:\Users\rahma\OneDrive - Indian Institute of Management\Desktop\Term 5\CCS\RAG_Project\Healthcare_Clinical_Establishments\(v) Road Map for Kala-Azar Elimination_446871ba.pdf","C:\Users\rahma\OneDrive - Indian Institute of Management\Desktop\Term 5\CCS\RAG_Project\Healthcare_Master\(v) Road Map for Kala-Azar Elimination_446871ba.pdf","Healthcare_Clinical_Establishments","D5CE5698AF35C5F9D6E3653AFF504FC814E4B5E21F34B2D907E7747C925E5666","Copied"
"1. Guidelines for Cardiovascular Diseases_db942697.pdf","C:\Users\rahma\OneDrive - Indian Institute of Management\Desktop\Term 5\CCS\RAG_Project\Healthcare_Clinical_Establishments\1. Guidelines for Cardiovascular Diseases_db942697.pdf","C:\Users\rahma\OneDrive - Indian Institute of Management\Desktop\Term 5\CCS\RAG_Project\Healthcare_Master\1. Guidelines for Cardiovascular Diseases_db942697.pdf","Healthcare_Clinical_Establishments","92ED8B17FBE6725D473B4D1E3D64650BC5998CB9636D74CB79A3597A5FA68CAD","Copied"
"10. Guidelines for Medicine (Non Respiratory Medical Conditions)_3c186750.pdf","C:\Users\rahma\OneDrive - Indian Institute of Management\Desktop\Term 5\CCS\RAG_Project\Healthcare_Clinical_Establishments\10. Guidelines for Medicine (Non Respiratory Medical Conditions)_3c186750.pdf","C:\Users\rahma\OneDrive - Indian Institute of Management\Desktop\Term 5\CCS\RAG_Project\Healthcare_Master\10. Guidelines for Medicine (Non Respiratory Medical Conditions)_3c186750.pdf","Healthcare_Clinical_Establishments","82E6FA331475EE062F2F88061A984CFFEF33E9E7DFF02A768315C3BC16EE31B2","Copied"
"11. Guidelines for Paediatrics and Paediatrics Surgery_659795be.pdf","C:\Users\rahma\OneDrive - Indian Institute of Management\Desktop\Term 5\CCS\RAG_Project\Healthcare_Clinical_Establishments\11. Guidelines for Paediatrics and Paediatrics Surgery_659795be.pdf","C:\Users\rahma\OneDrive - Indian Institute of Management\Desktop\Term 5\CCS\RAG_Project\Healthcare_Master\11. Guidelines for Paediatrics and Paediatrics Surgery_659795be.pdf","Healthcare_Clinical_Establishments","CBE6519DC4CF024682115A42630C4F3D79FD5F2E0A29BE32C2760C7EED0EBAB7","Copied"
"12. Guidelines for General Surgery_20fde274.pdf","C:\Users\rahma\OneDrive - Indian Institute of Management\Desktop\Term 5\CCS\RAG_Project\Healthcare_Clinical_Establishments\12. Guidelines for General Surgery_20fde274.pdf","C:\Users\rahma\OneDrive - Indian Institute of Management\Desktop\Term 5\CCS\RAG_Project\Healthcare_Master\12. Guidelines for General Surgery_20fde274.pdf","Healthcare_Clinical_Establishments","7E47B613D379FB3031347BCCEDD6ACEC08F7F26F2D4242A0D26110CEB9E64B94","Copied"
"13. Guidelines for Interventional Radiology_e708ac43.pdf","C:\Users\rahma\OneDrive - Indian Institute of Management\Desktop\Term 5\CCS\RAG_Project\Healthcare_Clinical_Establishments\13. Guidelines for Interventional Radiology_e708ac43.pdf","C:\Users\rahma\OneDrive - Indian Institute of Management\Desktop\Term 5\CCS\RAG_Project\Healthcare_Master\13. Guidelines for Interventional Radiology_e708ac43.pdf","Healthcare_Clinical_Establishments","7F9E2C7CD04C9A3C9E22DD97ECF923F95F9529FB79529E41CE227A9C4EADD6B2","Copied"
"13. National Treatment Guidelines for Antimicrobial Use in Infectious Diseases_ba9fda59.pdf","C:\Users\rahma\OneDrive - Indian Institute of Management\Desktop\Term 5\CCS\RAG_Project\Healthcare_Clinical_Establishments\13. National Treatment Guidelines for Antimicrobial Use in Infectious Diseases_ba9fda59.pdf","C:\Users\rahma\OneDrive - Indian Institute of Management\Desktop\Term 5\CCS\RAG_Project\Healthcare_Master\13. National Treatment Guidelines for Antimicrobial Use in Infectious Diseases_ba9fda59.pdf","Healthcare_Clinical_Establishments","15861464A570EB0D4AEB0CCE7F88047E7361E2A36B32CF604A1418F3F83B817A","Copied"
"14. Guidelines for Oncology_fcaee86a.pdf","C:\Users\rahma\OneDrive - Indian Institute of Management\Desktop\Term 5\CCS\RAG_Project\Healthcare_Clinical_Establishments\14. Guidelines for Oncology_fcaee86a.pdf","C:\Users\rahma\OneDrive - Indian Institute of Management\Desktop\Term 5\CCS\RAG_Project\Healthcare_Master\14. Guidelines for Oncology_fcaee86a.pdf","Healthcare_Clinical_Establishments","C8CFC345F482073BC6D80B0D96AE86A2EF8AED0DE5A4705C38C450B8F19B6CC8","Copied"
"14. National Guidelines for Diagnosis & Management of Viral Hepatitis_7d298463.pdf","C:\Users\rahma\OneDrive - Indian Institute of Management\Desktop\Term 5\CCS\RAG_Project\Healthcare_Clinical_Establishments\14. National Guidelines for Diagnosis & Management of Viral Hepatitis_7d298463.pdf","C:\Users\rahma\OneDrive - Indian Institute of Management\Desktop\Term 5\CCS\RAG_Project\Healthcare_Master\14. National Guidelines for Diagnosis & Management of Viral Hepatitis_7d298463.pdf","Healthcare_Clinical_Establishments","167D0852B0202FC2E0617A6358D8068FDC0135FEC1F23FC364708EB36B09162C","Copied"
"15. Guidelines for Organ Transplant - Liver_a38a1849.pdf","C:\Users\rahma\OneDrive - Indian Institute of Management\Desktop\Term 5\CCS\RAG_Project\Healthcare_Clinical_Establishments\15. Guidelines for Organ Transplant - Liver_a38a1849.pdf","C:\Users\rahma\OneDrive - Indian Institute of Management\Desktop\Term 5\CCS\RAG_Project\Healthcare_Master\15. Guidelines for Organ Transplant - Liver_a38a1849.pdf","Healthcare_Clinical_Establishments","E382E16B3A7F5EF2707BEB89E525A0D41DDC61C697AC2450129489E1D6732C62","Copied"
"16. Guidelines for Urology_84326f7c.pdf","C:\Users\rahma\OneDrive - Indian Institute of Management\Desktop\Term 5\CCS\RAG_Project\Healthcare_Clinical_Establishments\16. Guidelines for Urology_84326f7c.pdf","C:\Users\rahma\OneDrive - Indian Institute of Management\Desktop\Term 5\CCS\RAG_Project\Healthcare_Master\16. Guidelines for Urology_84326f7c.pdf","Healthcare_Clinical_Establishments","E37DD1911C685BC68894DCF0BB99CC97237D890084CE700CEACA0A7AEB39B08C","Copied"
"17. Guidelines for Laboratory Medicine_846b1dcd.pdf","C:\Users\rahma\OneDrive - Indian Institute of Management\Desktop\Term 5\CCS\RAG_Project\Healthcare_Clinical_Establishments\17. Guidelines for Laboratory Medicine_846b1dcd.pdf","C:\Users\rahma\OneDrive - Indian Institute of Management\Desktop\Term 5\CCS\RAG_Project\Healthcare_Master\17. Guidelines for Laboratory Medicine_846b1dcd.pdf","Healthcare_Clinical_Establishments","6502642E26EA0D20C8B9C7B94EEF548F392A6AE55E39E9AB55694DB679BA308A","Copied"
"18. Guidelines for G. I. Surgery_e4a0cfac.pdf","C:\Users\rahma\OneDrive - Indian Institute of Management\Desktop\Term 5\CCS\RAG_Project\Healthcare_Clinical_Establishments\18. Guidelines for G. I. Surgery_e4a0cfac.pdf","C:\Users\rahma\OneDrive - Indian Institute of Management\Desktop\Term 5\CCS\RAG_Project\Healthcare_Master\18. Guidelines for G. I. Surgery_e4a0cfac.pdf","Healthcare_Clinical_Establishments","A5BEDAF81711F1F9148A54D094C02722B7B92E681A83CBFFED2D686B92F69DFF","Copied"
"19. Guidelines for Neurology_13ce06cb.pdf","C:\Users\rahma\OneDrive - Indian Institute of Management\Desktop\Term 5\CCS\RAG_Project\Healthcare_Clinical_Establishments\19. Guidelines for Neurology_13ce06cb.pdf","C:\Users\rahma\OneDrive - Indian Institute of Management\Desktop\Term 5\CCS\RAG_Project\Healthcare_Master\19. Guidelines for Neurology_13ce06cb.pdf","Healthcare_Clinical_Establishments","D29C533E487034DC238FF278D6516A079110AD0B0478E35977FCC1BA8721C027","Copied"
"2. Guidelines for Critical Care_6e448147.pdf","C:\Users\rahma\OneDrive - Indian Institute of Management\Desktop\Term 5\CCS\RAG_Project\Healthcare_Clinical_Establishments\2. Guidelines for Critical Care_6e448147.pdf","C:\Users\rahma\OneDrive - Indian Institute of Management\Desktop\Term 5\CCS\RAG_Project\Healthcare_Master\2. Guidelines for Critical Care_6e448147.pdf","Healthcare_Clinical_Establishments","F8CB9CF5293798812B2725C59E0CAB19C4F89CD7792314CEF13E2FCE1BF0CD84","Copied"
"21. Guidelines for Endocrinology_e8b1a18e.pdf","C:\Users\rahma\OneDrive - Indian Institute of Management\Desktop\Term 5\CCS\RAG_Project\Healthcare_Clinical_Establishments\21. Guidelines for Endocrinology_e8b1a18e.pdf","C:\Users\rahma\OneDrive - Indian Institute of Management\Desktop\Term 5\CCS\RAG_Project\Healthcare_Master\21. Guidelines for Endocrinology_e8b1a18e.pdf","Healthcare_Clinical_Establishments","7F681425FA913940EB45202BDCDC962260E6C18D5B7D6DF7D3F300A6EC2F099B","Copied"
"3. Guidelines for Gastroenterological Diseases_e256bbbe.pdf","C:\Users\rahma\OneDrive - Indian Institute of Management\Desktop\Term 5\CCS\RAG_Project\Healthcare_Clinical_Establishments\3. Guidelines for Gastroenterological Diseases_e256bbbe.pdf","C:\Users\rahma\OneDrive - Indian Institute of Management\Desktop\Term 5\CCS\RAG_Project\Healthcare_Master\3. Guidelines for Gastroenterological Diseases_e256bbbe.pdf","Healthcare_Clinical_Establishments","CF4469A54B938A77930908D023504BEAF6FD24D9420A9507F08E5B748C2AC08D","Copied"
"4. Guidelines for Obstetrics and Gynaecology_ab3b0881.pdf","C:\Users\rahma\OneDrive - Indian Institute of Management\Desktop\Term 5\CCS\RAG_Project\Healthcare_Clinical_Establishments\4. Guidelines for Obstetrics and Gynaecology_ab3b0881.pdf","C:\Users\rahma\OneDrive - Indian Institute of Management\Desktop\Term 5\CCS\RAG_Project\Healthcare_Master\4. Guidelines for Obstetrics and Gynaecology_ab3b0881.pdf","Healthcare_Clinical_Establishments","105EF97B460F3F1C8F1232884B65C33739322E753AAAF14422393DF741542517","Copied"
"6. Guidelines for Ophthalmology_400be7af.pdf","C:\Users\rahma\OneDrive - Indian Institute of Management\Desktop\Term 5\CCS\RAG_Project\Healthcare_Clinical_Establishments\6. Guidelines for Ophthalmology_400be7af.pdf","C:\Users\rahma\OneDrive - Indian Institute of Management\Desktop\Term 5\CCS\RAG_Project\Healthcare_Master\6. Guidelines for Ophthalmology_400be7af.pdf","Healthcare_Clinical_Establishments","46EF59853C24F9C205041A2B64AC79D8E3E03BBCFF6E9FF257E9B57DBC0B14F6","Copied"
"7. Guidelines for ENT_93801303.pdf","C:\Users\rahma\OneDrive - Indian Institute of Management\Desktop\Term 5\CCS\RAG_Project\Healthcare_Clinical_Establishments\7. Guidelines for ENT_93801303.pdf","C:\Users\rahma\OneDrive - Indian Institute of Management\Desktop\Term 5\CCS\RAG_Project\Healthcare_Master\7. Guidelines for ENT_93801303.pdf","Healthcare_Clinical_Establishments","C7B47FE50EE81E0B5943D0701D1506EA6594D8FBB6FCA67D8D3EAF6239804F62","Copied"
"8. Guidelines for Orthopaedics_a1992caa.pdf","C:\Users\rahma\OneDrive - Indian Institute of Management\Desktop\Term 5\CCS\RAG_Project\Healthcare_Clinical_Establishments\8. Guidelines for Orthopaedics_a1992caa.pdf","C:\Users\rahma\OneDrive - Indian Institute of Management\Desktop\Term 5\CCS\RAG_Project\Healthcare_Master\8. Guidelines for Orthopaedics_a1992caa.pdf","Healthcare_Clinical_Establishments","87C4822655783FC609EB986B0BFA1DC0FF9033E924A2F06C13FFC680572A67F8","Copied"
"9. Guidelines for Medicine (Respiratory)_bb0522e1.pdf","C:\Users\rahma\OneDrive - Indian Institute of Management\Desktop\Term 5\CCS\RAG_Project\Healthcare_Clinical_Establishments\9. Guidelines for Medicine (Respiratory)_bb0522e1.pdf","C:\Users\rahma\OneDrive - Indian Institute of Management\Desktop\Term 5\CCS\RAG_Project\Healthcare_Master\9. Guidelines for Medicine (Respiratory)_bb0522e1.pdf","Healthcare_Clinical_Establishments","ABA7AB6B814B85867043639D11F0B56EFEA0C3F385D85ABE24ADDEB2CC690085","Copied"
"a) Full Document_0d7e8ad1.pdf","C:\Users\rahma\OneDrive - Indian Institute of Management\Desktop\Term 5\CCS\RAG_Project\Healthcare_Clinical_Establishments\a) Full Document_0d7e8ad1.pdf","C:\Users\rahma\OneDrive - Indian Institute of Management\Desktop\Term 5\CCS\RAG_Project\Healthcare_Master\a) Full Document_0d7e8ad1.pdf","Healthcare_Clinical_Establishments","2034AC57F6C7B149FA20EC04E096CA9BA2E694037102E40BFF29C6C244130267","Copied"
"a) Full Document_12d1e7c9.pdf","C:\Users\rahma\OneDrive - Indian Institute of Management\Desktop\Term 5\CCS\RAG_Project\Healthcare_Clinical_Establishments\a) Full Document_12d1e7c9.pdf","C:\Users\rahma\OneDrive - Indian Institute of Management\Desktop\Term 5\CCS\RAG_Project\Healthcare_Master\a) Full Document_12d1e7c9.pdf","Healthcare_Clinical_Establishments","0884ABE17B5E3732FA29C976333D4E50CF304841D60E26000B22173EFA49AC41","Copied"
"a) Full Document_145bcabf.pdf","C:\Users\rahma\OneDrive - Indian Institute of Management\Desktop\Term 5\CCS\RAG_Project\Healthcare_Clinical_Establishments\a) Full Document_145bcabf.pdf","C:\Users\rahma\OneDrive - Indian Institute of Management\Desktop\Term 5\CCS\RAG_Project\Healthcare_Master\a) Full Document_145bcabf.pdf","Healthcare_Clinical_Establishments","5B7EA408DADE69AAE0C9AB8A7536CEC29BAFBB190586E144BC1066FD8D1E18D9","Copied"
"a) Full Document_54636977.pdf","C:\Users\rahma\OneDrive - Indian Institute of Management\Desktop\Term 5\CCS\RAG_Project\Healthcare_Clinical_Establishments\a) Full Document_54636977.pdf","C:\Users\rahma\OneDrive - Indian Institute of Management\Desktop\Term 5\CCS\RAG_Project\Healthcare_Master\a) Full Document_54636977.pdf","Healthcare_Clinical_Establishments","BCDAA14B89629BE96107D0B4526AABBE37425B46E41AB8ED2BB2CDBFA36171B2","Copied"
"a) Full Document_5e6ad719.pdf","C:\Users\rahma\OneDrive - Indian Institute of Management\Desktop\Term 5\CCS\RAG_Project\Healthcare_Clinical_Establishments\a) Full Document_5e6ad719.pdf","C:\Users\rahma\OneDrive - Indian Institute of Management\Desktop\Term 5\CCS\RAG_Project\Healthcare_Master\a) Full Document_5e6ad719.pdf","Healthcare_Clinical_Establishments","4F09392E32F0FE866B954391B26C23792A30D846CD5A586DDD3D131C66DD9CA3","Copied"
"a) Full Document_83ac33fe.pdf","C:\Users\rahma\OneDrive - Indian Institute of Management\Desktop\Term 5\CCS\RAG_Project\Healthcare_Clinical_Establishments\a) Full Document_83ac33fe.pdf","C:\Users\rahma\OneDrive - Indian Institute of Management\Desktop\Term 5\CCS\RAG_Project\Healthcare_Master\a) Full Document_83ac33fe.pdf","Healthcare_Clinical_Establishments","8388906C4F3CE1BEB4355D9C5FCC16F25DD96580532A78A5AB3E27E8F41B49DA","Copied"
"a) Full Document_9dcede56.pdf","C:\Users\rahma\OneDrive - Indian Institute of Management\Desktop\Term 5\CCS\RAG_Project\Healthcare_Clinical_Establishments\a) Full Document_9dcede56.pdf","C:\Users\rahma\OneDrive - Indian Institute of Management\Desktop\Term 5\CCS\RAG_Project\Healthcare_Master\a) Full Document_9dcede56.pdf","Healthcare_Clinical_Establishments","9BB8912D7A27F5C76877002D1E081780FA11C19789A037F9367D41EE7329B824","Copied"
"a) Full Document_a71f4752.pdf","C:\Users\rahma\OneDrive - Indian Institute of Management\Desktop\Term 5\CCS\RAG_Project\Healthcare_Clinical_Establishments\a) Full Document_a71f4752.pdf","C:\Users\rahma\OneDrive - Indian Institute of Management\Desktop\Term 5\CCS\RAG_Project\Healthcare_Master\a) Full Document_a71f4752.pdf","Healthcare_Clinical_Establishments","925BBCD1F5DDAFF8A95FC777E1609811398229A75E04F19A5910025DE492F5AF","Copied"
"a) Full Document_aa6a7aa2.pdf","C:\Users\rahma\OneDrive - Indian Institute of Management\Desktop\Term 5\CCS\RAG_Project\Healthcare_Clinical_Establishments\a) Full Document_aa6a7aa2.pdf","C:\Users\rahma\OneDrive - Indian Institute of Management\Desktop\Term 5\CCS\RAG_Project\Healthcare_Master\a) Full Document_aa6a7aa2.pdf","Healthcare_Clinical_Establishments","BE5C94263BDAA67F4A0B893E8D6135CCB92D64FD1A8FE21F6C516730220F69E3","Copied"
"a) Full Document_ca071578.pdf","C:\Users\rahma\OneDrive - Indian Institute of Management\Desktop\Term 5\CCS\RAG_Project\Healthcare_Clinical_Establishments\a) Full Document_ca071578.pdf","C:\Users\rahma\OneDrive - Indian Institute of Management\Desktop\Term 5\CCS\RAG_Project\Healthcare_Master\a) Full Document_ca071578.pdf","Healthcare_Clinical_Establishments","77A0F8FA83FB7BDE3895DADD876C1E22B86A775C9438E380EA83CCA02461226F","Copied"
"a) Quick Reference Guide_7c941c61.pdf","C:\Users\rahma\OneDrive - Indian Institute of Management\Desktop\Term 5\CCS\RAG_Project\Healthcare_Clinical_Establishments\a) Quick Reference Guide_7c941c61.pdf","C:\Users\rahma\OneDrive - Indian Institute of Management\Desktop\Term 5\CCS\RAG_Project\Healthcare_Master\a) Quick Reference Guide_7c941c61.pdf","Healthcare_Clinical_Establishments","5453D568E787C9F1BB5F4E8E3AD04AF6E016D3D015589173B9AC13E167EB1673","Copied"
"a) Quick Reference Guide_9860dfda.pdf","C:\Users\rahma\OneDrive - Indian Institute of Management\Desktop\Term 5\CCS\RAG_Project\Healthcare_Clinical_Establishments\a) Quick Reference Guide_9860dfda.pdf","C:\Users\rahma\OneDrive - Indian Institute of Management\Desktop\Term 5\CCS\RAG_Project\Healthcare_Master\a) Quick Reference Guide_9860dfda.pdf","Healthcare_Clinical_Establishments","24032FFE321CAA23D7F3434441623F0BC028C77B92F9D89D89BD6E554487CEE3","Copied"
"Ayurveda (587.56 KB )_b42daed5.pdf","C:\Users\rahma\OneDrive - Indian Institute of Management\Desktop\Term 5\CCS\RAG_Project\Healthcare_Clinical_Establishments\Ayurveda (587.56 KB )_b42daed5.pdf","C:\Users\rahma\OneDrive - Indian Institute of Management\Desktop\Term 5\CCS\RAG_Project\Healthcare_Master\Ayurveda (587.56 KB )_b42daed5.pdf","Healthcare_Clinical_Establishments","445C56CD99CA9FE1B738D5BAFE5ACF16B2652625D47E36BFC239A991E59A7A03","Copied"
"b) Quick Reference Guide_0d2df81f.pdf","C:\Users\rahma\OneDrive - Indian Institute of Management\Desktop\Term 5\CCS\RAG_Project\Healthcare_Clinical_Establishments\b) Quick Reference Guide_0d2df81f.pdf","C:\Users\rahma\OneDrive - Indian Institute of Management\Desktop\Term 5\CCS\RAG_Project\Healthcare_Master\b) Quick Reference Guide_0d2df81f.pdf","Healthcare_Clinical_Establishments","E734FC46D61039D0D3D68EA2427B9B389234481CDFD8A6A102E7D38F22656330","Copied"
"b) Quick Reference Guide_4c51b27b.pdf","C:\Users\rahma\OneDrive - Indian Institute of Management\Desktop\Term 5\CCS\RAG_Project\Healthcare_Clinical_Establishments\b) Quick Reference Guide_4c51b27b.pdf","C:\Users\rahma\OneDrive - Indian Institute of Management\Desktop\Term 5\CCS\RAG_Project\Healthcare_Master\b) Quick Reference Guide_4c51b27b.pdf","Healthcare_Clinical_Establishments","C8D96335B217AB6487E931F164D72093D7F4A844785D783D6CEA402F549D521D","Copied"
"b) Quick Reference Guide_51682d59.pdf","C:\Users\rahma\OneDrive - Indian Institute of Management\Desktop\Term 5\CCS\RAG_Project\Healthcare_Clinical_Establishments\b) Quick Reference Guide_51682d59.pdf","C:\Users\rahma\OneDrive - Indian Institute of Management\Desktop\Term 5\CCS\RAG_Project\Healthcare_Master\b) Quick Reference Guide_51682d59.pdf","Healthcare_Clinical_Establishments","2AF01AB42A64A647EA2AA0120AD6070E449118D135F505700EF0DEDF938564C2","Copied"
"b) Quick Reference Guide_5cbc8467.pdf","C:\Users\rahma\OneDrive - Indian Institute of Management\Desktop\Term 5\CCS\RAG_Project\Healthcare_Clinical_Establishments\b) Quick Reference Guide_5cbc8467.pdf","C:\Users\rahma\OneDrive - Indian Institute of Management\Desktop\Term 5\CCS\RAG_Project\Healthcare_Master\b) Quick Reference Guide_5cbc8467.pdf","Healthcare_Clinical_Establishments","D5AE300EA6299EBDC63ED758188C89CCB6B910B2CDCE79B75D5475A6FAE2D213","Copied"
"b) Quick Reference Guide_6c52ed7f.pdf","C:\Users\rahma\OneDrive - Indian Institute of Management\Desktop\Term 5\CCS\RAG_Project\Healthcare_Clinical_Establishments\b) Quick Reference Guide_6c52ed7f.pdf","C:\Users\rahma\OneDrive - Indian Institute of Management\Desktop\Term 5\CCS\RAG_Project\Healthcare_Master\b) Quick Reference Guide_6c52ed7f.pdf","Healthcare_Clinical_Establishments","94D7F9EAD41DB7D5388B936E43BE945BFE60DEA754F20F8B56084B834404029F","Copied"
"b) Quick Reference Guide_98a2299e.pdf","C:\Users\rahma\OneDrive - Indian Institute of Management\Desktop\Term 5\CCS\RAG_Project\Healthcare_Clinical_Establishments\b) Quick Reference Guide_98a2299e.pdf","C:\Users\rahma\OneDrive - Indian Institute of Management\Desktop\Term 5\CCS\RAG_Project\Healthcare_Master\b) Quick Reference Guide_98a2299e.pdf","Healthcare_Clinical_Establishments","0D25982C1A3D573DBB9619D2876A80CA12B4AC88CB2E605C99D377D76CE839BA","Copied"
"b) Quick Reference Guide_af9910df.pdf","C:\Users\rahma\OneDrive - Indian Institute of Management\Desktop\Term 5\CCS\RAG_Project\Healthcare_Clinical_Establishments\b) Quick Reference Guide_af9910df.pdf","C:\Users\rahma\OneDrive - Indian Institute of Management\Desktop\Term 5\CCS\RAG_Project\Healthcare_Master\b) Quick Reference Guide_af9910df.pdf","Healthcare_Clinical_Establishments","80D500CE992500D8807EFAFD6864CD3518103CAF2E6149755F31FE87BE26CDA6","Copied"
"b) Quick Reference Guide_e2c82758.pdf","C:\Users\rahma\OneDrive - Indian Institute of Management\Desktop\Term 5\CCS\RAG_Project\Healthcare_Clinical_Establishments\b) Quick Reference Guide_e2c82758.pdf","C:\Users\rahma\OneDrive - Indian Institute of Management\Desktop\Term 5\CCS\RAG_Project\Healthcare_Master\b) Quick Reference Guide_e2c82758.pdf","Healthcare_Clinical_Establishments","62DE7CCC3B98E5E8B368CDAB9ABCF3E89CF6F1FE4E8173BE6B594D448145CB1B","Copied"
"Clinical Establishment Act Standards for Mortuary (223.15 KB )_97a96cde.pdf","C:\Users\rahma\OneDrive - Indian Institute of Management\Desktop\Term 5\CCS\RAG_Project\Healthcare_Clinical_Establishments\Clinical Establishment Act Standards for Mortuary (223.15 KB )_97a96cde.pdf","C:\Users\rahma\OneDrive - Indian Institute of Management\Desktop\Term 5\CCS\RAG_Project\Healthcare_Master\Clinical Establishment Act Standards for Mortuary (223.15 KB )_97a96cde.pdf","Healthcare_Clinical_Establishments","988B39176F493FC67167FAB3FA8C295CDC3DAE85767B5B7ACB9A3E8887A63E39","Copied"
"Clinical Establishment Act Standards for Sample Collection And Sample Transport policy (289.98 KB )_1e37b970.pdf","C:\Users\rahma\OneDrive - Indian Institute of Management\Desktop\Term 5\CCS\RAG_Project\Healthcare_Clinical_Establishments\Clinical Establishment Act Standards for Sample Collection And Sample Transport policy (289.98 KB )_1e37b970.pdf","C:\Users\rahma\OneDrive - Indian Institute of Management\Desktop\Term 5\CCS\RAG_Project\Healthcare_Master\Clinical Establishment Act Standards for Sample Collection And Sample Transport policy (289.98 KB )_1e37b970.pdf","Healthcare_Clinical_Establishments","578E4547ABC9CFF1B8AAD42456A7F922636AEE3D184A41099853AD98F6347A8A","Copied"
"Clinical Establishments (Central Government) Rules 2012(Hindi and English)_e575418c.pdf","C:\Users\rahma\OneDrive - Indian Institute of Management\Desktop\Term 5\CCS\RAG_Project\Healthcare_Clinical_Establishments\Clinical Establishments (Central Government) Rules 2012(Hindi and English)_e575418c.pdf","C:\Users\rahma\OneDrive - Indian Institute of Management\Desktop\Term 5\CCS\RAG_Project\Healthcare_Master\Clinical Establishments (Central Government) Rules 2012(Hindi and English)_e575418c.pdf","Healthcare_Clinical_Establishments","4C719D3A3B7FCA0A200E886CCECE6B814987921745C3A13E9F20BC5A825CE989","Copied"
"Clinic_Polyclinic Only Consultation (227.68 KB )_89cc5997.pdf","C:\Users\rahma\OneDrive - Indian Institute of Management\Desktop\Term 5\CCS\RAG_Project\Healthcare_Clinical_Establishments\Clinic_Polyclinic Only Consultation (227.68 KB )_89cc5997.pdf","C:\Users\rahma\OneDrive - Indian Institute of Management\Desktop\Term 5\CCS\RAG_Project\Healthcare_Master\Clinic_Polyclinic Only Consultation (227.68 KB )_89cc5997.pdf","Healthcare_Clinical_Establishments","B7C51C42B73B355F3B826DB809B085DE94D0197AAAF7CEEA8AC13B78668A4D90","Copied"
"Clinic_Polyclinic With Diagnostic Support (294.36 KB )_c53f2be6.pdf","C:\Users\rahma\OneDrive - Indian Institute of Management\Desktop\Term 5\CCS\RAG_Project\Healthcare_Clinical_Establishments\Clinic_Polyclinic With Diagnostic Support (294.36 KB )_c53f2be6.pdf","C:\Users\rahma\OneDrive - Indian Institute of Management\Desktop\Term 5\CCS\RAG_Project\Healthcare_Master\Clinic_Polyclinic With Diagnostic Support (294.36 KB )_c53f2be6.pdf","Healthcare_Clinical_Establishments","46015661752350595078B1AE8D472BC4674C91F9E7DCED14690247F041A45C26","Copied"
"Clinic_Polyclinic With Dispensary (235.48 KB )_f3126b34.pdf","C:\Users\rahma\OneDrive - Indian Institute of Management\Desktop\Term 5\CCS\RAG_Project\Healthcare_Clinical_Establishments\Clinic_Polyclinic With Dispensary (235.48 KB )_f3126b34.pdf","C:\Users\rahma\OneDrive - Indian Institute of Management\Desktop\Term 5\CCS\RAG_Project\Healthcare_Master\Clinic_Polyclinic With Dispensary (235.48 KB )_f3126b34.pdf","Healthcare_Clinical_Establishments","338B00CA787D72A6DF70CB9BA09E56085C51B99D42FC5C3FDC45BC46C0F0F281","Copied"
"Clinic_Polyclinic With Observation (346.75 KB )_c6378358.pdf","C:\Users\rahma\OneDrive - Indian Institute of Management\Desktop\Term 5\CCS\RAG_Project\Healthcare_Clinical_Establishments\Clinic_Polyclinic With Observation (346.75 KB )_c6378358.pdf","C:\Users\rahma\OneDrive - Indian Institute of Management\Desktop\Term 5\CCS\RAG_Project\Healthcare_Master\Clinic_Polyclinic With Observation (346.75 KB )_c6378358.pdf","Healthcare_Clinical_Establishments","94D28E98D3455D95B0B8400B729FD3120E29EA8B393D2E22257DDFBE6C45DC01","Copied"
"Collection Centres and point of care testing etc. (502.31 KB )_1f5ace4e.pdf","C:\Users\rahma\OneDrive - Indian Institute of Management\Desktop\Term 5\CCS\RAG_Project\Healthcare_Clinical_Establishments\Collection Centres and point of care testing etc. (502.31 KB )_1f5ace4e.pdf","C:\Users\rahma\OneDrive - Indian Institute of Management\Desktop\Term 5\CCS\RAG_Project\Healthcare_Master\Collection Centres and point of care testing etc. (502.31 KB )_1f5ace4e.pdf","Healthcare_Clinical_Establishments","279010D472E3F8F733C52B6BAD9B410E97368986696009E416976090AA782324","Copied"
"Cosmetology Clinic (329.69 KB )_48435b8b.pdf","C:\Users\rahma\OneDrive - Indian Institute of Management\Desktop\Term 5\CCS\RAG_Project\Healthcare_Clinical_Establishments\Cosmetology Clinic (329.69 KB )_48435b8b.pdf","C:\Users\rahma\OneDrive - Indian Institute of Management\Desktop\Term 5\CCS\RAG_Project\Healthcare_Master\Cosmetology Clinic (329.69 KB )_48435b8b.pdf","Healthcare_Clinical_Establishments","825518EADE796DDB6270A6DEB7D1E5B013065238AE4E4C54CAC14CA32D2C651D","Copied"
"Dental Lab (204.6 KB )_386aa5c5.pdf","C:\Users\rahma\OneDrive - Indian Institute of Management\Desktop\Term 5\CCS\RAG_Project\Healthcare_Clinical_Establishments\Dental Lab (204.6 KB )_386aa5c5.pdf","C:\Users\rahma\OneDrive - Indian Institute of Management\Desktop\Term 5\CCS\RAG_Project\Healthcare_Master\Dental Lab (204.6 KB )_386aa5c5.pdf","Healthcare_Clinical_Establishments","55888B449094BA1E6CEE645C7653BCFC1F30B94963D116077D828D06C9456820","Copied"
"Gazette Notification Dated 24th May 2021 for Constitution of National Council for Clinical Establishments (1.14 MB )_08cdba75.pdf","C:\Users\rahma\OneDrive - Indian Institute of Management\Desktop\Term 5\CCS\RAG_Project\Healthcare_Clinical_Establishments\Gazette Notification Dated 24th May 2021 for Constitution of National Council for Clinical Establishments (1.14 MB )_08cdba75.pdf","C:\Users\rahma\OneDrive - Indian Institute of Management\Desktop\Term 5\CCS\RAG_Project\Healthcare_Master\Gazette Notification Dated 24th May 2021 for Constitution of National Council for Clinical Establishments (1.14 MB )_08cdba75.pdf","Healthcare_Clinical_Establishments","04C91C189E3900134DE30D5F35E305DDB33FC2B4CD3C7B7C40B83A463D2B65D0","Copied"
"Gazette Notification of Clinical Establishments (Registration and Regulation) ACT, 2010, Dated 28 Febtruary 2012 (32 KB )_6aa325cc.pdf","C:\Users\rahma\OneDrive - Indian Institute of Management\Desktop\Term 5\CCS\RAG_Project\Healthcare_Clinical_Establishments\Gazette Notification of Clinical Establishments (Registration and Regulation) ACT, 2010, Dated 28 Febtruary 2012 (32 KB )_6aa325cc.pdf","C:\Users\rahma\OneDrive - Indian Institute of Management\Desktop\Term 5\CCS\RAG_Project\Healthcare_Master\Gazette Notification of Clinical Establishments (Registration and Regulation) ACT, 2010, Dated 28 Febtruary 2012 (32 KB )_6aa325cc.pdf","Healthcare_Clinical_Establishments","443145EE3F6C4B2FB5DD7E3EEB15036DB45AE197AF4BEF14F2DD54F3F6EFD3EC","Copied"
"Guidelines for Ayurveda_1e8976c3.pdf","C:\Users\rahma\OneDrive - Indian Institute of Management\Desktop\Term 5\CCS\RAG_Project\Healthcare_Clinical_Establishments\Guidelines for Ayurveda_1e8976c3.pdf","C:\Users\rahma\OneDrive - Indian Institute of Management\Desktop\Term 5\CCS\RAG_Project\Healthcare_Master\Guidelines for Ayurveda_1e8976c3.pdf","Healthcare_Clinical_Establishments","153D5F8AF97E8E1D5DD7CA4879BAFDF6D1429E0CFF5C46C57BDA02AFE7814AA5","Copied"
"Guidelines for Siddha (Draft)_3c871acb.pdf","C:\Users\rahma\OneDrive - Indian Institute of Management\Desktop\Term 5\CCS\RAG_Project\Healthcare_Clinical_Establishments\Guidelines for Siddha (Draft)_3c871acb.pdf","C:\Users\rahma\OneDrive - Indian Institute of Management\Desktop\Term 5\CCS\RAG_Project\Healthcare_Master\Guidelines for Siddha (Draft)_3c871acb.pdf","Healthcare_Clinical_Establishments","DA0DD19DE679FF1CDE0B07BA4FD00F8942B6E0DFA90C7C4BA81009CE7803E34E","Copied"
"Hair Transplant Center (83.87 KB )_9c34a4c9.pdf","C:\Users\rahma\OneDrive - Indian Institute of Management\Desktop\Term 5\CCS\RAG_Project\Healthcare_Clinical_Establishments\Hair Transplant Center (83.87 KB )_9c34a4c9.pdf","C:\Users\rahma\OneDrive - Indian Institute of Management\Desktop\Term 5\CCS\RAG_Project\Healthcare_Master\Hair Transplant Center (83.87 KB )_9c34a4c9.pdf","Healthcare_Clinical_Establishments","9A50FABEF7BF48EF9CF5F77F451DA8E20DEE25CBC1C39323D132A98253F245B9","Copied"
"Homoeopathy (1.23 MB )_f2f51a3d.pdf","C:\Users\rahma\OneDrive - Indian Institute of Management\Desktop\Term 5\CCS\RAG_Project\Healthcare_Clinical_Establishments\Homoeopathy (1.23 MB )_f2f51a3d.pdf","C:\Users\rahma\OneDrive - Indian Institute of Management\Desktop\Term 5\CCS\RAG_Project\Healthcare_Master\Homoeopathy (1.23 MB )_f2f51a3d.pdf","Healthcare_Clinical_Establishments","B6AB83904E827DB8C663BBDBE6FF681A24C32F0A8D5E0F2CBDEE9C1D320CD621","Copied"
"Hospital(Level 2) (832.09 KB )_93a6641a.pdf","C:\Users\rahma\OneDrive - Indian Institute of Management\Desktop\Term 5\CCS\RAG_Project\Healthcare_Clinical_Establishments\Hospital(Level 2) (832.09 KB )_93a6641a.pdf","C:\Users\rahma\OneDrive - Indian Institute of Management\Desktop\Term 5\CCS\RAG_Project\Healthcare_Master\Hospital(Level 2) (832.09 KB )_93a6641a.pdf","Healthcare_Clinical_Establishments","BCA6EF37AE47C9429C6284A52B417A4BDA7F90D3F01471979F3C91EEC4B56FB5","Copied"
"Hospital(Level 3) (734.36 KB )_6c46efa2.pdf","C:\Users\rahma\OneDrive - Indian Institute of Management\Desktop\Term 5\CCS\RAG_Project\Healthcare_Clinical_Establishments\Hospital(Level 3) (734.36 KB )_6c46efa2.pdf","C:\Users\rahma\OneDrive - Indian Institute of Management\Desktop\Term 5\CCS\RAG_Project\Healthcare_Master\Hospital(Level 3) (734.36 KB )_6c46efa2.pdf","Healthcare_Clinical_Establishments","5EBFC5380B2C9BA7D4409C04696E9EB786DAA1E7A4663C88CB342D72479BB63B","Copied"
"Mobile Clinic Only Consultation (202.75 KB )_d24789a8.pdf","C:\Users\rahma\OneDrive - Indian Institute of Management\Desktop\Term 5\CCS\RAG_Project\Healthcare_Clinical_Establishments\Mobile Clinic Only Consultation (202.75 KB )_d24789a8.pdf","C:\Users\rahma\OneDrive - Indian Institute of Management\Desktop\Term 5\CCS\RAG_Project\Healthcare_Master\Mobile Clinic Only Consultation (202.75 KB )_d24789a8.pdf","Healthcare_Clinical_Establishments","468C7811FFE6938925950ED37971A6B0F54FF1C7290DE9964F53E88B5C7AB410","Copied"
"Mobile Clinic With Procedure (263.74 KB )_c7e80923.pdf","C:\Users\rahma\OneDrive - Indian Institute of Management\Desktop\Term 5\CCS\RAG_Project\Healthcare_Clinical_Establishments\Mobile Clinic With Procedure (263.74 KB )_c7e80923.pdf","C:\Users\rahma\OneDrive - Indian Institute of Management\Desktop\Term 5\CCS\RAG_Project\Healthcare_Master\Mobile Clinic With Procedure (263.74 KB )_c7e80923.pdf","Healthcare_Clinical_Establishments","35C2712ED8A5CC01F39B94ED6D67F42845D8E2CDB3F9065A19DD1FBF522A79DF","Copied"
"Mobile Dental Van (284.1 KB )_48efd80d.pdf","C:\Users\rahma\OneDrive - Indian Institute of Management\Desktop\Term 5\CCS\RAG_Project\Healthcare_Clinical_Establishments\Mobile Dental Van (284.1 KB )_48efd80d.pdf","C:\Users\rahma\OneDrive - Indian Institute of Management\Desktop\Term 5\CCS\RAG_Project\Healthcare_Master\Mobile Dental Van (284.1 KB )_48efd80d.pdf","Healthcare_Clinical_Establishments","40D90F4295A9299AC8F996C707B023C0081995CDB32478267CDB80A476E1AACA","Copied"
"National Standards for Blood Centres and Blood Transfusion Services (2nd Edition) (7.04 MB )_a550ce29.pdf","C:\Users\rahma\OneDrive - Indian Institute of Management\Desktop\Term 5\CCS\RAG_Project\Healthcare_Clinical_Establishments\National Standards for Blood Centres and Blood Transfusion Services (2nd Edition) (7.04 MB )_a550ce29.pdf","C:\Users\rahma\OneDrive - Indian Institute of Management\Desktop\Term 5\CCS\RAG_Project\Healthcare_Master\National Standards for Blood Centres and Blood Transfusion Services (2nd Edition) (7.04 MB )_a550ce29.pdf","Healthcare_Clinical_Establishments","177E9201B53DB06314FFBDE9A882C1EA8D6891B3C2E6D82936A8E69AFAA88345","Copied"
"Naturopathy (921.3 KB )_ab458bbe.pdf","C:\Users\rahma\OneDrive - Indian Institute of Management\Desktop\Term 5\CCS\RAG_Project\Healthcare_Clinical_Establishments\Naturopathy (921.3 KB )_ab458bbe.pdf","C:\Users\rahma\OneDrive - Indian Institute of Management\Desktop\Term 5\CCS\RAG_Project\Healthcare_Master\Naturopathy (921.3 KB )_ab458bbe.pdf","Healthcare_Clinical_Establishments","299DA70BC8A1BE6EE475901D82AEBA80833760CA3C50F224FBCC42C28E93AEB2","Copied"
"Physiotherapy Centre (290.18 KB )_4ba34dd3.pdf","C:\Users\rahma\OneDrive - Indian Institute of Management\Desktop\Term 5\CCS\RAG_Project\Healthcare_Clinical_Establishments\Physiotherapy Centre (290.18 KB )_4ba34dd3.pdf","C:\Users\rahma\OneDrive - Indian Institute of Management\Desktop\Term 5\CCS\RAG_Project\Healthcare_Master\Physiotherapy Centre (290.18 KB )_4ba34dd3.pdf","Healthcare_Clinical_Establishments","7CD3FA94D92BE644D895020DC4BD9B235455CDF5B56B047095EFC6A5CA9F7D81","Copied"
"Siddha (1.27 MB )_759592c7.pdf","C:\Users\rahma\OneDrive - Indian Institute of Management\Desktop\Term 5\CCS\RAG_Project\Healthcare_Clinical_Establishments\Siddha (1.27 MB )_759592c7.pdf","C:\Users\rahma\OneDrive - Indian Institute of Management\Desktop\Term 5\CCS\RAG_Project\Healthcare_Master\Siddha (1.27 MB )_759592c7.pdf","Healthcare_Clinical_Establishments","7480C795975136F9CEB3F32B5E09AF401FFA77E71912EF7A867D90A0E15FA7DE","Copied"
"Sowa-Rigpa (1.16 MB )_ffb9616f.pdf","C:\Users\rahma\OneDrive - Indian Institute of Management\Desktop\Term 5\CCS\RAG_Project\Healthcare_Clinical_Establishments\Sowa-Rigpa (1.16 MB )_ffb9616f.pdf","C:\Users\rahma\OneDrive - Indian Institute of Management\Desktop\Term 5\CCS\RAG_Project\Healthcare_Master\Sowa-Rigpa (1.16 MB )_ffb9616f.pdf","Healthcare_Clinical_Establishments","9598AA2D49898657209E4661C5C85636EC09477356AC2E12EA27F983E2D7B920","Copied"
"Unani (1.35 MB )_e48ef983.pdf","C:\Users\rahma\OneDrive - Indian Institute of Management\Desktop\Term 5\CCS\RAG_Project\Healthcare_Clinical_Establishments\Unani (1.35 MB )_e48ef983.pdf","C:\Users\rahma\OneDrive - Indian Institute of Management\Desktop\Term 5\CCS\RAG_Project\Healthcare_Master\Unani (1.35 MB )_e48ef983.pdf","Healthcare_Clinical_Establishments","3A2233C77E19118347F34F9F066503643930F1DD1692FFD3295E236D47624BD1","Copied"
"YOGA (822.68 KB )_a0b00ce1.pdf","C:\Users\rahma\OneDrive - Indian Institute of Management\Desktop\Term 5\CCS\RAG_Project\Healthcare_Clinical_Establishments\YOGA (822.68 KB )_a0b00ce1.pdf","C:\Users\rahma\OneDrive - Indian Institute of Management\Desktop\Term 5\CCS\RAG_Project\Healthcare_Master\YOGA (822.68 KB )_a0b00ce1.pdf","Healthcare_Clinical_Establishments","09077C464AAA06848090DEC23B40D0D2D93051B9132B957ECE932F76BD71ACB6","Copied"
"सीईए के लिए परिचालन दिशानिर्देश_83c8fb9b.pdf","C:\Users\rahma\OneDrive - Indian Institute of Management\Desktop\Term 5\CCS\RAG_Project\Healthcare_Clinical_Establishments\सीईए के लिए परिचालन दिशानिर्देश_83c8fb9b.pdf","C:\Users\rahma\OneDrive - Indian Institute of Management\Desktop\Term 5\CCS\RAG_Project\Healthcare_Master\सीईए के लिए परिचालन दिशानिर्देश_83c8fb9b.pdf","Healthcare_Clinical_Establishments","B12FD98D777E1F94D7074039A8344F0B76C05DC7329335216549BD5D8FFA3C0D","Copied"
"2022051012-1_4f75c8c2.pdf","C:\Users\rahma\OneDrive - Indian Institute of Management\Desktop\Term 5\CCS\RAG_Project\Healthcare_RAG_Raw\01_PMJAY_NHA\2022051012-1_4f75c8c2.pdf","C:\Users\rahma\OneDrive - Indian Institute of Management\Desktop\Term 5\CCS\RAG_Project\Healthcare_Master\2022051012-1_4f75c8c2.pdf","Healthcare_RAG_Raw","6A8D393D2C29AB096FD0F8BC6F980308A0A19496EFF8D62CDB8E54E1D6710CA5","Copied"
"2022051012-2_6dc794e2.pdf","C:\Users\rahma\OneDrive - Indian Institute of Management\Desktop\Term 5\CCS\RAG_Project\Healthcare_RAG_Raw\01_PMJAY_NHA\2022051012-2_6dc794e2.pdf","C:\Users\rahma\OneDrive - Indian Institute of Management\Desktop\Term 5\CCS\RAG_Project\Healthcare_Master\Checklist for District Collectors_Coordinators.pdf","Healthcare_RAG_Raw","0F337E64FCB2F9069F185C037B10582D040EDE76BBCF4B482A985C55106054EC","Duplicate"
"2022051012_84a3e450.pdf","C:\Users\rahma\OneDrive - Indian Institute of Management\Desktop\Term 5\CCS\RAG_Project\Healthcare_RAG_Raw\01_PMJAY_NHA\2022051012_84a3e450.pdf","C:\Users\rahma\OneDrive - Indian Institute of Management\Desktop\Term 5\CCS\RAG_Project\Healthcare_Master\Model Tender Document for Selection of Insurance Company for the implementation of Ayushman Bharat - Vol III.pdf","Healthcare_RAG_Raw","A6741FAC757C06539D6DBA316C7697124DF76634177151EB33EDCA0294708841","Duplicate"
"2022051013_76d8918d.pdf","C:\Users\rahma\OneDrive - Indian Institute of Management\Desktop\Term 5\CCS\RAG_Project\Healthcare_RAG_Raw\01_PMJAY_NHA\2022051013_76d8918d.pdf","C:\Users\rahma\OneDrive - Indian Institute of Management\Desktop\Term 5\CCS\RAG_Project\Healthcare_Master\Capacity Building Guideline.pdf","Healthcare_RAG_Raw","D0CD4ED7AB98CA3BC7BC8593D43450953F28BB11348B1846883C37DE9B7D1584","Duplicate"
"2022051017_591e5fd2.pdf","C:\Users\rahma\OneDrive - Indian Institute of Management\Desktop\Term 5\CCS\RAG_Project\Healthcare_RAG_Raw\01_PMJAY_NHA\2022051017_591e5fd2.pdf","C:\Users\rahma\OneDrive - Indian Institute of Management\Desktop\Term 5\CCS\RAG_Project\Healthcare_Master\2022051017_591e5fd2.pdf","Healthcare_RAG_Raw","66A796E1FF0BEC8453C5F8D16441BCCAA9C47C9195E93DFFE161F4D68CB47F42","Copied"
"2022051018-1_0801124f.pdf","C:\Users\rahma\OneDrive - Indian Institute of Management\Desktop\Term 5\CCS\RAG_Project\Healthcare_RAG_Raw\01_PMJAY_NHA\2022051018-1_0801124f.pdf","C:\Users\rahma\OneDrive - Indian Institute of Management\Desktop\Term 5\CCS\RAG_Project\Healthcare_Master\2022051018-1_0801124f.pdf","Healthcare_RAG_Raw","4154AC36A2ACAD7FF77D4DA83073A0A4DCB5F387C1D35AD2F4FD4F32B09F1808","Copied"
"2022051022_539afa89.pdf","C:\Users\rahma\OneDrive - Indian Institute of Management\Desktop\Term 5\CCS\RAG_Project\Healthcare_RAG_Raw\01_PMJAY_NHA\2022051022_539afa89.pdf","C:\Users\rahma\OneDrive - Indian Institute of Management\Desktop\Term 5\CCS\RAG_Project\Healthcare_Master\Guidelines for Claim Amount Utilisation by Public Hospitals.pdf","Healthcare_RAG_Raw","A7CEE13AC59D54431A699294870DCDF5332CBC0167D80CD2218C750BA181BBED","Duplicate"
"2022051023_351bde10.pdf","C:\Users\rahma\OneDrive - Indian Institute of Management\Desktop\Term 5\CCS\RAG_Project\Healthcare_RAG_Raw\01_PMJAY_NHA\2022051023_351bde10.pdf","C:\Users\rahma\OneDrive - Indian Institute of Management\Desktop\Term 5\CCS\RAG_Project\Healthcare_Master\Model Tender Document for ISA Volume I.pdf","Healthcare_RAG_Raw","B83650D4897B1F87B50A833840D0E0104E138482066410B10774F874ACF7A225","Duplicate"
"2022051025-1_48e67d8c.pdf","C:\Users\rahma\OneDrive - Indian Institute of Management\Desktop\Term 5\CCS\RAG_Project\Healthcare_RAG_Raw\01_PMJAY_NHA\2022051025-1_48e67d8c.pdf","C:\Users\rahma\OneDrive - Indian Institute of Management\Desktop\Term 5\CCS\RAG_Project\Healthcare_Master\OM Dt. 1 Dec - 2.pdf","Healthcare_RAG_Raw","D89CD08816A211950F88B43124DB346D4DFFC111C52509EFE72BDCEF04D96BF4","Duplicate"
"2022051025_2e2b51d3.pdf","C:\Users\rahma\OneDrive - Indian Institute of Management\Desktop\Term 5\CCS\RAG_Project\Healthcare_RAG_Raw\01_PMJAY_NHA\2022051025_2e2b51d3.pdf","C:\Users\rahma\OneDrive - Indian Institute of Management\Desktop\Term 5\CCS\RAG_Project\Healthcare_Master\Guidelines on Security & Privacy.pdf","Healthcare_RAG_Raw","E07B9DAC71077FD8EEFA08A644E26C81FA6158E7D35A23A0B36E97CC0EA67595","Duplicate"
"2022051026-1_0fcf0049.pdf","C:\Users\rahma\OneDrive - Indian Institute of Management\Desktop\Term 5\CCS\RAG_Project\Healthcare_RAG_Raw\01_PMJAY_NHA\2022051026-1_0fcf0049.pdf","C:\Users\rahma\OneDrive - Indian Institute of Management\Desktop\Term 5\CCS\RAG_Project\Healthcare_Master\Model Tender Document for ISA Volume III version 2.0.pdf","Healthcare_RAG_Raw","5481D48431E55BCDA54389B3E89F2E81CA7467B20BA0DE3BEF4FE260FE3EFAA3","Duplicate"
"2022051026_62a1b010.pdf","C:\Users\rahma\OneDrive - Indian Institute of Management\Desktop\Term 5\CCS\RAG_Project\Healthcare_RAG_Raw\01_PMJAY_NHA\2022051026_62a1b010.pdf","C:\Users\rahma\OneDrive - Indian Institute of Management\Desktop\Term 5\CCS\RAG_Project\Healthcare_Master\2022051026_62a1b010.pdf","Healthcare_RAG_Raw","E1F22D7F1A63EB7A4A65FEBB6B3BE02BF597488D7A8182F0DE46F624E69D22E3","Copied"
"2022051028_870c94cb.pdf","C:\Users\rahma\OneDrive - Indian Institute of Management\Desktop\Term 5\CCS\RAG_Project\Healthcare_RAG_Raw\01_PMJAY_NHA\2022051028_870c94cb.pdf","C:\Users\rahma\OneDrive - Indian Institute of Management\Desktop\Term 5\CCS\RAG_Project\Healthcare_Master\2022051028_870c94cb.pdf","Healthcare_RAG_Raw","8B7EEF1856FD7021475CA8D8B9D1FAC483D92EA762BFE5A41E96B67258F2916A","Copied"
"2022051029_26a0391d.pdf","C:\Users\rahma\OneDrive - Indian Institute of Management\Desktop\Term 5\CCS\RAG_Project\Healthcare_RAG_Raw\01_PMJAY_NHA\2022051029_26a0391d.pdf","C:\Users\rahma\OneDrive - Indian Institute of Management\Desktop\Term 5\CCS\RAG_Project\Healthcare_Master\Posters for Urban Additional Data Collection Drive.pdf","Healthcare_RAG_Raw","EF62D4922925E5D9767BC7F105BE7902C91794FACAA0D0C946B01E19C6CB3242","Duplicate"
"2022051033-1_733930f2.pdf","C:\Users\rahma\OneDrive - Indian Institute of Management\Desktop\Term 5\CCS\RAG_Project\Healthcare_RAG_Raw\01_PMJAY_NHA\2022051033-1_733930f2.pdf","C:\Users\rahma\OneDrive - Indian Institute of Management\Desktop\Term 5\CCS\RAG_Project\Healthcare_Master\NHA Data Privacy Policy Version 1.0.pdf","Healthcare_RAG_Raw","4762EEF7FDA4E04657803E5A406E76C7BCCE6F37FFC2B87E52A48374F17EC90B","Duplicate"
"2022051033_fa1cb4f2.pdf","C:\Users\rahma\OneDrive - Indian Institute of Management\Desktop\Term 5\CCS\RAG_Project\Healthcare_RAG_Raw\01_PMJAY_NHA\2022051033_fa1cb4f2.pdf","C:\Users\rahma\OneDrive - Indian Institute of Management\Desktop\Term 5\CCS\RAG_Project\Healthcare_Master\NHA Volunteer Guidelines.pdf","Healthcare_RAG_Raw","DC28EF1442CDADB1F08D9D0156DC08A4D48AF6DA809A19D6C63CA6D45C72A25C","Duplicate"
"2022051036-1_a2a62f5c.pdf","C:\Users\rahma\OneDrive - Indian Institute of Management\Desktop\Term 5\CCS\RAG_Project\Healthcare_RAG_Raw\01_PMJAY_NHA\2022051036-1_a2a62f5c.pdf","C:\Users\rahma\OneDrive - Indian Institute of Management\Desktop\Term 5\CCS\RAG_Project\Healthcare_Master\2022051036-1_a2a62f5c.pdf","Healthcare_RAG_Raw","79F7E48F8D146BF7B93DD24C374581971174C06EFBCCBC282FB73CBEBDA8E0B8","Copied"
"2022051036-2_84903cca.pdf","C:\Users\rahma\OneDrive - Indian Institute of Management\Desktop\Term 5\CCS\RAG_Project\Healthcare_RAG_Raw\01_PMJAY_NHA\2022051036-2_84903cca.pdf","C:\Users\rahma\OneDrive - Indian Institute of Management\Desktop\Term 5\CCS\RAG_Project\Healthcare_Master\2022051036-2_84903cca.pdf","Healthcare_RAG_Raw","75508C5D1D798CBA4AD78F853BC87DCEDB963E2110E1AC42C5CDD5028DF9BB9F","Copied"
"2022051036_9df3dbd0.pdf","C:\Users\rahma\OneDrive - Indian Institute of Management\Desktop\Term 5\CCS\RAG_Project\Healthcare_RAG_Raw\01_PMJAY_NHA\2022051036_9df3dbd0.pdf","C:\Users\rahma\OneDrive - Indian Institute of Management\Desktop\Term 5\CCS\RAG_Project\Healthcare_Master\Download this Document.pdf","Healthcare_RAG_Raw","01466D90108C988EF60202060D972EF3FF8A7E8B2D91127A0D98434F5BB1E226","Duplicate"
"2022051039_be62469a.pdf","C:\Users\rahma\OneDrive - Indian Institute of Management\Desktop\Term 5\CCS\RAG_Project\Healthcare_RAG_Raw\01_PMJAY_NHA\2022051039_be62469a.pdf","C:\Users\rahma\OneDrive - Indian Institute of Management\Desktop\Term 5\CCS\RAG_Project\Healthcare_Master\2022051039_be62469a.pdf","Healthcare_RAG_Raw","872654559F563EB63757766562AC04BF179A985079318899AB4752CB5F184C47","Copied"
"2022051041_56b80a61.pdf","C:\Users\rahma\OneDrive - Indian Institute of Management\Desktop\Term 5\CCS\RAG_Project\Healthcare_RAG_Raw\01_PMJAY_NHA\2022051041_56b80a61.pdf","C:\Users\rahma\OneDrive - Indian Institute of Management\Desktop\Term 5\CCS\RAG_Project\Healthcare_Master\PM-JAY Process Flow at Empanelled Hospitals.pdf","Healthcare_RAG_Raw","CBC16B040F2EA830609C8923445BEE2DDB59E6A266ED7CA048F5001A09E65506","Duplicate"
"2022051047_f7d26810.pdf","C:\Users\rahma\OneDrive - Indian Institute of Management\Desktop\Term 5\CCS\RAG_Project\Healthcare_RAG_Raw\01_PMJAY_NHA\2022051047_f7d26810.pdf","C:\Users\rahma\OneDrive - Indian Institute of Management\Desktop\Term 5\CCS\RAG_Project\Healthcare_Master\3rd OM on Covid-19, mandating tests -4.pdf","Healthcare_RAG_Raw","AD967147C6F06A36A20DC5F0A9F394C8918E062E414421F528FF8EEDAF2981C1","Duplicate"
"2022051051-1_83ccd10e.pdf","C:\Users\rahma\OneDrive - Indian Institute of Management\Desktop\Term 5\CCS\RAG_Project\Healthcare_RAG_Raw\01_PMJAY_NHA\2022051051-1_83ccd10e.pdf","C:\Users\rahma\OneDrive - Indian Institute of Management\Desktop\Term 5\CCS\RAG_Project\Healthcare_Master\Anti Fraud Guidelines.pdf","Healthcare_RAG_Raw","F15965ACC70AB1620BA4E462F3A8047416EEE944BB1B8D7CAE9D10D5D1DA8E4C","Duplicate"
"2022051051_0de6e5e9.pdf","C:\Users\rahma\OneDrive - Indian Institute of Management\Desktop\Term 5\CCS\RAG_Project\Healthcare_RAG_Raw\01_PMJAY_NHA\2022051051_0de6e5e9.pdf","C:\Users\rahma\OneDrive - Indian Institute of Management\Desktop\Term 5\CCS\RAG_Project\Healthcare_Master\Model Tender Document for ISA Volume II.pdf","Healthcare_RAG_Raw","983272D61723FD7CA37EB489032558A292C5DEFEFA6AEE5648ECDF3B3B16B42E","Duplicate"
"2022051052-1_36e04a48.pdf","C:\Users\rahma\OneDrive - Indian Institute of Management\Desktop\Term 5\CCS\RAG_Project\Healthcare_RAG_Raw\01_PMJAY_NHA\2022051052-1_36e04a48.pdf","C:\Users\rahma\OneDrive - Indian Institute of Management\Desktop\Term 5\CCS\RAG_Project\Healthcare_Master\Guidelines for usage of Software in Poor Connectivity Scenarios.pdf","Healthcare_RAG_Raw","BAD078A2DAF81A8E7C11B9F31D8770C4A7ACA8A88CDA52FCE47D8C9331D5ADE7","Duplicate"
"2022051052_904110fe.pdf","C:\Users\rahma\OneDrive - Indian Institute of Management\Desktop\Term 5\CCS\RAG_Project\Healthcare_RAG_Raw\01_PMJAY_NHA\2022051052_904110fe.pdf","C:\Users\rahma\OneDrive - Indian Institute of Management\Desktop\Term 5\CCS\RAG_Project\Healthcare_Master\Assurance Model Download.pdf","Healthcare_RAG_Raw","586614E5159B06C64B2778E782DFAFA428201C5127DECD181D9CE7014C40E741","Duplicate"
"2022051053_6de6c518.pdf","C:\Users\rahma\OneDrive - Indian Institute of Management\Desktop\Term 5\CCS\RAG_Project\Healthcare_RAG_Raw\01_PMJAY_NHA\2022051053_6de6c518.pdf","C:\Users\rahma\OneDrive - Indian Institute of Management\Desktop\Term 5\CCS\RAG_Project\Healthcare_Master\Annexure I Pre-Authorization Form.pdf","Healthcare_RAG_Raw","A1994B0A8ADE3DA3AAF20E9028B5E3D9D152FA80946DF0CF374D92E568E7A8EF","Duplicate"
"2022051054-1_45c044e9.pdf","C:\Users\rahma\OneDrive - Indian Institute of Management\Desktop\Term 5\CCS\RAG_Project\Healthcare_RAG_Raw\01_PMJAY_NHA\2022051054-1_45c044e9.pdf","C:\Users\rahma\OneDrive - Indian Institute of Management\Desktop\Term 5\CCS\RAG_Project\Healthcare_Master\2022051054-1_45c044e9.pdf","Healthcare_RAG_Raw","19BF3FC809F4EFA74D8AC2633108225B6C21C2C76E8F834DFF3AC12EAC1BA552","Copied"
"2022051054_38ce119e.pdf","C:\Users\rahma\OneDrive - Indian Institute of Management\Desktop\Term 5\CCS\RAG_Project\Healthcare_RAG_Raw\01_PMJAY_NHA\2022051054_38ce119e.pdf","C:\Users\rahma\OneDrive - Indian Institute of Management\Desktop\Term 5\CCS\RAG_Project\Healthcare_Master\Download.pdf","Healthcare_RAG_Raw","ABCF388609476F82ED69098BF59FD6EB3DCA5A50381859F63EE3DECAE46307B6","Duplicate"
"2022051058_8874bb16.pdf","C:\Users\rahma\OneDrive - Indian Institute of Management\Desktop\Term 5\CCS\RAG_Project\Healthcare_RAG_Raw\01_PMJAY_NHA\2022051058_8874bb16.pdf","C:\Users\rahma\OneDrive - Indian Institute of Management\Desktop\Term 5\CCS\RAG_Project\Healthcare_Master\NHA OM - 6.pdf","Healthcare_RAG_Raw","49346D79097594D8E4CC3977738F302553DAE17F662FF022E5E68D54CB3D2F0D","Duplicate"
"2022051061-1_d62436a4.pdf","C:\Users\rahma\OneDrive - Indian Institute of Management\Desktop\Term 5\CCS\RAG_Project\Healthcare_RAG_Raw\01_PMJAY_NHA\2022051061-1_d62436a4.pdf","C:\Users\rahma\OneDrive - Indian Institute of Management\Desktop\Term 5\CCS\RAG_Project\Healthcare_Master\5th OM COVID-19 - 5.pdf","Healthcare_RAG_Raw","9029A6C89E261E01B69C35C14437FA48E7E3F2A4AA307F21F60FE1284EDF0A56","Duplicate"
"2022051061_64826dfc.pdf","C:\Users\rahma\OneDrive - Indian Institute of Management\Desktop\Term 5\CCS\RAG_Project\Healthcare_RAG_Raw\01_PMJAY_NHA\2022051061_64826dfc.pdf","C:\Users\rahma\OneDrive - Indian Institute of Management\Desktop\Term 5\CCS\RAG_Project\Healthcare_Master\Volunteer Application Form.pdf","Healthcare_RAG_Raw","A75AD516EE62A9625D071021E845BBB5E2374E5BDAA2F50FE1B7473D5861E26C","Duplicate"
"2022051063_e8cf1010.pdf","C:\Users\rahma\OneDrive - Indian Institute of Management\Desktop\Term 5\CCS\RAG_Project\Healthcare_RAG_Raw\01_PMJAY_NHA\2022051063_e8cf1010.pdf","C:\Users\rahma\OneDrive - Indian Institute of Management\Desktop\Term 5\CCS\RAG_Project\Healthcare_Master\Presentation.pdf","Healthcare_RAG_Raw","A78B2DB4F42DA9B611E9205A45C48EF05ECE8EB017AEC2BE6D7B96829A968463","Duplicate"
"2022051064_bd278168.pdf","C:\Users\rahma\OneDrive - Indian Institute of Management\Desktop\Term 5\CCS\RAG_Project\Healthcare_RAG_Raw\01_PMJAY_NHA\2022051064_bd278168.pdf","C:\Users\rahma\OneDrive - Indian Institute of Management\Desktop\Term 5\CCS\RAG_Project\Healthcare_Master\Guidelines for Ayushman Mitra.pdf","Healthcare_RAG_Raw","20968CD64EE9B2B0A60E3639AD87E3CA7426FF20232D27F689A73CBFF3767F09","Duplicate"
"2022051065_c0888b52.pdf","C:\Users\rahma\OneDrive - Indian Institute of Management\Desktop\Term 5\CCS\RAG_Project\Healthcare_RAG_Raw\01_PMJAY_NHA\2022051065_c0888b52.pdf","C:\Users\rahma\OneDrive - Indian Institute of Management\Desktop\Term 5\CCS\RAG_Project\Healthcare_Master\NHA OM on Covid - 1.pdf","Healthcare_RAG_Raw","9820103A2D33BDFD5320BEE25E7CC97CFC9D513F5A2F72319D03279919A051C0","Duplicate"
"2022051067_9f475305.pdf","C:\Users\rahma\OneDrive - Indian Institute of Management\Desktop\Term 5\CCS\RAG_Project\Healthcare_RAG_Raw\01_PMJAY_NHA\2022051067_9f475305.pdf","C:\Users\rahma\OneDrive - Indian Institute of Management\Desktop\Term 5\CCS\RAG_Project\Healthcare_Master\2022051067_9f475305.pdf","Healthcare_RAG_Raw","E5A51A469E7435917E909D7B1E0DA020AA63BE3A147690726B0F36BF11DBB415","Copied"
"2022051068_ed4573b3.pdf","C:\Users\rahma\OneDrive - Indian Institute of Management\Desktop\Term 5\CCS\RAG_Project\Healthcare_RAG_Raw\01_PMJAY_NHA\2022051068_ed4573b3.pdf","C:\Users\rahma\OneDrive - Indian Institute of Management\Desktop\Term 5\CCS\RAG_Project\Healthcare_Master\Insurance Model Download.pdf","Healthcare_RAG_Raw","D4E41F8FFEDF56927B9DDC8A51197BBA1A06F813AA3EFD7E1F2BCF0DC879C428","Duplicate"
"2022051070_ff788336.pdf","C:\Users\rahma\OneDrive - Indian Institute of Management\Desktop\Term 5\CCS\RAG_Project\Healthcare_RAG_Raw\01_PMJAY_NHA\2022051070_ff788336.pdf","C:\Users\rahma\OneDrive - Indian Institute of Management\Desktop\Term 5\CCS\RAG_Project\Healthcare_Master\Release of Grant in Aid-Trust Mode.pdf","Healthcare_RAG_Raw","3B9ECEF4AEE30C4C3F6298ABDFDA80828A5AFCAD610939F42F55458D99D2BFDA","Duplicate"
"2022051074_5ff78f06.pdf","C:\Users\rahma\OneDrive - Indian Institute of Management\Desktop\Term 5\CCS\RAG_Project\Healthcare_RAG_Raw\01_PMJAY_NHA\2022051074_5ff78f06.pdf","C:\Users\rahma\OneDrive - Indian Institute of Management\Desktop\Term 5\CCS\RAG_Project\Healthcare_Master\Model agreement between Empanelled Healthcare Provider, SHA and insurer or ISA.pdf","Healthcare_RAG_Raw","6E4B35E07AA04E703CD3CAF606ABE93CE632FF987F52B6AC554A0599206E1877","Duplicate"
"2022051077_20878b3d.pdf","C:\Users\rahma\OneDrive - Indian Institute of Management\Desktop\Term 5\CCS\RAG_Project\Healthcare_RAG_Raw\01_PMJAY_NHA\2022051077_20878b3d.pdf","C:\Users\rahma\OneDrive - Indian Institute of Management\Desktop\Term 5\CCS\RAG_Project\Healthcare_Master\Annexure II - Discharge Summary.pdf","Healthcare_RAG_Raw","9E5D72B844A31DFD4147BA9DBE156FECD35A14DB4A1A6985CDB293AB02CFEC0F","Duplicate"
"2022051078-1_84a2ae77.pdf","C:\Users\rahma\OneDrive - Indian Institute of Management\Desktop\Term 5\CCS\RAG_Project\Healthcare_RAG_Raw\01_PMJAY_NHA\2022051078-1_84a2ae77.pdf","C:\Users\rahma\OneDrive - Indian Institute of Management\Desktop\Term 5\CCS\RAG_Project\Healthcare_Master\2022051078-1_84a2ae77.pdf","Healthcare_RAG_Raw","2A6D32B3B5DF1DFBC857EF58C218768C7CC23E440090B06297A2A936161E0F97","Copied"
"2022051078_30d94d70.pdf","C:\Users\rahma\OneDrive - Indian Institute of Management\Desktop\Term 5\CCS\RAG_Project\Healthcare_RAG_Raw\01_PMJAY_NHA\2022051078_30d94d70.pdf","C:\Users\rahma\OneDrive - Indian Institute of Management\Desktop\Term 5\CCS\RAG_Project\Healthcare_Master\2022051078_30d94d70.pdf","Healthcare_RAG_Raw","EC0AC61029DEF97FA67446D5C526E93F8177BD3DB410FC99661EEB36C5A0389D","Copied"
"2022051079-1_15ae97ea.pdf","C:\Users\rahma\OneDrive - Indian Institute of Management\Desktop\Term 5\CCS\RAG_Project\Healthcare_RAG_Raw\01_PMJAY_NHA\2022051079-1_15ae97ea.pdf","C:\Users\rahma\OneDrive - Indian Institute of Management\Desktop\Term 5\CCS\RAG_Project\Healthcare_Master\Guidelines on Claim Settlement.pdf","Healthcare_RAG_Raw","6B5C940D51F7CD709BFD20FD62F550D641DAA94943839AEAD1C5EF6034081490","Duplicate"
"2022051079_0a53dfea.pdf","C:\Users\rahma\OneDrive - Indian Institute of Management\Desktop\Term 5\CCS\RAG_Project\Healthcare_RAG_Raw\01_PMJAY_NHA\2022051079_0a53dfea.pdf","C:\Users\rahma\OneDrive - Indian Institute of Management\Desktop\Term 5\CCS\RAG_Project\Healthcare_Master\Guidelines for Additional Collection Drive in Urban Area.pdf","Healthcare_RAG_Raw","E4BD5F08F20B8D966AB9090053BED577A9F36E2908FD1F87A2F0894007175110","Duplicate"
"2022051080_ae5b7b99.pdf","C:\Users\rahma\OneDrive - Indian Institute of Management\Desktop\Term 5\CCS\RAG_Project\Healthcare_RAG_Raw\01_PMJAY_NHA\2022051080_ae5b7b99.pdf","C:\Users\rahma\OneDrive - Indian Institute of Management\Desktop\Term 5\CCS\RAG_Project\Healthcare_Master\Checklist for State Secretaries.pdf","Healthcare_RAG_Raw","CB912EED2970AE88453FC95A19DD09ACDE31F652043891A78A4144938287A98A","Duplicate"
"2022051081_00ce9883.pdf","C:\Users\rahma\OneDrive - Indian Institute of Management\Desktop\Term 5\CCS\RAG_Project\Healthcare_RAG_Raw\01_PMJAY_NHA\2022051081_00ce9883.pdf","C:\Users\rahma\OneDrive - Indian Institute of Management\Desktop\Term 5\CCS\RAG_Project\Healthcare_Master\Checklist for ULB_Ward Nodal Officers.pdf","Healthcare_RAG_Raw","D54DC136F10FD7332640540D7670EFD068E590319EAAAD835F4086AD6E24EACC","Duplicate"
"2022051083_1e670b83.pdf","C:\Users\rahma\OneDrive - Indian Institute of Management\Desktop\Term 5\CCS\RAG_Project\Healthcare_RAG_Raw\01_PMJAY_NHA\2022051083_1e670b83.pdf","C:\Users\rahma\OneDrive - Indian Institute of Management\Desktop\Term 5\CCS\RAG_Project\Healthcare_Master\Guidelines for Portability of Services.pdf","Healthcare_RAG_Raw","7ED0A5CBF95AF78572BCA92B2838CC7205063754C84CDB24842A11FC3FA9E3CE","Duplicate"
"2022051084_eb26c29f.pdf","C:\Users\rahma\OneDrive - Indian Institute of Management\Desktop\Term 5\CCS\RAG_Project\Healthcare_RAG_Raw\01_PMJAY_NHA\2022051084_eb26c29f.pdf","C:\Users\rahma\OneDrive - Indian Institute of Management\Desktop\Term 5\CCS\RAG_Project\Healthcare_Master\BIS - Guidelines on disabling BIS e-Card.pdf","Healthcare_RAG_Raw","94E5E56987AE17907B46D7873051B510B38A3E5AC05635B7ABE5FB2BF1D28465","Duplicate"
"2022051085-1_12927ae2.pdf","C:\Users\rahma\OneDrive - Indian Institute of Management\Desktop\Term 5\CCS\RAG_Project\Healthcare_RAG_Raw\01_PMJAY_NHA\2022051085-1_12927ae2.pdf","C:\Users\rahma\OneDrive - Indian Institute of Management\Desktop\Term 5\CCS\RAG_Project\Healthcare_Master\Advisory on MTD for the Selection of Implementation Support Agency (ISA) Volume I.pdf","Healthcare_RAG_Raw","5B59213682332F92EF394D147981C2EBBA1C338CCCACDD9FFF09E80BCF0DB8C6","Duplicate"
"2022051085_cbe3dfa7.pdf","C:\Users\rahma\OneDrive - Indian Institute of Management\Desktop\Term 5\CCS\RAG_Project\Healthcare_RAG_Raw\01_PMJAY_NHA\2022051085_cbe3dfa7.pdf","C:\Users\rahma\OneDrive - Indian Institute of Management\Desktop\Term 5\CCS\RAG_Project\Healthcare_Master\Model Tender Document for Selection of Insurance Company for the implementation of Ayushman Bharat - Vol II.pdf","Healthcare_RAG_Raw","1148C8E8B988993DAB404549D767621EC4E7D345E3CA48D6F409969CE5DAC315","Duplicate"
"2022051087_afa70a06.pdf","C:\Users\rahma\OneDrive - Indian Institute of Management\Desktop\Term 5\CCS\RAG_Project\Healthcare_RAG_Raw\01_PMJAY_NHA\2022051087_afa70a06.pdf","C:\Users\rahma\OneDrive - Indian Institute of Management\Desktop\Term 5\CCS\RAG_Project\Healthcare_Master\Model Tender Document for Selection of Insurance Company for the implementation of Ayushman Bharat - Vol I.pdf","Healthcare_RAG_Raw","31B72026D9AD018C37B8CFA04EB8C4F38F72C54220ACC3D4B1F4D22237878A6E","Duplicate"
"2022051091-1_6c9bc5a1.pdf","C:\Users\rahma\OneDrive - Indian Institute of Management\Desktop\Term 5\CCS\RAG_Project\Healthcare_RAG_Raw\01_PMJAY_NHA\2022051091-1_6c9bc5a1.pdf","C:\Users\rahma\OneDrive - Indian Institute of Management\Desktop\Term 5\CCS\RAG_Project\Healthcare_Master\2022051091-1_6c9bc5a1.pdf","Healthcare_RAG_Raw","89EED74645C2F2FB9CE079C81E587AE2AAD16FD4095F8069B1F10BD2B7D9A7E7","Copied"
"2022051091_9c22a01e.pdf","C:\Users\rahma\OneDrive - Indian Institute of Management\Desktop\Term 5\CCS\RAG_Project\Healthcare_RAG_Raw\01_PMJAY_NHA\2022051091_9c22a01e.pdf","C:\Users\rahma\OneDrive - Indian Institute of Management\Desktop\Term 5\CCS\RAG_Project\Healthcare_Master\Guidelines on Formation of State Health Agency and District Implementation Unit.pdf","Healthcare_RAG_Raw","EECDECD196A868C040512097D2DF502FB5DE0AA99271330629413BDB0ED5AFED","Duplicate"
"2022051092-1_1b2d2dce.pdf","C:\Users\rahma\OneDrive - Indian Institute of Management\Desktop\Term 5\CCS\RAG_Project\Healthcare_RAG_Raw\01_PMJAY_NHA\2022051092-1_1b2d2dce.pdf","C:\Users\rahma\OneDrive - Indian Institute of Management\Desktop\Term 5\CCS\RAG_Project\Healthcare_Master\Guidelines on Process of Empanelment for Hospital.pdf","Healthcare_RAG_Raw","254F18656022FC40E969912EC00AF287C995D010DB99D11ECE0A67498C4B5893","Duplicate"
"2022051092-2_31a900cc.pdf","C:\Users\rahma\OneDrive - Indian Institute of Management\Desktop\Term 5\CCS\RAG_Project\Healthcare_RAG_Raw\01_PMJAY_NHA\2022051092-2_31a900cc.pdf","C:\Users\rahma\OneDrive - Indian Institute of Management\Desktop\Term 5\CCS\RAG_Project\Healthcare_Master\Escrow Bank Account Guidelines.pdf","Healthcare_RAG_Raw","2D3BEFA443DFA8D66E5A8AF2993527167DF5780549591EFE5CEF0DA6044C6E03","Duplicate"
"2022051092_5642cedb.pdf","C:\Users\rahma\OneDrive - Indian Institute of Management\Desktop\Term 5\CCS\RAG_Project\Healthcare_RAG_Raw\01_PMJAY_NHA\2022051092_5642cedb.pdf","C:\Users\rahma\OneDrive - Indian Institute of Management\Desktop\Term 5\CCS\RAG_Project\Healthcare_Master\Guidelines on Process of Beneficiary Identification.pdf","Healthcare_RAG_Raw","5CE0137307176A67E883D063BFE14AB62CD18F081C1AEC6DDBB2B323DEDD9B62","Duplicate"
"2022051094_da34ad28.pdf","C:\Users\rahma\OneDrive - Indian Institute of Management\Desktop\Term 5\CCS\RAG_Project\Healthcare_RAG_Raw\01_PMJAY_NHA\2022051094_da34ad28.pdf","C:\Users\rahma\OneDrive - Indian Institute of Management\Desktop\Term 5\CCS\RAG_Project\Healthcare_Master\Guidelines for Young Professional Program.pdf","Healthcare_RAG_Raw","F27288126EA998C1732467708151D6249DD671CED41C8CCDA1004626F6CFF539","Duplicate"
"2022051095-1_8d853a8f.pdf","C:\Users\rahma\OneDrive - Indian Institute of Management\Desktop\Term 5\CCS\RAG_Project\Healthcare_RAG_Raw\01_PMJAY_NHA\2022051095-1_8d853a8f.pdf","C:\Users\rahma\OneDrive - Indian Institute of Management\Desktop\Term 5\CCS\RAG_Project\Healthcare_Master\Guidelines on Process for Hospital Transaction.pdf","Healthcare_RAG_Raw","F74F79F1D7D3564E7CDBA5CD2CAB68185D99032AAE0D980393B5503FC5A5585E","Duplicate"
"2022051095-2_dc2bf0b9.pdf","C:\Users\rahma\OneDrive - Indian Institute of Management\Desktop\Term 5\CCS\RAG_Project\Healthcare_RAG_Raw\01_PMJAY_NHA\2022051095-2_dc2bf0b9.pdf","C:\Users\rahma\OneDrive - Indian Institute of Management\Desktop\Term 5\CCS\RAG_Project\Healthcare_Master\2022051095-2_dc2bf0b9.pdf","Healthcare_RAG_Raw","AE669DB5ED7F441887BBD4FF6C5B6A281FCAA74A79F170F07AC72E22D0E77695","Copied"
"2022051095_65fd1c8b.pdf","C:\Users\rahma\OneDrive - Indian Institute of Management\Desktop\Term 5\CCS\RAG_Project\Healthcare_RAG_Raw\01_PMJAY_NHA\2022051095_65fd1c8b.pdf","C:\Users\rahma\OneDrive - Indian Institute of Management\Desktop\Term 5\CCS\RAG_Project\Healthcare_Master\Guidelines on Release of Premium and Escrow account.pdf","Healthcare_RAG_Raw","6276439CE424270FAC79740D99C218527F513A9F6B6F5388EA856058FB8CBFFF","Duplicate"
"2022051096_4132c6db.pdf","C:\Users\rahma\OneDrive - Indian Institute of Management\Desktop\Term 5\CCS\RAG_Project\Healthcare_RAG_Raw\01_PMJAY_NHA\2022051096_4132c6db.pdf","C:\Users\rahma\OneDrive - Indian Institute of Management\Desktop\Term 5\CCS\RAG_Project\Healthcare_Master\Background note.pdf","Healthcare_RAG_Raw","527E88E37D6935C5C7A103BD33B1B22B22412CD86F8EBB7AF7C583BDAE580ECD","Duplicate"
"2022051097_5f9a568f.pdf","C:\Users\rahma\OneDrive - Indian Institute of Management\Desktop\Term 5\CCS\RAG_Project\Healthcare_RAG_Raw\01_PMJAY_NHA\2022051097_5f9a568f.pdf","C:\Users\rahma\OneDrive - Indian Institute of Management\Desktop\Term 5\CCS\RAG_Project\Healthcare_Master\2nd OM COVID-19 - 3.pdf","Healthcare_RAG_Raw","0413BFBE5AD0DE8F67D88A79CA3C7DA7AF3646269CC930142EB47CEDD6594603","Duplicate"
"2022051099_de28ae6b.pdf","C:\Users\rahma\OneDrive - Indian Institute of Management\Desktop\Term 5\CCS\RAG_Project\Healthcare_RAG_Raw\01_PMJAY_NHA\2022051099_de28ae6b.pdf","C:\Users\rahma\OneDrive - Indian Institute of Management\Desktop\Term 5\CCS\RAG_Project\Healthcare_Master\Guidelines for Grievance Redressal.pdf","Healthcare_RAG_Raw","3F539D9F23F7A51C27C7115D024713A835806740BAF74CEF61255B5EA15697D1","Duplicate"
"2023042133_dea41d30.pdf","C:\Users\rahma\OneDrive - Indian Institute of Management\Desktop\Term 5\CCS\RAG_Project\Healthcare_RAG_Raw\01_PMJAY_NHA\2023042133_dea41d30.pdf","C:\Users\rahma\OneDrive - Indian Institute of Management\Desktop\Term 5\CCS\RAG_Project\Healthcare_Master\2023042133_dea41d30.pdf","Healthcare_RAG_Raw","66623AE9F273B60D29EDC2A641AFE4823D1376C1C7EF59C06CFC14178CC4E8A6","Copied"
"2023042165_3e1f47f4.pdf","C:\Users\rahma\OneDrive - Indian Institute of Management\Desktop\Term 5\CCS\RAG_Project\Healthcare_RAG_Raw\01_PMJAY_NHA\2023042165_3e1f47f4.pdf","C:\Users\rahma\OneDrive - Indian Institute of Management\Desktop\Term 5\CCS\RAG_Project\Healthcare_Master\2023042165_3e1f47f4.pdf","Healthcare_RAG_Raw","994568ABD997CFE09652F5ABE9DBA744040F8EF12D03CD8C20E84B5BE8415E24","Copied"
"20240828153687657_29a5bdfc.pdf","C:\Users\rahma\OneDrive - Indian Institute of Management\Desktop\Term 5\CCS\RAG_Project\Healthcare_RAG_Raw\01_PMJAY_NHA\20240828153687657_29a5bdfc.pdf","C:\Users\rahma\OneDrive - Indian Institute of Management\Desktop\Term 5\CCS\RAG_Project\Healthcare_Master\20240828153687657_29a5bdfc.pdf","Healthcare_RAG_Raw","D01A76E7A57D8C7757023FD6ED4F0E608D32858475515947C468518882334C80","Copied"
"202408282049810185_494748df.pdf","C:\Users\rahma\OneDrive - Indian Institute of Management\Desktop\Term 5\CCS\RAG_Project\Healthcare_RAG_Raw\01_PMJAY_NHA\202408282049810185_494748df.pdf","C:\Users\rahma\OneDrive - Indian Institute of Management\Desktop\Term 5\CCS\RAG_Project\Healthcare_Master\202408282049810185_494748df.pdf","Healthcare_RAG_Raw","5D22F50AE9330F276403CFE13A199EAC87D0D03B2581783C53DF89A2F539D154","Copied"
"20240924831436164_2c5eded9.pdf","C:\Users\rahma\OneDrive - Indian Institute of Management\Desktop\Term 5\CCS\RAG_Project\Healthcare_RAG_Raw\01_PMJAY_NHA\20240924831436164_2c5eded9.pdf","C:\Users\rahma\OneDrive - Indian Institute of Management\Desktop\Term 5\CCS\RAG_Project\Healthcare_Master\20240924831436164_2c5eded9.pdf","Healthcare_RAG_Raw","0E87DC17A20F6D800CC639CCD138A527C88C1848E9EA5B41847EAF18448D3835","Copied"
"202409251498496928_05fc5863.pdf","C:\Users\rahma\OneDrive - Indian Institute of Management\Desktop\Term 5\CCS\RAG_Project\Healthcare_RAG_Raw\01_PMJAY_NHA\202409251498496928_05fc5863.pdf","C:\Users\rahma\OneDrive - Indian Institute of Management\Desktop\Term 5\CCS\RAG_Project\Healthcare_Master\202409251498496928_05fc5863.pdf","Healthcare_RAG_Raw","22625B98029F0AD273F0C592063F3CEE1481C2D75377CE29578E8A9B37594471","Copied"
"202409251770905432_015bc730.pdf","C:\Users\rahma\OneDrive - Indian Institute of Management\Desktop\Term 5\CCS\RAG_Project\Healthcare_RAG_Raw\01_PMJAY_NHA\202409251770905432_015bc730.pdf","C:\Users\rahma\OneDrive - Indian Institute of Management\Desktop\Term 5\CCS\RAG_Project\Healthcare_Master\202409251770905432_015bc730.pdf","Healthcare_RAG_Raw","FA8DDD066681842CA058372A48DD8DF7D04731FF8E056DC734FBD71018FEFEB2","Copied"
"20240925185541293_7ce7d80b.pdf","C:\Users\rahma\OneDrive - Indian Institute of Management\Desktop\Term 5\CCS\RAG_Project\Healthcare_RAG_Raw\01_PMJAY_NHA\20240925185541293_7ce7d80b.pdf","C:\Users\rahma\OneDrive - Indian Institute of Management\Desktop\Term 5\CCS\RAG_Project\Healthcare_Master\20240925185541293_7ce7d80b.pdf","Healthcare_RAG_Raw","B126AB9D894ACE25E8A61382B58B7B2D11D8FA053B430A949F8891AAEECBED4B","Copied"
"20240925219433972_7280a017.pdf","C:\Users\rahma\OneDrive - Indian Institute of Management\Desktop\Term 5\CCS\RAG_Project\Healthcare_RAG_Raw\01_PMJAY_NHA\20240925219433972_7280a017.pdf","C:\Users\rahma\OneDrive - Indian Institute of Management\Desktop\Term 5\CCS\RAG_Project\Healthcare_Master\20240925219433972_7280a017.pdf","Healthcare_RAG_Raw","212DD5F375625E67D199F01E7BD52B97DE6EC8121A4B0AEF5806E197D69AD33F","Copied"
"20240925686009399_25ac42cd.pdf","C:\Users\rahma\OneDrive - Indian Institute of Management\Desktop\Term 5\CCS\RAG_Project\Healthcare_RAG_Raw\01_PMJAY_NHA\20240925686009399_25ac42cd.pdf","C:\Users\rahma\OneDrive - Indian Institute of Management\Desktop\Term 5\CCS\RAG_Project\Healthcare_Master\20240925686009399_25ac42cd.pdf","Healthcare_RAG_Raw","DF0634744889D2F3B69B4231771EE99B7D627E24A6E485F3D695CBA50707E1D2","Copied"
"202410232073926223_a1c050f6.pdf","C:\Users\rahma\OneDrive - Indian Institute of Management\Desktop\Term 5\CCS\RAG_Project\Healthcare_RAG_Raw\01_PMJAY_NHA\202410232073926223_a1c050f6.pdf","C:\Users\rahma\OneDrive - Indian Institute of Management\Desktop\Term 5\CCS\RAG_Project\Healthcare_Master\202410232073926223_a1c050f6.pdf","Healthcare_RAG_Raw","71923650F4FE64C2C4204521195F5D1E4897A6F2B6A0E1022498D79A02C8C433","Copied"
"20241104222942183_6cf631d2.pdf","C:\Users\rahma\OneDrive - Indian Institute of Management\Desktop\Term 5\CCS\RAG_Project\Healthcare_RAG_Raw\01_PMJAY_NHA\20241104222942183_6cf631d2.pdf","C:\Users\rahma\OneDrive - Indian Institute of Management\Desktop\Term 5\CCS\RAG_Project\Healthcare_Master\20241104222942183_6cf631d2.pdf","Healthcare_RAG_Raw","E5174F4717B6D616D63403D2D910E03C23C3C53506C37C8086FF3896998C8574","Copied"
"202502111228430391_fe63a31e.pdf","C:\Users\rahma\OneDrive - Indian Institute of Management\Desktop\Term 5\CCS\RAG_Project\Healthcare_RAG_Raw\01_PMJAY_NHA\202502111228430391_fe63a31e.pdf","C:\Users\rahma\OneDrive - Indian Institute of Management\Desktop\Term 5\CCS\RAG_Project\Healthcare_Master\202502111228430391_fe63a31e.pdf","Healthcare_RAG_Raw","2A830AACB432DF6F8DF0D5DF09FAD8984AED60D848B60044A761DD15EC37EFEA","Copied"
"202505081575684259_fe282ed7.pdf","C:\Users\rahma\OneDrive - Indian Institute of Management\Desktop\Term 5\CCS\RAG_Project\Healthcare_RAG_Raw\01_PMJAY_NHA\202505081575684259_fe282ed7.pdf","C:\Users\rahma\OneDrive - Indian Institute of Management\Desktop\Term 5\CCS\RAG_Project\Healthcare_Master\202505081575684259_fe282ed7.pdf","Healthcare_RAG_Raw","DB35AD3F88F09136F59122CB698FC43BEB0352CBC05C90817DB2B85493C0E11D","Copied"
"20250625846048542_c7604bab.pdf","C:\Users\rahma\OneDrive - Indian Institute of Management\Desktop\Term 5\CCS\RAG_Project\Healthcare_RAG_Raw\01_PMJAY_NHA\20250625846048542_c7604bab.pdf","C:\Users\rahma\OneDrive - Indian Institute of Management\Desktop\Term 5\CCS\RAG_Project\Healthcare_Master\20250625846048542_c7604bab.pdf","Healthcare_RAG_Raw","57D671F49C74B6EA3A25DD570549C46CEBD00B47FEC2FB1D796DD4908AF51AD1","Copied"
"20260709194642460_6a06e553.pdf","C:\Users\rahma\OneDrive - Indian Institute of Management\Desktop\Term 5\CCS\RAG_Project\Healthcare_RAG_Raw\01_PMJAY_NHA\20260709194642460_6a06e553.pdf","C:\Users\rahma\OneDrive - Indian Institute of Management\Desktop\Term 5\CCS\RAG_Project\Healthcare_Master\20241104222942183_6cf631d2.pdf","Healthcare_RAG_Raw","E5174F4717B6D616D63403D2D910E03C23C3C53506C37C8086FF3896998C8574","Duplicate"
"202609031194350508_70532cc3.pdf","C:\Users\rahma\OneDrive - Indian Institute of Management\Desktop\Term 5\CCS\RAG_Project\Healthcare_RAG_Raw\01_PMJAY_NHA\202609031194350508_70532cc3.pdf","C:\Users\rahma\OneDrive - Indian Institute of Management\Desktop\Term 5\CCS\RAG_Project\Healthcare_Master\202609031194350508_70532cc3.pdf","Healthcare_RAG_Raw","3DE9688563487E8E830607197022241FC7B3CC457B89D6909379802B4B64DBBB","Copied"
"202609031776794593_3c961873.pdf","C:\Users\rahma\OneDrive - Indian Institute of Management\Desktop\Term 5\CCS\RAG_Project\Healthcare_RAG_Raw\01_PMJAY_NHA\202609031776794593_3c961873.pdf","C:\Users\rahma\OneDrive - Indian Institute of Management\Desktop\Term 5\CCS\RAG_Project\Healthcare_Master\202609031776794593_3c961873.pdf","Healthcare_RAG_Raw","5E5722781522EF6D5A7279680DC26927681B67C689ACF3EB308CA672F8616F37","Copied"
"(i) A Manual for Medical Officer_a7094f89.pdf","C:\Users\rahma\OneDrive - Indian Institute of Management\Desktop\Term 5\CCS\RAG_Project\Healthcare_RAG_Raw\02_Clinical_Establishments\(i) A Manual for Medical Officer_a7094f89.pdf","C:\Users\rahma\OneDrive - Indian Institute of Management\Desktop\Term 5\CCS\RAG_Project\Healthcare_Master\(i) A Manual for Medical Officer_a7094f89.pdf","Healthcare_RAG_Raw","F45A65F2404FDCFCBCF5C3D943942AF81C2662D13FA6C34EC77F8C6017ACB181","Duplicate"
"(i) Case Management of Acute Encephalitis Syndrome _ J. E_078954f7.pdf","C:\Users\rahma\OneDrive - Indian Institute of Management\Desktop\Term 5\CCS\RAG_Project\Healthcare_RAG_Raw\02_Clinical_Establishments\(i) Case Management of Acute Encephalitis Syndrome _ J. E_078954f7.pdf","C:\Users\rahma\OneDrive - Indian Institute of Management\Desktop\Term 5\CCS\RAG_Project\Healthcare_Master\(i) Case Management of Acute Encephalitis Syndrome _ J. E_078954f7.pdf","Healthcare_RAG_Raw","56E38290807AD972F917C56FF5B5B7B525078DAA08C79FF8101530288D977B7E","Duplicate"
"(i) Dental Caries and Periodontitis_3d17f785.pdf","C:\Users\rahma\OneDrive - Indian Institute of Management\Desktop\Term 5\CCS\RAG_Project\Healthcare_RAG_Raw\02_Clinical_Establishments\(i) Dental Caries and Periodontitis_3d17f785.pdf","C:\Users\rahma\OneDrive - Indian Institute of Management\Desktop\Term 5\CCS\RAG_Project\Healthcare_Master\(i) Dental Caries and Periodontitis_3d17f785.pdf","Healthcare_RAG_Raw","4116B18E1FD65F3A8963408581968FBCF173B8C4DBCC18219DDF1BC71CBC4A01","Duplicate"
"(i) Management of Common Mental Disorders_5484a005.pdf","C:\Users\rahma\OneDrive - Indian Institute of Management\Desktop\Term 5\CCS\RAG_Project\Healthcare_RAG_Raw\02_Clinical_Establishments\(i) Management of Common Mental Disorders_5484a005.pdf","C:\Users\rahma\OneDrive - Indian Institute of Management\Desktop\Term 5\CCS\RAG_Project\Healthcare_Master\(i) Management of Common Mental Disorders_5484a005.pdf","Healthcare_RAG_Raw","1DEB5865E6772159E3F929A51461F402E697520BD20172F71248859726A011D7","Duplicate"
"(i) National Guidelines Diagnosis, Case Management Prevention and Control of Leptospirosis_ff8e25ab.pdf","C:\Users\rahma\OneDrive - Indian Institute of Management\Desktop\Term 5\CCS\RAG_Project\Healthcare_RAG_Raw\02_Clinical_Establishments\(i) National Guidelines Diagnosis, Case Management Prevention and Control of Leptospirosis_ff8e25ab.pdf","C:\Users\rahma\OneDrive - Indian Institute of Management\Desktop\Term 5\CCS\RAG_Project\Healthcare_Master\(i) National Guidelines Diagnosis, Case Management Prevention and Control of Leptospirosis_ff8e25ab.pdf","Healthcare_RAG_Raw","A5B69959502DF4A7E4FE43804E1F049B8B0D2C6812B673528FECE74CD2B58A2E","Duplicate"
"(i) National Guidelines on Rabies Prophylaxis_9d94c034.pdf","C:\Users\rahma\OneDrive - Indian Institute of Management\Desktop\Term 5\CCS\RAG_Project\Healthcare_RAG_Raw\02_Clinical_Establishments\(i) National Guidelines on Rabies Prophylaxis_9d94c034.pdf","C:\Users\rahma\OneDrive - Indian Institute of Management\Desktop\Term 5\CCS\RAG_Project\Healthcare_Master\(i) National Guidelines on Rabies Prophylaxis_9d94c034.pdf","Healthcare_RAG_Raw","C8C6CB6C88AA0377EA6C5CB114AEA8ADC12349290A01E81C60F7193AC2CF9951","Duplicate"
"(i) Pre-operative, Operative and Post-operative precautions for Eye Surgery_6ae48a4d.pdf","C:\Users\rahma\OneDrive - Indian Institute of Management\Desktop\Term 5\CCS\RAG_Project\Healthcare_RAG_Raw\02_Clinical_Establishments\(i) Pre-operative, Operative and Post-operative precautions for Eye Surgery_6ae48a4d.pdf","C:\Users\rahma\OneDrive - Indian Institute of Management\Desktop\Term 5\CCS\RAG_Project\Healthcare_Master\(i) Pre-operative, Operative and Post-operative precautions for Eye Surgery_6ae48a4d.pdf","Healthcare_RAG_Raw","55EE44A2283130395B26812E7EDDE602FD2B9BDA3F5D1A4FE858B876EECD687D","Duplicate"
"(i) Prevention and Management of Burn Injuries_8f52adf1.pdf","C:\Users\rahma\OneDrive - Indian Institute of Management\Desktop\Term 5\CCS\RAG_Project\Healthcare_RAG_Raw\02_Clinical_Establishments\(i) Prevention and Management of Burn Injuries_8f52adf1.pdf","C:\Users\rahma\OneDrive - Indian Institute of Management\Desktop\Term 5\CCS\RAG_Project\Healthcare_Master\(i) Prevention and Management of Burn Injuries_8f52adf1.pdf","Healthcare_RAG_Raw","B2798CE89337B0F807B34AA46AC19068754977C0A0C9B095C7EC11E23D60A4C2","Duplicate"
"(i) Prevention, Management and control of RTI & STI_448ca091.pdf","C:\Users\rahma\OneDrive - Indian Institute of Management\Desktop\Term 5\CCS\RAG_Project\Healthcare_RAG_Raw\02_Clinical_Establishments\(i) Prevention, Management and control of RTI & STI_448ca091.pdf","C:\Users\rahma\OneDrive - Indian Institute of Management\Desktop\Term 5\CCS\RAG_Project\Healthcare_Master\(i) Prevention, Management and control of RTI & STI_448ca091.pdf","Healthcare_RAG_Raw","298C574E0B38154020DE41F6675B2B1AFCB847A343787E939CE5C4413C5BA869","Duplicate"
"(i) Standards for TB Care in India_3ea6ec68.pdf","C:\Users\rahma\OneDrive - Indian Institute of Management\Desktop\Term 5\CCS\RAG_Project\Healthcare_RAG_Raw\02_Clinical_Establishments\(i) Standards for TB Care in India_3ea6ec68.pdf","C:\Users\rahma\OneDrive - Indian Institute of Management\Desktop\Term 5\CCS\RAG_Project\Healthcare_Master\(i) Standards for TB Care in India_3ea6ec68.pdf","Healthcare_RAG_Raw","39A1E8530DEA238F0219284771EBBA2EEF4796596F1D46CEEECA71BC736C7C8F","Duplicate"
"(i) Training Manual for Medical officer_425cf695.pdf","C:\Users\rahma\OneDrive - Indian Institute of Management\Desktop\Term 5\CCS\RAG_Project\Healthcare_RAG_Raw\02_Clinical_Establishments\(i) Training Manual for Medical officer_425cf695.pdf","C:\Users\rahma\OneDrive - Indian Institute of Management\Desktop\Term 5\CCS\RAG_Project\Healthcare_Master\(i) Training Manual for Medical officer_425cf695.pdf","Healthcare_RAG_Raw","7482844E1C1467C8003A02D6F8294589D5CBABE1E62979712BEB944D169D683F","Duplicate"
"(ii) Diagnosis and treatment of Malaria_1b64ed9a.pdf","C:\Users\rahma\OneDrive - Indian Institute of Management\Desktop\Term 5\CCS\RAG_Project\Healthcare_RAG_Raw\02_Clinical_Establishments\(ii) Diagnosis and treatment of Malaria_1b64ed9a.pdf","C:\Users\rahma\OneDrive - Indian Institute of Management\Desktop\Term 5\CCS\RAG_Project\Healthcare_Master\(ii) Diagnosis and treatment of Malaria_1b64ed9a.pdf","Healthcare_RAG_Raw","3F6E8F9435CBE3671F70AA8EA8C47C18BCD8BE23AFDF180A8021EDB1C914A766","Duplicate"
"(ii) Disability Prevention & Medical Rehabilitation_cd9e5e1d.pdf","C:\Users\rahma\OneDrive - Indian Institute of Management\Desktop\Term 5\CCS\RAG_Project\Healthcare_RAG_Raw\02_Clinical_Establishments\(ii) Disability Prevention & Medical Rehabilitation_cd9e5e1d.pdf","C:\Users\rahma\OneDrive - Indian Institute of Management\Desktop\Term 5\CCS\RAG_Project\Healthcare_Master\(ii) Disability Prevention & Medical Rehabilitation_cd9e5e1d.pdf","Healthcare_RAG_Raw","CF79605CDAE2A9157EB4520627A33C197A1E7EB7987718C72E7E26F7A0A87CCE","Duplicate"
"(ii) Guidelines for Prevention and Control of Fluorosis_13f59c0f.pdf","C:\Users\rahma\OneDrive - Indian Institute of Management\Desktop\Term 5\CCS\RAG_Project\Healthcare_RAG_Raw\02_Clinical_Establishments\(ii) Guidelines for Prevention and Control of Fluorosis_13f59c0f.pdf","C:\Users\rahma\OneDrive - Indian Institute of Management\Desktop\Term 5\CCS\RAG_Project\Healthcare_Master\(ii) Guidelines for Prevention and Control of Fluorosis_13f59c0f.pdf","Healthcare_RAG_Raw","EE0D962FE0958749E7427195F6C268C62E810FFF7E4AE14917F1C5F5E32064BB","Duplicate"
"(ii) Management of Common Ear Conditions_432b3107.pdf","C:\Users\rahma\OneDrive - Indian Institute of Management\Desktop\Term 5\CCS\RAG_Project\Healthcare_RAG_Raw\02_Clinical_Establishments\(ii) Management of Common Ear Conditions_432b3107.pdf","C:\Users\rahma\OneDrive - Indian Institute of Management\Desktop\Term 5\CCS\RAG_Project\Healthcare_Master\(ii) Management of Common Ear Conditions_432b3107.pdf","Healthcare_RAG_Raw","0E49EB2058115FABA67F2C6A5548E9D70E97150E4B2A161179143E888E63BCF0","Duplicate"
"(iii) Filariasis control in India and Its Elimination_bbec7cd6.pdf","C:\Users\rahma\OneDrive - Indian Institute of Management\Desktop\Term 5\CCS\RAG_Project\Healthcare_RAG_Raw\02_Clinical_Establishments\(iii) Filariasis control in India and Its Elimination_bbec7cd6.pdf","C:\Users\rahma\OneDrive - Indian Institute of Management\Desktop\Term 5\CCS\RAG_Project\Healthcare_Master\(iii) Filariasis control in India and Its Elimination_bbec7cd6.pdf","Healthcare_RAG_Raw","BFAABE67DAC15DB640A4A628C32FF08D84C355F11B8775597EA6DFA1BEBC9D85","Duplicate"
"(iv) Chikungunya Fever_f1de1a20.pdf","C:\Users\rahma\OneDrive - Indian Institute of Management\Desktop\Term 5\CCS\RAG_Project\Healthcare_RAG_Raw\02_Clinical_Establishments\(iv) Chikungunya Fever_f1de1a20.pdf","C:\Users\rahma\OneDrive - Indian Institute of Management\Desktop\Term 5\CCS\RAG_Project\Healthcare_Master\(iv) Chikungunya Fever_f1de1a20.pdf","Healthcare_RAG_Raw","7D958B7ABB7C4942AE2B0C4020DFFC29D4A3F4757E215D51B2FE29CF5EA76746","Duplicate"
"(v) Road Map for Kala-Azar Elimination_446871ba.pdf","C:\Users\rahma\OneDrive - Indian Institute of Management\Desktop\Term 5\CCS\RAG_Project\Healthcare_RAG_Raw\02_Clinical_Establishments\(v) Road Map for Kala-Azar Elimination_446871ba.pdf","C:\Users\rahma\OneDrive - Indian Institute of Management\Desktop\Term 5\CCS\RAG_Project\Healthcare_Master\(v) Road Map for Kala-Azar Elimination_446871ba.pdf","Healthcare_RAG_Raw","D5CE5698AF35C5F9D6E3653AFF504FC814E4B5E21F34B2D907E7747C925E5666","Duplicate"
"1. Guidelines for Cardiovascular Diseases_db942697.pdf","C:\Users\rahma\OneDrive - Indian Institute of Management\Desktop\Term 5\CCS\RAG_Project\Healthcare_RAG_Raw\02_Clinical_Establishments\1. Guidelines for Cardiovascular Diseases_db942697.pdf","C:\Users\rahma\OneDrive - Indian Institute of Management\Desktop\Term 5\CCS\RAG_Project\Healthcare_Master\1. Guidelines for Cardiovascular Diseases_db942697.pdf","Healthcare_RAG_Raw","92ED8B17FBE6725D473B4D1E3D64650BC5998CB9636D74CB79A3597A5FA68CAD","Duplicate"
"10. Guidelines for Medicine (Non Respiratory Medical Conditions)_3c186750.pdf","C:\Users\rahma\OneDrive - Indian Institute of Management\Desktop\Term 5\CCS\RAG_Project\Healthcare_RAG_Raw\02_Clinical_Establishments\10. Guidelines for Medicine (Non Respiratory Medical Conditions)_3c186750.pdf","C:\Users\rahma\OneDrive - Indian Institute of Management\Desktop\Term 5\CCS\RAG_Project\Healthcare_Master\10. Guidelines for Medicine (Non Respiratory Medical Conditions)_3c186750.pdf","Healthcare_RAG_Raw","82E6FA331475EE062F2F88061A984CFFEF33E9E7DFF02A768315C3BC16EE31B2","Duplicate"
"11. Guidelines for Paediatrics and Paediatrics Surgery_659795be.pdf","C:\Users\rahma\OneDrive - Indian Institute of Management\Desktop\Term 5\CCS\RAG_Project\Healthcare_RAG_Raw\02_Clinical_Establishments\11. Guidelines for Paediatrics and Paediatrics Surgery_659795be.pdf","C:\Users\rahma\OneDrive - Indian Institute of Management\Desktop\Term 5\CCS\RAG_Project\Healthcare_Master\11. Guidelines for Paediatrics and Paediatrics Surgery_659795be.pdf","Healthcare_RAG_Raw","CBE6519DC4CF024682115A42630C4F3D79FD5F2E0A29BE32C2760C7EED0EBAB7","Duplicate"
"12. Guidelines for General Surgery_20fde274.pdf","C:\Users\rahma\OneDrive - Indian Institute of Management\Desktop\Term 5\CCS\RAG_Project\Healthcare_RAG_Raw\02_Clinical_Establishments\12. Guidelines for General Surgery_20fde274.pdf","C:\Users\rahma\OneDrive - Indian Institute of Management\Desktop\Term 5\CCS\RAG_Project\Healthcare_Master\12. Guidelines for General Surgery_20fde274.pdf","Healthcare_RAG_Raw","7E47B613D379FB3031347BCCEDD6ACEC08F7F26F2D4242A0D26110CEB9E64B94","Duplicate"
"13. Guidelines for Interventional Radiology_e708ac43.pdf","C:\Users\rahma\OneDrive - Indian Institute of Management\Desktop\Term 5\CCS\RAG_Project\Healthcare_RAG_Raw\02_Clinical_Establishments\13. Guidelines for Interventional Radiology_e708ac43.pdf","C:\Users\rahma\OneDrive - Indian Institute of Management\Desktop\Term 5\CCS\RAG_Project\Healthcare_Master\13. Guidelines for Interventional Radiology_e708ac43.pdf","Healthcare_RAG_Raw","7F9E2C7CD04C9A3C9E22DD97ECF923F95F9529FB79529E41CE227A9C4EADD6B2","Duplicate"
"13. National Treatment Guidelines for Antimicrobial Use in Infectious Diseases_ba9fda59.pdf","C:\Users\rahma\OneDrive - Indian Institute of Management\Desktop\Term 5\CCS\RAG_Project\Healthcare_RAG_Raw\02_Clinical_Establishments\13. National Treatment Guidelines for Antimicrobial Use in Infectious Diseases_ba9fda59.pdf","C:\Users\rahma\OneDrive - Indian Institute of Management\Desktop\Term 5\CCS\RAG_Project\Healthcare_Master\13. National Treatment Guidelines for Antimicrobial Use in Infectious Diseases_ba9fda59.pdf","Healthcare_RAG_Raw","15861464A570EB0D4AEB0CCE7F88047E7361E2A36B32CF604A1418F3F83B817A","Duplicate"
"14. Guidelines for Oncology_fcaee86a.pdf","C:\Users\rahma\OneDrive - Indian Institute of Management\Desktop\Term 5\CCS\RAG_Project\Healthcare_RAG_Raw\02_Clinical_Establishments\14. Guidelines for Oncology_fcaee86a.pdf","C:\Users\rahma\OneDrive - Indian Institute of Management\Desktop\Term 5\CCS\RAG_Project\Healthcare_Master\14. Guidelines for Oncology_fcaee86a.pdf","Healthcare_RAG_Raw","C8CFC345F482073BC6D80B0D96AE86A2EF8AED0DE5A4705C38C450B8F19B6CC8","Duplicate"
"14. National Guidelines for Diagnosis & Management of Viral Hepatitis_7d298463.pdf","C:\Users\rahma\OneDrive - Indian Institute of Management\Desktop\Term 5\CCS\RAG_Project\Healthcare_RAG_Raw\02_Clinical_Establishments\14. National Guidelines for Diagnosis & Management of Viral Hepatitis_7d298463.pdf","C:\Users\rahma\OneDrive - Indian Institute of Management\Desktop\Term 5\CCS\RAG_Project\Healthcare_Master\14. National Guidelines for Diagnosis & Management of Viral Hepatitis_7d298463.pdf","Healthcare_RAG_Raw","167D0852B0202FC2E0617A6358D8068FDC0135FEC1F23FC364708EB36B09162C","Duplicate"
"15. Guidelines for Organ Transplant - Liver_a38a1849.pdf","C:\Users\rahma\OneDrive - Indian Institute of Management\Desktop\Term 5\CCS\RAG_Project\Healthcare_RAG_Raw\02_Clinical_Establishments\15. Guidelines for Organ Transplant - Liver_a38a1849.pdf","C:\Users\rahma\OneDrive - Indian Institute of Management\Desktop\Term 5\CCS\RAG_Project\Healthcare_Master\15. Guidelines for Organ Transplant - Liver_a38a1849.pdf","Healthcare_RAG_Raw","E382E16B3A7F5EF2707BEB89E525A0D41DDC61C697AC2450129489E1D6732C62","Duplicate"
"16. Guidelines for Urology_84326f7c.pdf","C:\Users\rahma\OneDrive - Indian Institute of Management\Desktop\Term 5\CCS\RAG_Project\Healthcare_RAG_Raw\02_Clinical_Establishments\16. Guidelines for Urology_84326f7c.pdf","C:\Users\rahma\OneDrive - Indian Institute of Management\Desktop\Term 5\CCS\RAG_Project\Healthcare_Master\16. Guidelines for Urology_84326f7c.pdf","Healthcare_RAG_Raw","E37DD1911C685BC68894DCF0BB99CC97237D890084CE700CEACA0A7AEB39B08C","Duplicate"
"17. Guidelines for Laboratory Medicine_846b1dcd.pdf","C:\Users\rahma\OneDrive - Indian Institute of Management\Desktop\Term 5\CCS\RAG_Project\Healthcare_RAG_Raw\02_Clinical_Establishments\17. Guidelines for Laboratory Medicine_846b1dcd.pdf","C:\Users\rahma\OneDrive - Indian Institute of Management\Desktop\Term 5\CCS\RAG_Project\Healthcare_Master\17. Guidelines for Laboratory Medicine_846b1dcd.pdf","Healthcare_RAG_Raw","6502642E26EA0D20C8B9C7B94EEF548F392A6AE55E39E9AB55694DB679BA308A","Duplicate"
"18. Guidelines for G. I. Surgery_e4a0cfac.pdf","C:\Users\rahma\OneDrive - Indian Institute of Management\Desktop\Term 5\CCS\RAG_Project\Healthcare_RAG_Raw\02_Clinical_Establishments\18. Guidelines for G. I. Surgery_e4a0cfac.pdf","C:\Users\rahma\OneDrive - Indian Institute of Management\Desktop\Term 5\CCS\RAG_Project\Healthcare_Master\18. Guidelines for G. I. Surgery_e4a0cfac.pdf","Healthcare_RAG_Raw","A5BEDAF81711F1F9148A54D094C02722B7B92E681A83CBFFED2D686B92F69DFF","Duplicate"
"19. Guidelines for Neurology_13ce06cb.pdf","C:\Users\rahma\OneDrive - Indian Institute of Management\Desktop\Term 5\CCS\RAG_Project\Healthcare_RAG_Raw\02_Clinical_Establishments\19. Guidelines for Neurology_13ce06cb.pdf","C:\Users\rahma\OneDrive - Indian Institute of Management\Desktop\Term 5\CCS\RAG_Project\Healthcare_Master\19. Guidelines for Neurology_13ce06cb.pdf","Healthcare_RAG_Raw","D29C533E487034DC238FF278D6516A079110AD0B0478E35977FCC1BA8721C027","Duplicate"
"2. Guidelines for Critical Care_6e448147.pdf","C:\Users\rahma\OneDrive - Indian Institute of Management\Desktop\Term 5\CCS\RAG_Project\Healthcare_RAG_Raw\02_Clinical_Establishments\2. Guidelines for Critical Care_6e448147.pdf","C:\Users\rahma\OneDrive - Indian Institute of Management\Desktop\Term 5\CCS\RAG_Project\Healthcare_Master\2. Guidelines for Critical Care_6e448147.pdf","Healthcare_RAG_Raw","F8CB9CF5293798812B2725C59E0CAB19C4F89CD7792314CEF13E2FCE1BF0CD84","Duplicate"
"21. Guidelines for Endocrinology_e8b1a18e.pdf","C:\Users\rahma\OneDrive - Indian Institute of Management\Desktop\Term 5\CCS\RAG_Project\Healthcare_RAG_Raw\02_Clinical_Establishments\21. Guidelines for Endocrinology_e8b1a18e.pdf","C:\Users\rahma\OneDrive - Indian Institute of Management\Desktop\Term 5\CCS\RAG_Project\Healthcare_Master\21. Guidelines for Endocrinology_e8b1a18e.pdf","Healthcare_RAG_Raw","7F681425FA913940EB45202BDCDC962260E6C18D5B7D6DF7D3F300A6EC2F099B","Duplicate"
"3. Guidelines for Gastroenterological Diseases_e256bbbe.pdf","C:\Users\rahma\OneDrive - Indian Institute of Management\Desktop\Term 5\CCS\RAG_Project\Healthcare_RAG_Raw\02_Clinical_Establishments\3. Guidelines for Gastroenterological Diseases_e256bbbe.pdf","C:\Users\rahma\OneDrive - Indian Institute of Management\Desktop\Term 5\CCS\RAG_Project\Healthcare_Master\3. Guidelines for Gastroenterological Diseases_e256bbbe.pdf","Healthcare_RAG_Raw","CF4469A54B938A77930908D023504BEAF6FD24D9420A9507F08E5B748C2AC08D","Duplicate"
"4. Guidelines for Obstetrics and Gynaecology_ab3b0881.pdf","C:\Users\rahma\OneDrive - Indian Institute of Management\Desktop\Term 5\CCS\RAG_Project\Healthcare_RAG_Raw\02_Clinical_Establishments\4. Guidelines for Obstetrics and Gynaecology_ab3b0881.pdf","C:\Users\rahma\OneDrive - Indian Institute of Management\Desktop\Term 5\CCS\RAG_Project\Healthcare_Master\4. Guidelines for Obstetrics and Gynaecology_ab3b0881.pdf","Healthcare_RAG_Raw","105EF97B460F3F1C8F1232884B65C33739322E753AAAF14422393DF741542517","Duplicate"
"6. Guidelines for Ophthalmology_400be7af.pdf","C:\Users\rahma\OneDrive - Indian Institute of Management\Desktop\Term 5\CCS\RAG_Project\Healthcare_RAG_Raw\02_Clinical_Establishments\6. Guidelines for Ophthalmology_400be7af.pdf","C:\Users\rahma\OneDrive - Indian Institute of Management\Desktop\Term 5\CCS\RAG_Project\Healthcare_Master\6. Guidelines for Ophthalmology_400be7af.pdf","Healthcare_RAG_Raw","46EF59853C24F9C205041A2B64AC79D8E3E03BBCFF6E9FF257E9B57DBC0B14F6","Duplicate"
"7. Guidelines for ENT_93801303.pdf","C:\Users\rahma\OneDrive - Indian Institute of Management\Desktop\Term 5\CCS\RAG_Project\Healthcare_RAG_Raw\02_Clinical_Establishments\7. Guidelines for ENT_93801303.pdf","C:\Users\rahma\OneDrive - Indian Institute of Management\Desktop\Term 5\CCS\RAG_Project\Healthcare_Master\7. Guidelines for ENT_93801303.pdf","Healthcare_RAG_Raw","C7B47FE50EE81E0B5943D0701D1506EA6594D8FBB6FCA67D8D3EAF6239804F62","Duplicate"
"8. Guidelines for Orthopaedics_a1992caa.pdf","C:\Users\rahma\OneDrive - Indian Institute of Management\Desktop\Term 5\CCS\RAG_Project\Healthcare_RAG_Raw\02_Clinical_Establishments\8. Guidelines for Orthopaedics_a1992caa.pdf","C:\Users\rahma\OneDrive - Indian Institute of Management\Desktop\Term 5\CCS\RAG_Project\Healthcare_Master\8. Guidelines for Orthopaedics_a1992caa.pdf","Healthcare_RAG_Raw","87C4822655783FC609EB986B0BFA1DC0FF9033E924A2F06C13FFC680572A67F8","Duplicate"
"9. Guidelines for Medicine (Respiratory)_bb0522e1.pdf","C:\Users\rahma\OneDrive - Indian Institute of Management\Desktop\Term 5\CCS\RAG_Project\Healthcare_RAG_Raw\02_Clinical_Establishments\9. Guidelines for Medicine (Respiratory)_bb0522e1.pdf","C:\Users\rahma\OneDrive - Indian Institute of Management\Desktop\Term 5\CCS\RAG_Project\Healthcare_Master\9. Guidelines for Medicine (Respiratory)_bb0522e1.pdf","Healthcare_RAG_Raw","ABA7AB6B814B85867043639D11F0B56EFEA0C3F385D85ABE24ADDEB2CC690085","Duplicate"
"a) Full Document_0d7e8ad1.pdf","C:\Users\rahma\OneDrive - Indian Institute of Management\Desktop\Term 5\CCS\RAG_Project\Healthcare_RAG_Raw\02_Clinical_Establishments\a) Full Document_0d7e8ad1.pdf","C:\Users\rahma\OneDrive - Indian Institute of Management\Desktop\Term 5\CCS\RAG_Project\Healthcare_Master\a) Full Document_0d7e8ad1.pdf","Healthcare_RAG_Raw","2034AC57F6C7B149FA20EC04E096CA9BA2E694037102E40BFF29C6C244130267","Duplicate"
"a) Full Document_12d1e7c9.pdf","C:\Users\rahma\OneDrive - Indian Institute of Management\Desktop\Term 5\CCS\RAG_Project\Healthcare_RAG_Raw\02_Clinical_Establishments\a) Full Document_12d1e7c9.pdf","C:\Users\rahma\OneDrive - Indian Institute of Management\Desktop\Term 5\CCS\RAG_Project\Healthcare_Master\a) Full Document_12d1e7c9.pdf","Healthcare_RAG_Raw","0884ABE17B5E3732FA29C976333D4E50CF304841D60E26000B22173EFA49AC41","Duplicate"
"a) Full Document_145bcabf.pdf","C:\Users\rahma\OneDrive - Indian Institute of Management\Desktop\Term 5\CCS\RAG_Project\Healthcare_RAG_Raw\02_Clinical_Establishments\a) Full Document_145bcabf.pdf","C:\Users\rahma\OneDrive - Indian Institute of Management\Desktop\Term 5\CCS\RAG_Project\Healthcare_Master\a) Full Document_145bcabf.pdf","Healthcare_RAG_Raw","5B7EA408DADE69AAE0C9AB8A7536CEC29BAFBB190586E144BC1066FD8D1E18D9","Duplicate"
"a) Full Document_54636977.pdf","C:\Users\rahma\OneDrive - Indian Institute of Management\Desktop\Term 5\CCS\RAG_Project\Healthcare_RAG_Raw\02_Clinical_Establishments\a) Full Document_54636977.pdf","C:\Users\rahma\OneDrive - Indian Institute of Management\Desktop\Term 5\CCS\RAG_Project\Healthcare_Master\a) Full Document_54636977.pdf","Healthcare_RAG_Raw","BCDAA14B89629BE96107D0B4526AABBE37425B46E41AB8ED2BB2CDBFA36171B2","Duplicate"
"a) Full Document_5e6ad719.pdf","C:\Users\rahma\OneDrive - Indian Institute of Management\Desktop\Term 5\CCS\RAG_Project\Healthcare_RAG_Raw\02_Clinical_Establishments\a) Full Document_5e6ad719.pdf","C:\Users\rahma\OneDrive - Indian Institute of Management\Desktop\Term 5\CCS\RAG_Project\Healthcare_Master\a) Full Document_5e6ad719.pdf","Healthcare_RAG_Raw","4F09392E32F0FE866B954391B26C23792A30D846CD5A586DDD3D131C66DD9CA3","Duplicate"
"a) Full Document_83ac33fe.pdf","C:\Users\rahma\OneDrive - Indian Institute of Management\Desktop\Term 5\CCS\RAG_Project\Healthcare_RAG_Raw\02_Clinical_Establishments\a) Full Document_83ac33fe.pdf","C:\Users\rahma\OneDrive - Indian Institute of Management\Desktop\Term 5\CCS\RAG_Project\Healthcare_Master\a) Full Document_83ac33fe.pdf","Healthcare_RAG_Raw","8388906C4F3CE1BEB4355D9C5FCC16F25DD96580532A78A5AB3E27E8F41B49DA","Duplicate"
"a) Full Document_9dcede56.pdf","C:\Users\rahma\OneDrive - Indian Institute of Management\Desktop\Term 5\CCS\RAG_Project\Healthcare_RAG_Raw\02_Clinical_Establishments\a) Full Document_9dcede56.pdf","C:\Users\rahma\OneDrive - Indian Institute of Management\Desktop\Term 5\CCS\RAG_Project\Healthcare_Master\a) Full Document_9dcede56.pdf","Healthcare_RAG_Raw","9BB8912D7A27F5C76877002D1E081780FA11C19789A037F9367D41EE7329B824","Duplicate"
"a) Full Document_a71f4752.pdf","C:\Users\rahma\OneDrive - Indian Institute of Management\Desktop\Term 5\CCS\RAG_Project\Healthcare_RAG_Raw\02_Clinical_Establishments\a) Full Document_a71f4752.pdf","C:\Users\rahma\OneDrive - Indian Institute of Management\Desktop\Term 5\CCS\RAG_Project\Healthcare_Master\a) Full Document_a71f4752.pdf","Healthcare_RAG_Raw","925BBCD1F5DDAFF8A95FC777E1609811398229A75E04F19A5910025DE492F5AF","Duplicate"
"a) Full Document_aa6a7aa2.pdf","C:\Users\rahma\OneDrive - Indian Institute of Management\Desktop\Term 5\CCS\RAG_Project\Healthcare_RAG_Raw\02_Clinical_Establishments\a) Full Document_aa6a7aa2.pdf","C:\Users\rahma\OneDrive - Indian Institute of Management\Desktop\Term 5\CCS\RAG_Project\Healthcare_Master\a) Full Document_aa6a7aa2.pdf","Healthcare_RAG_Raw","BE5C94263BDAA67F4A0B893E8D6135CCB92D64FD1A8FE21F6C516730220F69E3","Duplicate"
"a) Full Document_ca071578.pdf","C:\Users\rahma\OneDrive - Indian Institute of Management\Desktop\Term 5\CCS\RAG_Project\Healthcare_RAG_Raw\02_Clinical_Establishments\a) Full Document_ca071578.pdf","C:\Users\rahma\OneDrive - Indian Institute of Management\Desktop\Term 5\CCS\RAG_Project\Healthcare_Master\a) Full Document_ca071578.pdf","Healthcare_RAG_Raw","77A0F8FA83FB7BDE3895DADD876C1E22B86A775C9438E380EA83CCA02461226F","Duplicate"
"a) Quick Reference Guide_7c941c61.pdf","C:\Users\rahma\OneDrive - Indian Institute of Management\Desktop\Term 5\CCS\RAG_Project\Healthcare_RAG_Raw\02_Clinical_Establishments\a) Quick Reference Guide_7c941c61.pdf","C:\Users\rahma\OneDrive - Indian Institute of Management\Desktop\Term 5\CCS\RAG_Project\Healthcare_Master\a) Quick Reference Guide_7c941c61.pdf","Healthcare_RAG_Raw","5453D568E787C9F1BB5F4E8E3AD04AF6E016D3D015589173B9AC13E167EB1673","Duplicate"
"a) Quick Reference Guide_9860dfda.pdf","C:\Users\rahma\OneDrive - Indian Institute of Management\Desktop\Term 5\CCS\RAG_Project\Healthcare_RAG_Raw\02_Clinical_Establishments\a) Quick Reference Guide_9860dfda.pdf","C:\Users\rahma\OneDrive - Indian Institute of Management\Desktop\Term 5\CCS\RAG_Project\Healthcare_Master\a) Quick Reference Guide_9860dfda.pdf","Healthcare_RAG_Raw","24032FFE321CAA23D7F3434441623F0BC028C77B92F9D89D89BD6E554487CEE3","Duplicate"
"Ayurveda (587.56 KB )_b42daed5.pdf","C:\Users\rahma\OneDrive - Indian Institute of Management\Desktop\Term 5\CCS\RAG_Project\Healthcare_RAG_Raw\02_Clinical_Establishments\Ayurveda (587.56 KB )_b42daed5.pdf","C:\Users\rahma\OneDrive - Indian Institute of Management\Desktop\Term 5\CCS\RAG_Project\Healthcare_Master\Ayurveda (587.56 KB )_b42daed5.pdf","Healthcare_RAG_Raw","445C56CD99CA9FE1B738D5BAFE5ACF16B2652625D47E36BFC239A991E59A7A03","Duplicate"
"b) Quick Reference Guide_0d2df81f.pdf","C:\Users\rahma\OneDrive - Indian Institute of Management\Desktop\Term 5\CCS\RAG_Project\Healthcare_RAG_Raw\02_Clinical_Establishments\b) Quick Reference Guide_0d2df81f.pdf","C:\Users\rahma\OneDrive - Indian Institute of Management\Desktop\Term 5\CCS\RAG_Project\Healthcare_Master\b) Quick Reference Guide_0d2df81f.pdf","Healthcare_RAG_Raw","E734FC46D61039D0D3D68EA2427B9B389234481CDFD8A6A102E7D38F22656330","Duplicate"
"b) Quick Reference Guide_4c51b27b.pdf","C:\Users\rahma\OneDrive - Indian Institute of Management\Desktop\Term 5\CCS\RAG_Project\Healthcare_RAG_Raw\02_Clinical_Establishments\b) Quick Reference Guide_4c51b27b.pdf","C:\Users\rahma\OneDrive - Indian Institute of Management\Desktop\Term 5\CCS\RAG_Project\Healthcare_Master\b) Quick Reference Guide_4c51b27b.pdf","Healthcare_RAG_Raw","C8D96335B217AB6487E931F164D72093D7F4A844785D783D6CEA402F549D521D","Duplicate"
"b) Quick Reference Guide_51682d59.pdf","C:\Users\rahma\OneDrive - Indian Institute of Management\Desktop\Term 5\CCS\RAG_Project\Healthcare_RAG_Raw\02_Clinical_Establishments\b) Quick Reference Guide_51682d59.pdf","C:\Users\rahma\OneDrive - Indian Institute of Management\Desktop\Term 5\CCS\RAG_Project\Healthcare_Master\b) Quick Reference Guide_51682d59.pdf","Healthcare_RAG_Raw","2AF01AB42A64A647EA2AA0120AD6070E449118D135F505700EF0DEDF938564C2","Duplicate"
"b) Quick Reference Guide_5cbc8467.pdf","C:\Users\rahma\OneDrive - Indian Institute of Management\Desktop\Term 5\CCS\RAG_Project\Healthcare_RAG_Raw\02_Clinical_Establishments\b) Quick Reference Guide_5cbc8467.pdf","C:\Users\rahma\OneDrive - Indian Institute of Management\Desktop\Term 5\CCS\RAG_Project\Healthcare_Master\b) Quick Reference Guide_5cbc8467.pdf","Healthcare_RAG_Raw","D5AE300EA6299EBDC63ED758188C89CCB6B910B2CDCE79B75D5475A6FAE2D213","Duplicate"
"b) Quick Reference Guide_6c52ed7f.pdf","C:\Users\rahma\OneDrive - Indian Institute of Management\Desktop\Term 5\CCS\RAG_Project\Healthcare_RAG_Raw\02_Clinical_Establishments\b) Quick Reference Guide_6c52ed7f.pdf","C:\Users\rahma\OneDrive - Indian Institute of Management\Desktop\Term 5\CCS\RAG_Project\Healthcare_Master\b) Quick Reference Guide_6c52ed7f.pdf","Healthcare_RAG_Raw","94D7F9EAD41DB7D5388B936E43BE945BFE60DEA754F20F8B56084B834404029F","Duplicate"
"b) Quick Reference Guide_98a2299e.pdf","C:\Users\rahma\OneDrive - Indian Institute of Management\Desktop\Term 5\CCS\RAG_Project\Healthcare_RAG_Raw\02_Clinical_Establishments\b) Quick Reference Guide_98a2299e.pdf","C:\Users\rahma\OneDrive - Indian Institute of Management\Desktop\Term 5\CCS\RAG_Project\Healthcare_Master\b) Quick Reference Guide_98a2299e.pdf","Healthcare_RAG_Raw","0D25982C1A3D573DBB9619D2876A80CA12B4AC88CB2E605C99D377D76CE839BA","Duplicate"
"b) Quick Reference Guide_af9910df.pdf","C:\Users\rahma\OneDrive - Indian Institute of Management\Desktop\Term 5\CCS\RAG_Project\Healthcare_RAG_Raw\02_Clinical_Establishments\b) Quick Reference Guide_af9910df.pdf","C:\Users\rahma\OneDrive - Indian Institute of Management\Desktop\Term 5\CCS\RAG_Project\Healthcare_Master\b) Quick Reference Guide_af9910df.pdf","Healthcare_RAG_Raw","80D500CE992500D8807EFAFD6864CD3518103CAF2E6149755F31FE87BE26CDA6","Duplicate"
"b) Quick Reference Guide_e2c82758.pdf","C:\Users\rahma\OneDrive - Indian Institute of Management\Desktop\Term 5\CCS\RAG_Project\Healthcare_RAG_Raw\02_Clinical_Establishments\b) Quick Reference Guide_e2c82758.pdf","C:\Users\rahma\OneDrive - Indian Institute of Management\Desktop\Term 5\CCS\RAG_Project\Healthcare_Master\b) Quick Reference Guide_e2c82758.pdf","Healthcare_RAG_Raw","62DE7CCC3B98E5E8B368CDAB9ABCF3E89CF6F1FE4E8173BE6B594D448145CB1B","Duplicate"
"Clinical Establishment Act Standards for Mortuary (223.15 KB )_97a96cde.pdf","C:\Users\rahma\OneDrive - Indian Institute of Management\Desktop\Term 5\CCS\RAG_Project\Healthcare_RAG_Raw\02_Clinical_Establishments\Clinical Establishment Act Standards for Mortuary (223.15 KB )_97a96cde.pdf","C:\Users\rahma\OneDrive - Indian Institute of Management\Desktop\Term 5\CCS\RAG_Project\Healthcare_Master\Clinical Establishment Act Standards for Mortuary (223.15 KB )_97a96cde.pdf","Healthcare_RAG_Raw","988B39176F493FC67167FAB3FA8C295CDC3DAE85767B5B7ACB9A3E8887A63E39","Duplicate"
"Clinical Establishment Act Standards for Sample Collection And Sample Transport policy (289.98 KB )_1e37b970.pdf","C:\Users\rahma\OneDrive - Indian Institute of Management\Desktop\Term 5\CCS\RAG_Project\Healthcare_RAG_Raw\02_Clinical_Establishments\Clinical Establishment Act Standards for Sample Collection And Sample Transport policy (289.98 KB )_1e37b970.pdf","C:\Users\rahma\OneDrive - Indian Institute of Management\Desktop\Term 5\CCS\RAG_Project\Healthcare_Master\Clinical Establishment Act Standards for Sample Collection And Sample Transport policy (289.98 KB )_1e37b970.pdf","Healthcare_RAG_Raw","578E4547ABC9CFF1B8AAD42456A7F922636AEE3D184A41099853AD98F6347A8A","Duplicate"
"Clinical Establishments (Central Government) Rules 2012(Hindi and English)_e575418c.pdf","C:\Users\rahma\OneDrive - Indian Institute of Management\Desktop\Term 5\CCS\RAG_Project\Healthcare_RAG_Raw\02_Clinical_Establishments\Clinical Establishments (Central Government) Rules 2012(Hindi and English)_e575418c.pdf","C:\Users\rahma\OneDrive - Indian Institute of Management\Desktop\Term 5\CCS\RAG_Project\Healthcare_Master\Clinical Establishments (Central Government) Rules 2012(Hindi and English)_e575418c.pdf","Healthcare_RAG_Raw","4C719D3A3B7FCA0A200E886CCECE6B814987921745C3A13E9F20BC5A825CE989","Duplicate"
"Clinic_Polyclinic Only Consultation (227.68 KB )_89cc5997.pdf","C:\Users\rahma\OneDrive - Indian Institute of Management\Desktop\Term 5\CCS\RAG_Project\Healthcare_RAG_Raw\02_Clinical_Establishments\Clinic_Polyclinic Only Consultation (227.68 KB )_89cc5997.pdf","C:\Users\rahma\OneDrive - Indian Institute of Management\Desktop\Term 5\CCS\RAG_Project\Healthcare_Master\Clinic_Polyclinic Only Consultation (227.68 KB )_89cc5997.pdf","Healthcare_RAG_Raw","B7C51C42B73B355F3B826DB809B085DE94D0197AAAF7CEEA8AC13B78668A4D90","Duplicate"
"Clinic_Polyclinic With Diagnostic Support (294.36 KB )_c53f2be6.pdf","C:\Users\rahma\OneDrive - Indian Institute of Management\Desktop\Term 5\CCS\RAG_Project\Healthcare_RAG_Raw\02_Clinical_Establishments\Clinic_Polyclinic With Diagnostic Support (294.36 KB )_c53f2be6.pdf","C:\Users\rahma\OneDrive - Indian Institute of Management\Desktop\Term 5\CCS\RAG_Project\Healthcare_Master\Clinic_Polyclinic With Diagnostic Support (294.36 KB )_c53f2be6.pdf","Healthcare_RAG_Raw","46015661752350595078B1AE8D472BC4674C91F9E7DCED14690247F041A45C26","Duplicate"
"Clinic_Polyclinic With Dispensary (235.48 KB )_f3126b34.pdf","C:\Users\rahma\OneDrive - Indian Institute of Management\Desktop\Term 5\CCS\RAG_Project\Healthcare_RAG_Raw\02_Clinical_Establishments\Clinic_Polyclinic With Dispensary (235.48 KB )_f3126b34.pdf","C:\Users\rahma\OneDrive - Indian Institute of Management\Desktop\Term 5\CCS\RAG_Project\Healthcare_Master\Clinic_Polyclinic With Dispensary (235.48 KB )_f3126b34.pdf","Healthcare_RAG_Raw","338B00CA787D72A6DF70CB9BA09E56085C51B99D42FC5C3FDC45BC46C0F0F281","Duplicate"
"Clinic_Polyclinic With Observation (346.75 KB )_c6378358.pdf","C:\Users\rahma\OneDrive - Indian Institute of Management\Desktop\Term 5\CCS\RAG_Project\Healthcare_RAG_Raw\02_Clinical_Establishments\Clinic_Polyclinic With Observation (346.75 KB )_c6378358.pdf","C:\Users\rahma\OneDrive - Indian Institute of Management\Desktop\Term 5\CCS\RAG_Project\Healthcare_Master\Clinic_Polyclinic With Observation (346.75 KB )_c6378358.pdf","Healthcare_RAG_Raw","94D28E98D3455D95B0B8400B729FD3120E29EA8B393D2E22257DDFBE6C45DC01","Duplicate"
"Collection Centres and point of care testing etc. (502.31 KB )_1f5ace4e.pdf","C:\Users\rahma\OneDrive - Indian Institute of Management\Desktop\Term 5\CCS\RAG_Project\Healthcare_RAG_Raw\02_Clinical_Establishments\Collection Centres and point of care testing etc. (502.31 KB )_1f5ace4e.pdf","C:\Users\rahma\OneDrive - Indian Institute of Management\Desktop\Term 5\CCS\RAG_Project\Healthcare_Master\Collection Centres and point of care testing etc. (502.31 KB )_1f5ace4e.pdf","Healthcare_RAG_Raw","279010D472E3F8F733C52B6BAD9B410E97368986696009E416976090AA782324","Duplicate"
"Cosmetology Clinic (329.69 KB )_48435b8b.pdf","C:\Users\rahma\OneDrive - Indian Institute of Management\Desktop\Term 5\CCS\RAG_Project\Healthcare_RAG_Raw\02_Clinical_Establishments\Cosmetology Clinic (329.69 KB )_48435b8b.pdf","C:\Users\rahma\OneDrive - Indian Institute of Management\Desktop\Term 5\CCS\RAG_Project\Healthcare_Master\Cosmetology Clinic (329.69 KB )_48435b8b.pdf","Healthcare_RAG_Raw","825518EADE796DDB6270A6DEB7D1E5B013065238AE4E4C54CAC14CA32D2C651D","Duplicate"
"Dental Lab (204.6 KB )_386aa5c5.pdf","C:\Users\rahma\OneDrive - Indian Institute of Management\Desktop\Term 5\CCS\RAG_Project\Healthcare_RAG_Raw\02_Clinical_Establishments\Dental Lab (204.6 KB )_386aa5c5.pdf","C:\Users\rahma\OneDrive - Indian Institute of Management\Desktop\Term 5\CCS\RAG_Project\Healthcare_Master\Dental Lab (204.6 KB )_386aa5c5.pdf","Healthcare_RAG_Raw","55888B449094BA1E6CEE645C7653BCFC1F30B94963D116077D828D06C9456820","Duplicate"
"Guidelines for Ayurveda_1e8976c3.pdf","C:\Users\rahma\OneDrive - Indian Institute of Management\Desktop\Term 5\CCS\RAG_Project\Healthcare_RAG_Raw\02_Clinical_Establishments\Guidelines for Ayurveda_1e8976c3.pdf","C:\Users\rahma\OneDrive - Indian Institute of Management\Desktop\Term 5\CCS\RAG_Project\Healthcare_Master\Guidelines for Ayurveda_1e8976c3.pdf","Healthcare_RAG_Raw","153D5F8AF97E8E1D5DD7CA4879BAFDF6D1429E0CFF5C46C57BDA02AFE7814AA5","Duplicate"
"Guidelines for Siddha (Draft)_3c871acb.pdf","C:\Users\rahma\OneDrive - Indian Institute of Management\Desktop\Term 5\CCS\RAG_Project\Healthcare_RAG_Raw\02_Clinical_Establishments\Guidelines for Siddha (Draft)_3c871acb.pdf","C:\Users\rahma\OneDrive - Indian Institute of Management\Desktop\Term 5\CCS\RAG_Project\Healthcare_Master\Guidelines for Siddha (Draft)_3c871acb.pdf","Healthcare_RAG_Raw","DA0DD19DE679FF1CDE0B07BA4FD00F8942B6E0DFA90C7C4BA81009CE7803E34E","Duplicate"
"Hair Transplant Center (83.87 KB )_9c34a4c9.pdf","C:\Users\rahma\OneDrive - Indian Institute of Management\Desktop\Term 5\CCS\RAG_Project\Healthcare_RAG_Raw\02_Clinical_Establishments\Hair Transplant Center (83.87 KB )_9c34a4c9.pdf","C:\Users\rahma\OneDrive - Indian Institute of Management\Desktop\Term 5\CCS\RAG_Project\Healthcare_Master\Hair Transplant Center (83.87 KB )_9c34a4c9.pdf","Healthcare_RAG_Raw","9A50FABEF7BF48EF9CF5F77F451DA8E20DEE25CBC1C39323D132A98253F245B9","Duplicate"
"Homoeopathy (1.23 MB )_f2f51a3d.pdf","C:\Users\rahma\OneDrive - Indian Institute of Management\Desktop\Term 5\CCS\RAG_Project\Healthcare_RAG_Raw\02_Clinical_Establishments\Homoeopathy (1.23 MB )_f2f51a3d.pdf","C:\Users\rahma\OneDrive - Indian Institute of Management\Desktop\Term 5\CCS\RAG_Project\Healthcare_Master\Homoeopathy (1.23 MB )_f2f51a3d.pdf","Healthcare_RAG_Raw","B6AB83904E827DB8C663BBDBE6FF681A24C32F0A8D5E0F2CBDEE9C1D320CD621","Duplicate"
"Hospital(Level 2) (832.09 KB )_93a6641a.pdf","C:\Users\rahma\OneDrive - Indian Institute of Management\Desktop\Term 5\CCS\RAG_Project\Healthcare_RAG_Raw\02_Clinical_Establishments\Hospital(Level 2) (832.09 KB )_93a6641a.pdf","C:\Users\rahma\OneDrive - Indian Institute of Management\Desktop\Term 5\CCS\RAG_Project\Healthcare_Master\Hospital(Level 2) (832.09 KB )_93a6641a.pdf","Healthcare_RAG_Raw","BCA6EF37AE47C9429C6284A52B417A4BDA7F90D3F01471979F3C91EEC4B56FB5","Duplicate"
"Hospital(Level 3) (734.36 KB )_6c46efa2.pdf","C:\Users\rahma\OneDrive - Indian Institute of Management\Desktop\Term 5\CCS\RAG_Project\Healthcare_RAG_Raw\02_Clinical_Establishments\Hospital(Level 3) (734.36 KB )_6c46efa2.pdf","C:\Users\rahma\OneDrive - Indian Institute of Management\Desktop\Term 5\CCS\RAG_Project\Healthcare_Master\Hospital(Level 3) (734.36 KB )_6c46efa2.pdf","Healthcare_RAG_Raw","5EBFC5380B2C9BA7D4409C04696E9EB786DAA1E7A4663C88CB342D72479BB63B","Duplicate"
"Mobile Clinic Only Consultation (202.75 KB )_d24789a8.pdf","C:\Users\rahma\OneDrive - Indian Institute of Management\Desktop\Term 5\CCS\RAG_Project\Healthcare_RAG_Raw\02_Clinical_Establishments\Mobile Clinic Only Consultation (202.75 KB )_d24789a8.pdf","C:\Users\rahma\OneDrive - Indian Institute of Management\Desktop\Term 5\CCS\RAG_Project\Healthcare_Master\Mobile Clinic Only Consultation (202.75 KB )_d24789a8.pdf","Healthcare_RAG_Raw","468C7811FFE6938925950ED37971A6B0F54FF1C7290DE9964F53E88B5C7AB410","Duplicate"
"Mobile Clinic With Procedure (263.74 KB )_c7e80923.pdf","C:\Users\rahma\OneDrive - Indian Institute of Management\Desktop\Term 5\CCS\RAG_Project\Healthcare_RAG_Raw\02_Clinical_Establishments\Mobile Clinic With Procedure (263.74 KB )_c7e80923.pdf","C:\Users\rahma\OneDrive - Indian Institute of Management\Desktop\Term 5\CCS\RAG_Project\Healthcare_Master\Mobile Clinic With Procedure (263.74 KB )_c7e80923.pdf","Healthcare_RAG_Raw","35C2712ED8A5CC01F39B94ED6D67F42845D8E2CDB3F9065A19DD1FBF522A79DF","Duplicate"
"Mobile Dental Van (284.1 KB )_48efd80d.pdf","C:\Users\rahma\OneDrive - Indian Institute of Management\Desktop\Term 5\CCS\RAG_Project\Healthcare_RAG_Raw\02_Clinical_Establishments\Mobile Dental Van (284.1 KB )_48efd80d.pdf","C:\Users\rahma\OneDrive - Indian Institute of Management\Desktop\Term 5\CCS\RAG_Project\Healthcare_Master\Mobile Dental Van (284.1 KB )_48efd80d.pdf","Healthcare_RAG_Raw","40D90F4295A9299AC8F996C707B023C0081995CDB32478267CDB80A476E1AACA","Duplicate"
"National Standards for Blood Centres and Blood Transfusion Services (2nd Edition) (7.04 MB )_a550ce29.pdf","C:\Users\rahma\OneDrive - Indian Institute of Management\Desktop\Term 5\CCS\RAG_Project\Healthcare_RAG_Raw\02_Clinical_Establishments\National Standards for Blood Centres and Blood Transfusion Services (2nd Edition) (7.04 MB )_a550ce29.pdf","C:\Users\rahma\OneDrive - Indian Institute of Management\Desktop\Term 5\CCS\RAG_Project\Healthcare_Master\National Standards for Blood Centres and Blood Transfusion Services (2nd Edition) (7.04 MB )_a550ce29.pdf","Healthcare_RAG_Raw","177E9201B53DB06314FFBDE9A882C1EA8D6891B3C2E6D82936A8E69AFAA88345","Duplicate"
"Naturopathy (921.3 KB )_ab458bbe.pdf","C:\Users\rahma\OneDrive - Indian Institute of Management\Desktop\Term 5\CCS\RAG_Project\Healthcare_RAG_Raw\02_Clinical_Establishments\Naturopathy (921.3 KB )_ab458bbe.pdf","C:\Users\rahma\OneDrive - Indian Institute of Management\Desktop\Term 5\CCS\RAG_Project\Healthcare_Master\Naturopathy (921.3 KB )_ab458bbe.pdf","Healthcare_RAG_Raw","299DA70BC8A1BE6EE475901D82AEBA80833760CA3C50F224FBCC42C28E93AEB2","Duplicate"
"Physiotherapy Centre (290.18 KB )_4ba34dd3.pdf","C:\Users\rahma\OneDrive - Indian Institute of Management\Desktop\Term 5\CCS\RAG_Project\Healthcare_RAG_Raw\02_Clinical_Establishments\Physiotherapy Centre (290.18 KB )_4ba34dd3.pdf","C:\Users\rahma\OneDrive - Indian Institute of Management\Desktop\Term 5\CCS\RAG_Project\Healthcare_Master\Physiotherapy Centre (290.18 KB )_4ba34dd3.pdf","Healthcare_RAG_Raw","7CD3FA94D92BE644D895020DC4BD9B235455CDF5B56B047095EFC6A5CA9F7D81","Duplicate"
"Siddha (1.27 MB )_759592c7.pdf","C:\Users\rahma\OneDrive - Indian Institute of Management\Desktop\Term 5\CCS\RAG_Project\Healthcare_RAG_Raw\02_Clinical_Establishments\Siddha (1.27 MB )_759592c7.pdf","C:\Users\rahma\OneDrive - Indian Institute of Management\Desktop\Term 5\CCS\RAG_Project\Healthcare_Master\Siddha (1.27 MB )_759592c7.pdf","Healthcare_RAG_Raw","7480C795975136F9CEB3F32B5E09AF401FFA77E71912EF7A867D90A0E15FA7DE","Duplicate"
"Sowa-Rigpa (1.16 MB )_ffb9616f.pdf","C:\Users\rahma\OneDrive - Indian Institute of Management\Desktop\Term 5\CCS\RAG_Project\Healthcare_RAG_Raw\02_Clinical_Establishments\Sowa-Rigpa (1.16 MB )_ffb9616f.pdf","C:\Users\rahma\OneDrive - Indian Institute of Management\Desktop\Term 5\CCS\RAG_Project\Healthcare_Master\Sowa-Rigpa (1.16 MB )_ffb9616f.pdf","Healthcare_RAG_Raw","9598AA2D49898657209E4661C5C85636EC09477356AC2E12EA27F983E2D7B920","Duplicate"
"Unani (1.35 MB )_e48ef983.pdf","C:\Users\rahma\OneDrive - Indian Institute of Management\Desktop\Term 5\CCS\RAG_Project\Healthcare_RAG_Raw\02_Clinical_Establishments\Unani (1.35 MB )_e48ef983.pdf","C:\Users\rahma\OneDrive - Indian Institute of Management\Desktop\Term 5\CCS\RAG_Project\Healthcare_Master\Unani (1.35 MB )_e48ef983.pdf","Healthcare_RAG_Raw","3A2233C77E19118347F34F9F066503643930F1DD1692FFD3295E236D47624BD1","Duplicate"
"YOGA (822.68 KB )_a0b00ce1.pdf","C:\Users\rahma\OneDrive - Indian Institute of Management\Desktop\Term 5\CCS\RAG_Project\Healthcare_RAG_Raw\02_Clinical_Establishments\YOGA (822.68 KB )_a0b00ce1.pdf","C:\Users\rahma\OneDrive - Indian Institute of Management\Desktop\Term 5\CCS\RAG_Project\Healthcare_Master\YOGA (822.68 KB )_a0b00ce1.pdf","Healthcare_RAG_Raw","09077C464AAA06848090DEC23B40D0D2D93051B9132B957ECE932F76BD71ACB6","Duplicate"
"सीईए के लिए परिचालन दिशानिर्देश_83c8fb9b.pdf","C:\Users\rahma\OneDrive - Indian Institute of Management\Desktop\Term 5\CCS\RAG_Project\Healthcare_RAG_Raw\02_Clinical_Establishments\सीईए के लिए परिचालन दिशानिर्देश_83c8fb9b.pdf","C:\Users\rahma\OneDrive - Indian Institute of Management\Desktop\Term 5\CCS\RAG_Project\Healthcare_Master\सीईए के लिए परिचालन दिशानिर्देश_83c8fb9b.pdf","Healthcare_RAG_Raw","B12FD98D777E1F94D7074039A8344F0B76C05DC7329335216549BD5D8FFA3C0D","Duplicate"
"health_management_policy_bac9429a79.80f74bc3e039c00acd4f_d93954bfd0.pdf","C:\Users\rahma\OneDrive - Indian Institute of Management\Desktop\Term 5\CCS\RAG_Project\Healthcare_RAG_Raw\03_ABDM\health_management_policy_bac9429a79.80f74bc3e039c00acd4f_d93954bfd0.pdf","C:\Users\rahma\OneDrive - Indian Institute of Management\Desktop\Term 5\CCS\RAG_Project\Healthcare_Master\health_management_policy_bac9429a79.80f74bc3e039c00acd4f_d93954bfd0.pdf","Healthcare_RAG_Raw","C9E85D45BE4A2BD40DE59E6A63FA9BEB0D894EF22B272DDC8CD64B798113989A","Copied"
"New_Privacy_Policy.3833de7c114b64627a9d_60acbab79e.pdf","C:\Users\rahma\OneDrive - Indian Institute of Management\Desktop\Term 5\CCS\RAG_Project\Healthcare_RAG_Raw\03_ABDM\New_Privacy_Policy.3833de7c114b64627a9d_60acbab79e.pdf","C:\Users\rahma\OneDrive - Indian Institute of Management\Desktop\Term 5\CCS\RAG_Project\Healthcare_Master\New_Privacy_Policy.3833de7c114b64627a9d_60acbab79e.pdf","Healthcare_RAG_Raw","E8B6841C573855DBCDE9D28D418EFD84FED4D3B1E2922913710F47CAB725EDC4","Copied"
"OperationalGuidelinesDHIS.a35651cdf843e0b399c2_1565958836.pdf","C:\Users\rahma\OneDrive - Indian Institute of Management\Desktop\Term 5\CCS\RAG_Project\Healthcare_RAG_Raw\03_ABDM\OperationalGuidelinesDHIS.a35651cdf843e0b399c2_1565958836.pdf","C:\Users\rahma\OneDrive - Indian Institute of Management\Desktop\Term 5\CCS\RAG_Project\Healthcare_Master\OperationalGuidelinesDHIS.a35651cdf843e0b399c2_1565958836.pdf","Healthcare_RAG_Raw","BCDB66728DFDB7E33EE8A4A80595F13224228FD42243D2608B8B2843D0E0A8B1","Copied"
"1. Establishment of Medical institutions, Assessment & Rating Regulations, 2023 Dated 02.06.2023 (MARB)_f98aae0c.pdf","C:\Users\rahma\OneDrive - Indian Institute of Management\Desktop\Term 5\CCS\RAG_Project\Healthcare_RAG_Raw\04_NMC\1. Establishment of Medical institutions, Assessment & Rating Regulations, 2023 Dated 02.06.2023 (MARB)_f98aae0c.pdf","C:\Users\rahma\OneDrive - Indian Institute of Management\Desktop\Term 5\CCS\RAG_Project\Healthcare_Master\1. Establishment of Medical institutions, Assessment & Rating Regulations, 2023 Dated 02.06.2023 (MARB)_f98aae0c.pdf","Healthcare_RAG_Raw","0B74650D1F3538F4BA51D3385ED3B92F255186BB6038FA3074C4FD7979220F2F","Copied"
"1. Medical Institutions (Qualification of Faculty)Regulation, 2025 dated 30.06.2025 (PGMEB)_d4f91ed3.pdf","C:\Users\rahma\OneDrive - Indian Institute of Management\Desktop\Term 5\CCS\RAG_Project\Healthcare_RAG_Raw\04_NMC\1. Medical Institutions (Qualification of Faculty)Regulation, 2025 dated 30.06.2025 (PGMEB)_d4f91ed3.pdf","C:\Users\rahma\OneDrive - Indian Institute of Management\Desktop\Term 5\CCS\RAG_Project\Healthcare_Master\1. Medical Institutions (Qualification of Faculty)Regulation, 2025 dated 30.06.2025 (PGMEB)_d4f91ed3.pdf","Healthcare_RAG_Raw","C2F0C32EAB953CBA89085CEEEF8AC954EA3214C1B66D736530A6D2B92AE07604","Copied"
"1. NMC, National Exit Test Regulations, 2023 Dated 27.06.2023 (NMC)_813d4b3b.pdf","C:\Users\rahma\OneDrive - Indian Institute of Management\Desktop\Term 5\CCS\RAG_Project\Healthcare_RAG_Raw\04_NMC\1. NMC, National Exit Test Regulations, 2023 Dated 27.06.2023 (NMC)_813d4b3b.pdf","C:\Users\rahma\OneDrive - Indian Institute of Management\Desktop\Term 5\CCS\RAG_Project\Healthcare_Master\1. NMC, National Exit Test Regulations, 2023 Dated 27.06.2023 (NMC)_813d4b3b.pdf","Healthcare_RAG_Raw","FB05B21D599C36830264472A4E34C1E3E8AFB0F8467D945FC44B395C31092F73","Copied"
"1.1 Public Notice on NExT Dated 13.07.2023 Deferring the NExT Examination_d3bb999b.pdf","C:\Users\rahma\OneDrive - Indian Institute of Management\Desktop\Term 5\CCS\RAG_Project\Healthcare_RAG_Raw\04_NMC\1.1 Public Notice on NExT Dated 13.07.2023 Deferring the NExT Examination_d3bb999b.pdf","C:\Users\rahma\OneDrive - Indian Institute of Management\Desktop\Term 5\CCS\RAG_Project\Healthcare_Master\1.1 Public Notice on NExT Dated 13.07.2023 Deferring the NExT Examination_d3bb999b.pdf","Healthcare_RAG_Raw","CFF0AD252EAA1071FB15E0DCE4CF49884A37C9C5BF776E1BF3249850A176D68F","Copied"
"1.1 Public Notice_FAQ_merged dated 28.10.2025_42107b27.pdf","C:\Users\rahma\OneDrive - Indian Institute of Management\Desktop\Term 5\CCS\RAG_Project\Healthcare_RAG_Raw\04_NMC\1.1 Public Notice_FAQ_merged dated 28.10.2025_42107b27.pdf","C:\Users\rahma\OneDrive - Indian Institute of Management\Desktop\Term 5\CCS\RAG_Project\Healthcare_Master\1.1 Public Notice_FAQ_merged dated 28.10.2025_42107b27.pdf","Healthcare_RAG_Raw","A162F6CE95177BBE209C130353D7EE2A1DE9F2CD7B0383A8BA5AD8C7EB6B4F23","Copied"
"2. Graduate Medical Education Regulations, 2023 Dated 02.06.2023 (UGMEB)_66c0d104.pdf","C:\Users\rahma\OneDrive - Indian Institute of Management\Desktop\Term 5\CCS\RAG_Project\Healthcare_RAG_Raw\04_NMC\2. Graduate Medical Education Regulations, 2023 Dated 02.06.2023 (UGMEB)_66c0d104.pdf","C:\Users\rahma\OneDrive - Indian Institute of Management\Desktop\Term 5\CCS\RAG_Project\Healthcare_Master\2. Graduate Medical Education Regulations, 2023 Dated 02.06.2023 (UGMEB)_66c0d104.pdf","Healthcare_RAG_Raw","5E508B0A7B3096A0B4A1DC3978324C7175F02D53A386DF997A96AC1F25D26CA9","Copied"
"2. Post-Graduate Medical Education Regulations, 2023 dated 29.12.2023 (PGMEB)_ea7e9773.pdf","C:\Users\rahma\OneDrive - Indian Institute of Management\Desktop\Term 5\CCS\RAG_Project\Healthcare_RAG_Raw\04_NMC\2. Post-Graduate Medical Education Regulations, 2023 dated 29.12.2023 (PGMEB)_ea7e9773.pdf","C:\Users\rahma\OneDrive - Indian Institute of Management\Desktop\Term 5\CCS\RAG_Project\Healthcare_Master\2. Post-Graduate Medical Education Regulations, 2023 dated 29.12.2023 (PGMEB)_ea7e9773.pdf","Healthcare_RAG_Raw","09E70F6482868A319436EBD3B7AB1F8F1E23125A6E144E690D3F50B64C25DACE","Copied"
"2. Recruitment Rules for 38 Posts Sanctioned for NMC Dated 26.11.2021 (NMC)_3a6f6f11.pdf","C:\Users\rahma\OneDrive - Indian Institute of Management\Desktop\Term 5\CCS\RAG_Project\Healthcare_RAG_Raw\04_NMC\2. Recruitment Rules for 38 Posts Sanctioned for NMC Dated 26.11.2021 (NMC)_3a6f6f11.pdf","C:\Users\rahma\OneDrive - Indian Institute of Management\Desktop\Term 5\CCS\RAG_Project\Healthcare_Master\2. Recruitment Rules for 38 Posts Sanctioned for NMC Dated 26.11.2021 (NMC)_3a6f6f11.pdf","Healthcare_RAG_Raw","BCDD8C5600594FD0B0DF0BE65A9E5FCC6C2973B1DDDA76A93AA0351739B77991","Copied"
"2. Registration of Medical Practitioners and Licence to Practice Medicine Regulations, 2023 Dated 10.05.2023 (EMRB-Registration)_432310f4.pdf","C:\Users\rahma\OneDrive - Indian Institute of Management\Desktop\Term 5\CCS\RAG_Project\Healthcare_RAG_Raw\04_NMC\2. Registration of Medical Practitioners and Licence to Practice Medicine Regulations, 2023 Dated 10.05.2023 (EMRB-Registration)_432310f4.pdf","C:\Users\rahma\OneDrive - Indian Institute of Management\Desktop\Term 5\CCS\RAG_Project\Healthcare_Master\2. Registration of Medical Practitioners and Licence to Practice Medicine Regulations, 2023 Dated 10.05.2023 (EMRB-Registration)_432310f4.pdf","Healthcare_RAG_Raw","E7657063F6E2B897F89EE08EC5E9FE5BF0408C69BE8A886DBA706526C2C837F6","Copied"
"2.1. FAQs on PGMER-2023 dated 10.04.2024_3024dcc0.pdf","C:\Users\rahma\OneDrive - Indian Institute of Management\Desktop\Term 5\CCS\RAG_Project\Healthcare_RAG_Raw\04_NMC\2.1. FAQs on PGMER-2023 dated 10.04.2024_3024dcc0.pdf","C:\Users\rahma\OneDrive - Indian Institute of Management\Desktop\Term 5\CCS\RAG_Project\Healthcare_Master\2.1. FAQs on PGMER-2023 dated 10.04.2024_3024dcc0.pdf","Healthcare_RAG_Raw","D658101DF370CF2A2A98EF84AD113F8991C1146C996E280424F2C1255CEEBE48","Copied"
"2.1.a. Amendment Notification in UGMSR 2023 Guideline Dated 02.07.2025_0e672b18.pdf","C:\Users\rahma\OneDrive - Indian Institute of Management\Desktop\Term 5\CCS\RAG_Project\Healthcare_RAG_Raw\04_NMC\2.1.a. Amendment Notification in UGMSR 2023 Guideline Dated 02.07.2025_0e672b18.pdf","C:\Users\rahma\OneDrive - Indian Institute of Management\Desktop\Term 5\CCS\RAG_Project\Healthcare_Master\2.1.a. Amendment Notification in UGMSR 2023 Guideline Dated 02.07.2025_0e672b18.pdf","Healthcare_RAG_Raw","8EF30F086A370995BD0BB58DDBCE3FE13706B334F59CD6D504AC468D8B1E6107","Copied"
"2.1.b. Amendment Notification in UGMSR 2023 Guideline Dated 23.04.2026_6a518c83.pdf","C:\Users\rahma\OneDrive - Indian Institute of Management\Desktop\Term 5\CCS\RAG_Project\Healthcare_RAG_Raw\04_NMC\2.1.b. Amendment Notification in UGMSR 2023 Guideline Dated 23.04.2026_6a518c83.pdf","C:\Users\rahma\OneDrive - Indian Institute of Management\Desktop\Term 5\CCS\RAG_Project\Healthcare_Master\2.1.b. Amendment Notification in UGMSR 2023 Guideline Dated 23.04.2026_6a518c83.pdf","Healthcare_RAG_Raw","75EF78CBBF8AA7B69E04691EE7CA049B491F19DEAE78A9A0F399C0778C345254","Copied"
"2.2.a.Corrigendum CBME Curriculum dated 01.09.2023_170c4e2f.pdf","C:\Users\rahma\OneDrive - Indian Institute of Management\Desktop\Term 5\CCS\RAG_Project\Healthcare_RAG_Raw\04_NMC\2.2.a.Corrigendum CBME Curriculum dated 01.09.2023_170c4e2f.pdf","C:\Users\rahma\OneDrive - Indian Institute of Management\Desktop\Term 5\CCS\RAG_Project\Healthcare_Master\2.2.a.Corrigendum CBME Curriculum dated 01.09.2023_170c4e2f.pdf","Healthcare_RAG_Raw","0D8AD93A8787A8DD745EE81EBCFA99B504AEAEC38E3D692CA806EC817071CE89","Copied"
"2.2.b.Corrigendum CBME Curriculum dated 03.10.2023_6576deb3.pdf","C:\Users\rahma\OneDrive - Indian Institute of Management\Desktop\Term 5\CCS\RAG_Project\Healthcare_RAG_Raw\04_NMC\2.2.b.Corrigendum CBME Curriculum dated 03.10.2023_6576deb3.pdf","C:\Users\rahma\OneDrive - Indian Institute of Management\Desktop\Term 5\CCS\RAG_Project\Healthcare_Master\2.2.b.Corrigendum CBME Curriculum dated 03.10.2023_6576deb3.pdf","Healthcare_RAG_Raw","D93F75D81C124A22057D0262439D3443026CF30E46D90DCE2E05A673D57F7B2A","Copied"
"2.2.Competency Based Medical Education (CBME) Guideline dated 01.08.2023_79584888.pdf","C:\Users\rahma\OneDrive - Indian Institute of Management\Desktop\Term 5\CCS\RAG_Project\Healthcare_RAG_Raw\04_NMC\2.2.Competency Based Medical Education (CBME) Guideline dated 01.08.2023_79584888.pdf","C:\Users\rahma\OneDrive - Indian Institute of Management\Desktop\Term 5\CCS\RAG_Project\Healthcare_Master\2.2.Competency Based Medical Education (CBME) Guideline dated 01.08.2023_79584888.pdf","Healthcare_RAG_Raw","FCEADB98974D474CA6FD26C667DDCFBCF4AEC8A330695E5D8EAAF117729DB470","Copied"
"2.3. Public Notice- Guidelines on Temporary Registration 18.01.2024_03cc8bb2.pdf","C:\Users\rahma\OneDrive - Indian Institute of Management\Desktop\Term 5\CCS\RAG_Project\Healthcare_RAG_Raw\04_NMC\2.3. Public Notice- Guidelines on Temporary Registration 18.01.2024_03cc8bb2.pdf","C:\Users\rahma\OneDrive - Indian Institute of Management\Desktop\Term 5\CCS\RAG_Project\Healthcare_Master\2.3. Public Notice- Guidelines on Temporary Registration 18.01.2024_03cc8bb2.pdf","Healthcare_RAG_Raw","522842FD57374F9877499BDBF94E1F67499A684BC34963B0FC7A50EC320150D9","Copied"
"2.3.a. Additional clarification on CBME Guideline, 2024 published on 12.09.2024 dated 10.10.2024_3e8f956c.pdf","C:\Users\rahma\OneDrive - Indian Institute of Management\Desktop\Term 5\CCS\RAG_Project\Healthcare_RAG_Raw\04_NMC\2.3.a. Additional clarification on CBME Guideline, 2024 published on 12.09.2024 dated 10.10.2024_3e8f956c.pdf","C:\Users\rahma\OneDrive - Indian Institute of Management\Desktop\Term 5\CCS\RAG_Project\Healthcare_Master\2.3.a. Additional clarification on CBME Guideline, 2024 published on 12.09.2024 dated 10.10.2024_3e8f956c.pdf","Healthcare_RAG_Raw","62A60B29A1FD5A97F2FCAC4A1C3761286F2DAC2C371E76047F5EA8CBCCB13DB0","Copied"
"2.3.Competency Based Medical Education (CBME) Curriculum 2024 dated 12.09.2024_14a5ab3b.pdf","C:\Users\rahma\OneDrive - Indian Institute of Management\Desktop\Term 5\CCS\RAG_Project\Healthcare_RAG_Raw\04_NMC\2.3.Competency Based Medical Education (CBME) Curriculum 2024 dated 12.09.2024_14a5ab3b.pdf","C:\Users\rahma\OneDrive - Indian Institute of Management\Desktop\Term 5\CCS\RAG_Project\Healthcare_Master\2.3.Competency Based Medical Education (CBME) Curriculum 2024 dated 12.09.2024_14a5ab3b.pdf","Healthcare_RAG_Raw","AA601690B9E92B74F7412973A70969539E93210B41829018F052059BBF5AE23C","Copied"
"2.a. Graduate Medical Education Regulations, 2023 Amendment-Notification Dated 16.06.2023_63a32fe9.pdf","C:\Users\rahma\OneDrive - Indian Institute of Management\Desktop\Term 5\CCS\RAG_Project\Healthcare_RAG_Raw\04_NMC\2.a. Graduate Medical Education Regulations, 2023 Amendment-Notification Dated 16.06.2023_63a32fe9.pdf","C:\Users\rahma\OneDrive - Indian Institute of Management\Desktop\Term 5\CCS\RAG_Project\Healthcare_Master\2.a. Graduate Medical Education Regulations, 2023 Amendment-Notification Dated 16.06.2023_63a32fe9.pdf","Healthcare_RAG_Raw","6F5954BE82A051E53B3293F4E93739139836679442E84CC377D32DA0A358F65C","Copied"
"3. National Medical Commission (Recognition of Medical Qualification) Regulations, 2023 Dated 29.12.2023 (PGMEB)_680ebed9.pdf","C:\Users\rahma\OneDrive - Indian Institute of Management\Desktop\Term 5\CCS\RAG_Project\Healthcare_RAG_Raw\04_NMC\3. National Medical Commission (Recognition of Medical Qualification) Regulations, 2023 Dated 29.12.2023 (PGMEB)_680ebed9.pdf","C:\Users\rahma\OneDrive - Indian Institute of Management\Desktop\Term 5\CCS\RAG_Project\Healthcare_Master\3. National Medical Commission (Recognition of Medical Qualification) Regulations, 2023 Dated 29.12.2023 (PGMEB)_680ebed9.pdf","Healthcare_RAG_Raw","0FE31CE97052D4B0733C7AAF0B6E38CC0A7CA32C3225A7C4C786A9C1D991E443","Copied"
"3. Prevention and Prohibition of Ragging in Medical College and Institutions Regulations 2021 Dated 18.11.2021 (UGMEB)_f7c0ccd0.pdf","C:\Users\rahma\OneDrive - Indian Institute of Management\Desktop\Term 5\CCS\RAG_Project\Healthcare_RAG_Raw\04_NMC\3. Prevention and Prohibition of Ragging in Medical College and Institutions Regulations 2021 Dated 18.11.2021 (UGMEB)_f7c0ccd0.pdf","C:\Users\rahma\OneDrive - Indian Institute of Management\Desktop\Term 5\CCS\RAG_Project\Healthcare_Master\3. Prevention and Prohibition of Ragging in Medical College and Institutions Regulations 2021 Dated 18.11.2021 (UGMEB)_f7c0ccd0.pdf","Healthcare_RAG_Raw","B290FB9D725A15B1FBBC8DF4520E163B8BE61BC3C7487B96F801892097B573C5","Copied"
"3.1. FAQs on Recognition Regulation 2023 dated 05.01.2024_637a257a.pdf","C:\Users\rahma\OneDrive - Indian Institute of Management\Desktop\Term 5\CCS\RAG_Project\Healthcare_RAG_Raw\04_NMC\3.1. FAQs on Recognition Regulation 2023 dated 05.01.2024_637a257a.pdf","C:\Users\rahma\OneDrive - Indian Institute of Management\Desktop\Term 5\CCS\RAG_Project\Healthcare_Master\3.1. FAQs on Recognition Regulation 2023 dated 05.01.2024_637a257a.pdf","Healthcare_RAG_Raw","7A5D1462E0B1FC1AD1330A87FE97808FD8A654EBC7756E73C657DBC7D2895238","Copied"
"4. Compulsory Rotating Medical Internship Regulations 2021 Dated 18.11.2021 (UGMEB)_8d39a5ab.pdf","C:\Users\rahma\OneDrive - Indian Institute of Management\Desktop\Term 5\CCS\RAG_Project\Healthcare_RAG_Raw\04_NMC\4. Compulsory Rotating Medical Internship Regulations 2021 Dated 18.11.2021 (UGMEB)_8d39a5ab.pdf","C:\Users\rahma\OneDrive - Indian Institute of Management\Desktop\Term 5\CCS\RAG_Project\Healthcare_Master\4. Compulsory Rotating Medical Internship Regulations 2021 Dated 18.11.2021 (UGMEB)_8d39a5ab.pdf","Healthcare_RAG_Raw","D87CDAB09A1B29FD82ABCBCB033D6B8ADC96B734D2B10B92346AFE4740E6181B","Copied"
"4. Maintenance of standards of Medical Education Regulation, 2023 dated 19.09.2023 (PGMEB)_923ddd9d.pdf","C:\Users\rahma\OneDrive - Indian Institute of Management\Desktop\Term 5\CCS\RAG_Project\Healthcare_RAG_Raw\04_NMC\4. Maintenance of standards of Medical Education Regulation, 2023 dated 19.09.2023 (PGMEB)_923ddd9d.pdf","C:\Users\rahma\OneDrive - Indian Institute of Management\Desktop\Term 5\CCS\RAG_Project\Healthcare_Master\4. Maintenance of standards of Medical Education Regulation, 2023 dated 19.09.2023 (PGMEB)_923ddd9d.pdf","Healthcare_RAG_Raw","4A739C8D0EAE7436D2E511BC36B5BFF428B77E389B196DD7563D0DABB7033CD7","Copied"
"4.1 RevisedSR-2024 dated 23.08.2024_2c881de5.pdf","C:\Users\rahma\OneDrive - Indian Institute of Management\Desktop\Term 5\CCS\RAG_Project\Healthcare_RAG_Raw\04_NMC\4.1 RevisedSR-2024 dated 23.08.2024_2c881de5.pdf","C:\Users\rahma\OneDrive - Indian Institute of Management\Desktop\Term 5\CCS\RAG_Project\Healthcare_Master\4.1 RevisedSR-2024 dated 23.08.2024_2c881de5.pdf","Healthcare_RAG_Raw","A9E42F8CED913B379E1D45CA07E317659568B17DD0F3939E942C0B63F12BCAA6","Copied"
"4.2. FAQ on MSMER, 2023 dated 05.01.2024_ff587aa2.pdf","C:\Users\rahma\OneDrive - Indian Institute of Management\Desktop\Term 5\CCS\RAG_Project\Healthcare_RAG_Raw\04_NMC\4.2. FAQ on MSMER, 2023 dated 05.01.2024_ff587aa2.pdf","C:\Users\rahma\OneDrive - Indian Institute of Management\Desktop\Term 5\CCS\RAG_Project\Healthcare_Master\4.2. FAQ on MSMER, 2023 dated 05.01.2024_ff587aa2.pdf","Healthcare_RAG_Raw","D780279A875DF2354AEC7B148622C5E06810D4EDF0A7707C224C356D9E62B44E","Copied"
"4.3. Minimum Standard of Requirements for Post-Graduate Courses 2023 dated 15.01.2024_18044ae4.pdf","C:\Users\rahma\OneDrive - Indian Institute of Management\Desktop\Term 5\CCS\RAG_Project\Healthcare_RAG_Raw\04_NMC\4.3. Minimum Standard of Requirements for Post-Graduate Courses 2023 dated 15.01.2024_18044ae4.pdf","C:\Users\rahma\OneDrive - Indian Institute of Management\Desktop\Term 5\CCS\RAG_Project\Healthcare_Master\4.3. Minimum Standard of Requirements for Post-Graduate Courses 2023 dated 15.01.2024_18044ae4.pdf","Healthcare_RAG_Raw","B19D65913EC1E93F6FA862E5F44555EEF7174A681F55392610F79683EC575F6C","Copied"
"5. Foreign Medical Graduate Licentiate Regulations 2021 Dated 18.11.2021 (UGMEB)_be88c387.pdf","C:\Users\rahma\OneDrive - Indian Institute of Management\Desktop\Term 5\CCS\RAG_Project\Healthcare_RAG_Raw\04_NMC\5. Foreign Medical Graduate Licentiate Regulations 2021 Dated 18.11.2021 (UGMEB)_be88c387.pdf","C:\Users\rahma\OneDrive - Indian Institute of Management\Desktop\Term 5\CCS\RAG_Project\Healthcare_Master\5. Foreign Medical Graduate Licentiate Regulations 2021 Dated 18.11.2021 (UGMEB)_be88c387.pdf","Healthcare_RAG_Raw","7DD653359C14B26BFF802A70D65A7077B9C1BF58EB9B2938D5CAD4D8E2B74097","Copied"
"5. Teachers Eligibility Qualification in Medical Institutions Regulations, 2022 Dated 14.02.2022 (PGMEB)_d59eaed5.pdf","C:\Users\rahma\OneDrive - Indian Institute of Management\Desktop\Term 5\CCS\RAG_Project\Healthcare_RAG_Raw\04_NMC\5. Teachers Eligibility Qualification in Medical Institutions Regulations, 2022 Dated 14.02.2022 (PGMEB)_d59eaed5.pdf","C:\Users\rahma\OneDrive - Indian Institute of Management\Desktop\Term 5\CCS\RAG_Project\Healthcare_Master\5. Teachers Eligibility Qualification in Medical Institutions Regulations, 2022 Dated 14.02.2022 (PGMEB)_d59eaed5.pdf","Healthcare_RAG_Raw","05ECBC968C35B9109986DF555E4484E0E96408C1B2CD7132192D44836AADC0D3","Copied"
"5.1 Frequently Asked Questions dated 08th June, 2026_a5184c53.pdf","C:\Users\rahma\OneDrive - Indian Institute of Management\Desktop\Term 5\CCS\RAG_Project\Healthcare_RAG_Raw\04_NMC\5.1 Frequently Asked Questions dated 08th June, 2026_a5184c53.pdf","C:\Users\rahma\OneDrive - Indian Institute of Management\Desktop\Term 5\CCS\RAG_Project\Healthcare_Master\5.1 Frequently Asked Questions dated 08th June, 2026_a5184c53.pdf","Healthcare_RAG_Raw","CAF3B62334ED24AA867BECBE81E396BB839219201D00C75436919C0B3600787E","Copied"
"5.1. Public Notice regarding Proposed Draft for Amendment in TEQ Regulations dated 02.11.2022_4382c857.pdf","C:\Users\rahma\OneDrive - Indian Institute of Management\Desktop\Term 5\CCS\RAG_Project\Healthcare_RAG_Raw\04_NMC\5.1. Public Notice regarding Proposed Draft for Amendment in TEQ Regulations dated 02.11.2022_4382c857.pdf","C:\Users\rahma\OneDrive - Indian Institute of Management\Desktop\Term 5\CCS\RAG_Project\Healthcare_Master\5.1. Public Notice regarding Proposed Draft for Amendment in TEQ Regulations dated 02.11.2022_4382c857.pdf","Healthcare_RAG_Raw","E3B6048D5DEE4F91AA0EA0992EDADA682903C66620CB5F3EA2130E70A0BC81B6","Copied"
"5.2 Frequently Asked Questions on FMGL Regulations dated 22nd February, 2022_f9ad1c9d.pdf","C:\Users\rahma\OneDrive - Indian Institute of Management\Desktop\Term 5\CCS\RAG_Project\Healthcare_RAG_Raw\04_NMC\5.2 Frequently Asked Questions on FMGL Regulations dated 22nd February, 2022_f9ad1c9d.pdf","C:\Users\rahma\OneDrive - Indian Institute of Management\Desktop\Term 5\CCS\RAG_Project\Healthcare_Master\5.2 Frequently Asked Questions on FMGL Regulations dated 22nd February, 2022_f9ad1c9d.pdf","Healthcare_RAG_Raw","A7BA1FCC1E04BD5874C93AB3EAA5542B6E1065D71353F99A0591A2CF39C6E77A","Copied"
"5.2. TEQ Amendment Notification dated 31.03.2023_998fc05a.pdf","C:\Users\rahma\OneDrive - Indian Institute of Management\Desktop\Term 5\CCS\RAG_Project\Healthcare_RAG_Raw\04_NMC\5.2. TEQ Amendment Notification dated 31.03.2023_998fc05a.pdf","C:\Users\rahma\OneDrive - Indian Institute of Management\Desktop\Term 5\CCS\RAG_Project\Healthcare_Master\5.2. TEQ Amendment Notification dated 31.03.2023_998fc05a.pdf","Healthcare_RAG_Raw","985CC6F400EF857FF2AE3E935496CF6CB60B109C1E2DBD36B38B3B4C3050B9F5","Copied"
"5.3 Frequently Asked Questions on Screening Test Regulations dated 22nd February, 2022_5402c0f1.pdf","C:\Users\rahma\OneDrive - Indian Institute of Management\Desktop\Term 5\CCS\RAG_Project\Healthcare_RAG_Raw\04_NMC\5.3 Frequently Asked Questions on Screening Test Regulations dated 22nd February, 2022_5402c0f1.pdf","C:\Users\rahma\OneDrive - Indian Institute of Management\Desktop\Term 5\CCS\RAG_Project\Healthcare_Master\5.3 Frequently Asked Questions on Screening Test Regulations dated 22nd February, 2022_5402c0f1.pdf","Healthcare_RAG_Raw","E27F4C5D731759BA75BE6446B7026299089B54A1FC23E7C194D4564E002AD8B3","Copied"
"Click Here To View This Regulation_0e21152e.pdf","C:\Users\rahma\OneDrive - Indian Institute of Management\Desktop\Term 5\CCS\RAG_Project\Healthcare_RAG_Raw\04_NMC\Click Here To View This Regulation_0e21152e.pdf","C:\Users\rahma\OneDrive - Indian Institute of Management\Desktop\Term 5\CCS\RAG_Project\Healthcare_Master\Click Here To View This Regulation_0e21152e.pdf","Healthcare_RAG_Raw","44DE73C3017FC95E60DA42FC76D8D78F3A89DE2415893219BB4BF3E47CD6005B","Copied"
"CPIO Order_083885f2.pdf","C:\Users\rahma\OneDrive - Indian Institute of Management\Desktop\Term 5\CCS\RAG_Project\Healthcare_RAG_Raw\04_NMC\CPIO Order_083885f2.pdf","C:\Users\rahma\OneDrive - Indian Institute of Management\Desktop\Term 5\CCS\RAG_Project\Healthcare_Master\CPIO Order_083885f2.pdf","Healthcare_RAG_Raw","750762641573DF1F50DB027DE0E9D7ECAA89A79F94731CB80A86A7EB5F6CDF96","Copied"
"Details of CPIOs and First Appellate Authorities in NMC_Boards_13dca7da.pdf","C:\Users\rahma\OneDrive - Indian Institute of Management\Desktop\Term 5\CCS\RAG_Project\Healthcare_RAG_Raw\04_NMC\Details of CPIOs and First Appellate Authorities in NMC_Boards_13dca7da.pdf","C:\Users\rahma\OneDrive - Indian Institute of Management\Desktop\Term 5\CCS\RAG_Project\Healthcare_Master\Details of CPIOs and First Appellate Authorities in NMC_Boards_13dca7da.pdf","Healthcare_RAG_Raw","7CCE8E2F07A6F71230A122A1D35DA06DEFD12BE8D8BE533193C618C44BE7C068","Copied"
"Establishment of Medical College Regulation,(Amendment), 2020 Dated 28.10.2020 (MARB)_62b8bfcc.pdf","C:\Users\rahma\OneDrive - Indian Institute of Management\Desktop\Term 5\CCS\RAG_Project\Healthcare_RAG_Raw\04_NMC\Establishment of Medical College Regulation,(Amendment), 2020 Dated 28.10.2020 (MARB)_62b8bfcc.pdf","C:\Users\rahma\OneDrive - Indian Institute of Management\Desktop\Term 5\CCS\RAG_Project\Healthcare_Master\Establishment of Medical College Regulation,(Amendment), 2020 Dated 28.10.2020 (MARB)_62b8bfcc.pdf","Healthcare_RAG_Raw","EB1DA59433E3AFBFA3CCFA6E1237A53DD6A514114B345F5E541A954C27602217","Copied"
"FAQ on NMC Act, 2019_8858bcb5.pdf","C:\Users\rahma\OneDrive - Indian Institute of Management\Desktop\Term 5\CCS\RAG_Project\Healthcare_RAG_Raw\04_NMC\FAQ on NMC Act, 2019_8858bcb5.pdf","C:\Users\rahma\OneDrive - Indian Institute of Management\Desktop\Term 5\CCS\RAG_Project\Healthcare_Master\FAQ on NMC Act, 2019_8858bcb5.pdf","Healthcare_RAG_Raw","6084930397B27745C2ED848336A273F3532552B5EA5FD773688E83E94498C540","Copied"
"Graduate Medical Education Regulations 1997 (Amendment Dated 04.11.2019 (UGMEB)_6a8530b1.pdf","C:\Users\rahma\OneDrive - Indian Institute of Management\Desktop\Term 5\CCS\RAG_Project\Healthcare_RAG_Raw\04_NMC\Graduate Medical Education Regulations 1997 (Amendment Dated 04.11.2019 (UGMEB)_6a8530b1.pdf","C:\Users\rahma\OneDrive - Indian Institute of Management\Desktop\Term 5\CCS\RAG_Project\Healthcare_Master\Graduate Medical Education Regulations 1997 (Amendment Dated 04.11.2019 (UGMEB)_6a8530b1.pdf","Healthcare_RAG_Raw","3DAAE34FB6BA91CE130A22A904B8474CDDD5FD8ACCA0C093AF01E0AAD057CE66","Copied"
"Minimum requirement for 100 admissions_043a1097.pdf","C:\Users\rahma\OneDrive - Indian Institute of Management\Desktop\Term 5\CCS\RAG_Project\Healthcare_RAG_Raw\04_NMC\Minimum requirement for 100 admissions_043a1097.pdf","C:\Users\rahma\OneDrive - Indian Institute of Management\Desktop\Term 5\CCS\RAG_Project\Healthcare_Master\Minimum requirement for 100 admissions_043a1097.pdf","Healthcare_RAG_Raw","781CA998D660774B88EFA163937F0C7679056130B13FCE10A92C982F6CED1D90","Copied"
"Minimum requirement for 150 admissions_6f224be1.pdf","C:\Users\rahma\OneDrive - Indian Institute of Management\Desktop\Term 5\CCS\RAG_Project\Healthcare_RAG_Raw\04_NMC\Minimum requirement for 150 admissions_6f224be1.pdf","C:\Users\rahma\OneDrive - Indian Institute of Management\Desktop\Term 5\CCS\RAG_Project\Healthcare_Master\Minimum requirement for 150 admissions_6f224be1.pdf","Healthcare_RAG_Raw","8D8838CBEB35CF27C9840026EEDC3EE0A780F050834539744E5938440FF4F9E5","Copied"
"Minimum requirement for 200 admissions_b4c9b349.pdf","C:\Users\rahma\OneDrive - Indian Institute of Management\Desktop\Term 5\CCS\RAG_Project\Healthcare_RAG_Raw\04_NMC\Minimum requirement for 200 admissions_b4c9b349.pdf","C:\Users\rahma\OneDrive - Indian Institute of Management\Desktop\Term 5\CCS\RAG_Project\Healthcare_Master\Minimum requirement for 200 admissions_b4c9b349.pdf","Healthcare_RAG_Raw","91D2B91135F6A565004019F1F9E4A73839303B0DE2C8DFE06539B68B01E18814","Copied"
"Minimum requirement for 250 admissions_1b887e74.pdf","C:\Users\rahma\OneDrive - Indian Institute of Management\Desktop\Term 5\CCS\RAG_Project\Healthcare_RAG_Raw\04_NMC\Minimum requirement for 250 admissions_1b887e74.pdf","C:\Users\rahma\OneDrive - Indian Institute of Management\Desktop\Term 5\CCS\RAG_Project\Healthcare_Master\Minimum requirement for 250 admissions_1b887e74.pdf","Healthcare_RAG_Raw","3B5037D675735A88D32635FB12E420A89D073797906C2424F40E9F30B6B1D9E7","Copied"
"Minimum requirement for 50 admissions_9c4066f8.pdf","C:\Users\rahma\OneDrive - Indian Institute of Management\Desktop\Term 5\CCS\RAG_Project\Healthcare_RAG_Raw\04_NMC\Minimum requirement for 50 admissions_9c4066f8.pdf","C:\Users\rahma\OneDrive - Indian Institute of Management\Desktop\Term 5\CCS\RAG_Project\Healthcare_Master\Minimum requirement for 50 admissions_9c4066f8.pdf","Healthcare_RAG_Raw","98526EF580EEAABF1C5DF94FB5C797E2C536AFB01A49E7EFF7FA7A718D698716","Copied"
"NMC Act, 2019 English_e107fc27.pdf","C:\Users\rahma\OneDrive - Indian Institute of Management\Desktop\Term 5\CCS\RAG_Project\Healthcare_RAG_Raw\04_NMC\NMC Act, 2019 English_e107fc27.pdf","C:\Users\rahma\OneDrive - Indian Institute of Management\Desktop\Term 5\CCS\RAG_Project\Healthcare_Master\NMC Act, 2019 English_e107fc27.pdf","Healthcare_RAG_Raw","B2DADCF03C5FE63EFE2404CD3959FA7A34A4EA3FBADDE1684D89311CAE42980F","Copied"
"NMC Act, 2019 Hindi_67fffcf8.pdf","C:\Users\rahma\OneDrive - Indian Institute of Management\Desktop\Term 5\CCS\RAG_Project\Healthcare_RAG_Raw\04_NMC\NMC Act, 2019 Hindi_67fffcf8.pdf","C:\Users\rahma\OneDrive - Indian Institute of Management\Desktop\Term 5\CCS\RAG_Project\Healthcare_Master\NMC Act, 2019 Hindi_67fffcf8.pdf","Healthcare_RAG_Raw","6285BB6578176F1294EAA2D97D221EE8CD944927CFD7778C52C8A47C0321F157","Copied"
"NMC ANNUAL 2022-23_ENGLISH_98c6f675.pdf","C:\Users\rahma\OneDrive - Indian Institute of Management\Desktop\Term 5\CCS\RAG_Project\Healthcare_RAG_Raw\04_NMC\NMC ANNUAL 2022-23_ENGLISH_98c6f675.pdf","C:\Users\rahma\OneDrive - Indian Institute of Management\Desktop\Term 5\CCS\RAG_Project\Healthcare_Master\NMC ANNUAL 2022-23_ENGLISH_98c6f675.pdf","Healthcare_RAG_Raw","76F8DB4470CA06E77DC859E863EE4279924272E8D072316C7EA94F22F6852750","Copied"
"NMC ANNUAL 2022-23_HINDI_27b59565.pdf","C:\Users\rahma\OneDrive - Indian Institute of Management\Desktop\Term 5\CCS\RAG_Project\Healthcare_RAG_Raw\04_NMC\NMC ANNUAL 2022-23_HINDI_27b59565.pdf","C:\Users\rahma\OneDrive - Indian Institute of Management\Desktop\Term 5\CCS\RAG_Project\Healthcare_Master\NMC ANNUAL 2022-23_HINDI_27b59565.pdf","Healthcare_RAG_Raw","3676D2AC7DEED3EBF72DFA212AB0EC097A17116D11457F93F1DCD3BE0AB8B8AF","Copied"
"NMC ANNUAL 2023_24_ENGLISH_e5cbb50e.pdf","C:\Users\rahma\OneDrive - Indian Institute of Management\Desktop\Term 5\CCS\RAG_Project\Healthcare_RAG_Raw\04_NMC\NMC ANNUAL 2023_24_ENGLISH_e5cbb50e.pdf","C:\Users\rahma\OneDrive - Indian Institute of Management\Desktop\Term 5\CCS\RAG_Project\Healthcare_Master\NMC ANNUAL 2023_24_ENGLISH_e5cbb50e.pdf","Healthcare_RAG_Raw","05D54FB84F26251927E60A832D7D87F59A912E856B6B71B34A97A9E948670BCC","Copied"
"NMC ANNUAL 2023_24_HINDI_7409aed3.pdf","C:\Users\rahma\OneDrive - Indian Institute of Management\Desktop\Term 5\CCS\RAG_Project\Healthcare_RAG_Raw\04_NMC\NMC ANNUAL 2023_24_HINDI_7409aed3.pdf","C:\Users\rahma\OneDrive - Indian Institute of Management\Desktop\Term 5\CCS\RAG_Project\Healthcare_Master\NMC ANNUAL 2023_24_HINDI_7409aed3.pdf","Healthcare_RAG_Raw","C28534060E4C3078D409D746566ABF5C037C14009A0FD4E73DB2C855444D6F3F","Copied"
"NMC ANNUAL 2024_25_ENGLISH_fd43fb51.pdf","C:\Users\rahma\OneDrive - Indian Institute of Management\Desktop\Term 5\CCS\RAG_Project\Healthcare_RAG_Raw\04_NMC\NMC ANNUAL 2024_25_ENGLISH_fd43fb51.pdf","C:\Users\rahma\OneDrive - Indian Institute of Management\Desktop\Term 5\CCS\RAG_Project\Healthcare_Master\NMC ANNUAL 2024_25_ENGLISH_fd43fb51.pdf","Healthcare_RAG_Raw","A91DA500BD10716415A483A099BB4F52DE7C57EB05D7AEDC43919084F8B006BB","Copied"
"NMC ANNUAL 2024_25_HINDI_ae4c7872.pdf","C:\Users\rahma\OneDrive - Indian Institute of Management\Desktop\Term 5\CCS\RAG_Project\Healthcare_RAG_Raw\04_NMC\NMC ANNUAL 2024_25_HINDI_ae4c7872.pdf","C:\Users\rahma\OneDrive - Indian Institute of Management\Desktop\Term 5\CCS\RAG_Project\Healthcare_Master\NMC ANNUAL 2024_25_HINDI_ae4c7872.pdf","Healthcare_RAG_Raw","FE68636AC557FEBB9BBEC3709CABE1E1472BAEA4C86BC9109FFEE74842886B19","Copied"
"Phasewise requirements for LOI, LOP, renewals_f0e8b30b.pdf","C:\Users\rahma\OneDrive - Indian Institute of Management\Desktop\Term 5\CCS\RAG_Project\Healthcare_RAG_Raw\04_NMC\Phasewise requirements for LOI, LOP, renewals_f0e8b30b.pdf","C:\Users\rahma\OneDrive - Indian Institute of Management\Desktop\Term 5\CCS\RAG_Project\Healthcare_Master\Phasewise requirements for LOI, LOP, renewals_f0e8b30b.pdf","Healthcare_RAG_Raw","747DBA2A378C99ED37F6A1A8835121996C1F3F90B8607C2721254A8CD423ADCE","Copied"
"WFMECertificateofRecognitionStatus_f2f3973b.pdf","C:\Users\rahma\OneDrive - Indian Institute of Management\Desktop\Term 5\CCS\RAG_Project\Healthcare_RAG_Raw\04_NMC\WFMECertificateofRecognitionStatus_f2f3973b.pdf","C:\Users\rahma\OneDrive - Indian Institute of Management\Desktop\Term 5\CCS\RAG_Project\Healthcare_Master\WFMECertificateofRecognitionStatus_f2f3973b.pdf","Healthcare_RAG_Raw","4762E7DEDA1BE3EAFA860D22881D519025E2187AD094EA6EA82844199B1582AF","Copied"
"Telemedicine_Practice_Guidelines_1e67ab72.pdf","C:\Users\rahma\OneDrive - Indian Institute of Management\Desktop\Term 5\CCS\RAG_Project\Healthcare_RAG_Raw\05_Telemedicine\Telemedicine_Practice_Guidelines_1e67ab72.pdf","C:\Users\rahma\OneDrive - Indian Institute of Management\Desktop\Term 5\CCS\RAG_Project\Healthcare_Master\Telemedicine_Practice_Guidelines_1e67ab72.pdf","Healthcare_RAG_Raw","464841EB83B94D8C190E7C0E59EF928FAA9B77505F858D3684376E2496E32A6B","Copied"
"1454_Operational_Guidelines_ENT_Print_ready_29_11_2020_72528185.pdf","C:\Users\rahma\OneDrive - Indian Institute of Management\Desktop\Term 5\CCS\RAG_Project\Healthcare_RAG_Raw\07_MoHFW_Primary_Healthcare\1454_Operational_Guidelines_ENT_Print_ready_29_11_2020_72528185.pdf","C:\Users\rahma\OneDrive - Indian Institute of Management\Desktop\Term 5\CCS\RAG_Project\Healthcare_Master\1454_Operational_Guidelines_ENT_Print_ready_29_11_2020_72528185.pdf","Healthcare_RAG_Raw","8930D20D553E3D5751F415C795DB8F1BB944866A4708C8C2FC3E4ECC64BCFEFE","Copied"
"263f3ca26df87dc44b7687c1b9cf0c15_21bd516c.pdf","C:\Users\rahma\OneDrive - Indian Institute of Management\Desktop\Term 5\CCS\RAG_Project\Healthcare_RAG_Raw\07_MoHFW_Primary_Healthcare\263f3ca26df87dc44b7687c1b9cf0c15_21bd516c.pdf","C:\Users\rahma\OneDrive - Indian Institute of Management\Desktop\Term 5\CCS\RAG_Project\Healthcare_Master\263f3ca26df87dc44b7687c1b9cf0c15_21bd516c.pdf","Healthcare_RAG_Raw","660A636C80D94E2DECBBF399E630A4335A754D791DE1CC91E29CB3F7DC021E46","Copied"
"45a4ab64b74ab124cfd853ec9a0127e4_88505f99.pdf","C:\Users\rahma\OneDrive - Indian Institute of Management\Desktop\Term 5\CCS\RAG_Project\Healthcare_RAG_Raw\07_MoHFW_Primary_Healthcare\45a4ab64b74ab124cfd853ec9a0127e4_88505f99.pdf","C:\Users\rahma\OneDrive - Indian Institute of Management\Desktop\Term 5\CCS\RAG_Project\Healthcare_Master\45a4ab64b74ab124cfd853ec9a0127e4_88505f99.pdf","Healthcare_RAG_Raw","D495EE54DF46179466D5A63E0E72E5862E8BE59AE25AE8D64297EBB083A83D64","Copied"
"47b077f6bfcded85af8bf2f319136186_de39ae86.pdf","C:\Users\rahma\OneDrive - Indian Institute of Management\Desktop\Term 5\CCS\RAG_Project\Healthcare_RAG_Raw\07_MoHFW_Primary_Healthcare\47b077f6bfcded85af8bf2f319136186_de39ae86.pdf","C:\Users\rahma\OneDrive - Indian Institute of Management\Desktop\Term 5\CCS\RAG_Project\Healthcare_Master\47b077f6bfcded85af8bf2f319136186_de39ae86.pdf","Healthcare_RAG_Raw","69F219689957C612E61B323EBF5F285C85114092BEB4696BF25ED4F537E853CB","Copied"
"47c15fa0edba7559a0773830a712894a_c7e5e4b9.pdf","C:\Users\rahma\OneDrive - Indian Institute of Management\Desktop\Term 5\CCS\RAG_Project\Healthcare_RAG_Raw\07_MoHFW_Primary_Healthcare\47c15fa0edba7559a0773830a712894a_c7e5e4b9.pdf","C:\Users\rahma\OneDrive - Indian Institute of Management\Desktop\Term 5\CCS\RAG_Project\Healthcare_Master\47c15fa0edba7559a0773830a712894a_c7e5e4b9.pdf","Healthcare_RAG_Raw","CA2F617EA264F4653CEC568EE3985A9B1FCA8DD68A0B0229632146EACEDD31B5","Copied"
"6381b33c4d25c4363679438afea500af_c583d416.pdf","C:\Users\rahma\OneDrive - Indian Institute of Management\Desktop\Term 5\CCS\RAG_Project\Healthcare_RAG_Raw\07_MoHFW_Primary_Healthcare\6381b33c4d25c4363679438afea500af_c583d416.pdf","C:\Users\rahma\OneDrive - Indian Institute of Management\Desktop\Term 5\CCS\RAG_Project\Healthcare_Master\6381b33c4d25c4363679438afea500af_c583d416.pdf","Healthcare_RAG_Raw","A61D490E4E1520C549DFC9B4B555E00B882F269E0763580573C6A5102CB2922A","Copied"
"73f6292ba65a28d63c70b4d836896318_b814dd9d.pdf","C:\Users\rahma\OneDrive - Indian Institute of Management\Desktop\Term 5\CCS\RAG_Project\Healthcare_RAG_Raw\07_MoHFW_Primary_Healthcare\73f6292ba65a28d63c70b4d836896318_b814dd9d.pdf","C:\Users\rahma\OneDrive - Indian Institute of Management\Desktop\Term 5\CCS\RAG_Project\Healthcare_Master\73f6292ba65a28d63c70b4d836896318_b814dd9d.pdf","Healthcare_RAG_Raw","A6BCF33E8E5A951ADD54B299CAF64D7DD7283B04B20444DF7262FBBEFFFA46BA","Copied"
"829bf86e304132dfae9962855c57dcd8_204ecd23.pdf","C:\Users\rahma\OneDrive - Indian Institute of Management\Desktop\Term 5\CCS\RAG_Project\Healthcare_RAG_Raw\07_MoHFW_Primary_Healthcare\829bf86e304132dfae9962855c57dcd8_204ecd23.pdf","C:\Users\rahma\OneDrive - Indian Institute of Management\Desktop\Term 5\CCS\RAG_Project\Healthcare_Master\829bf86e304132dfae9962855c57dcd8_204ecd23.pdf","Healthcare_RAG_Raw","15546E2FCA5C4BC797323A396309ECF51BA939918CB6C4B2AC5CB8C13FBCC2F7","Copied"
"ac403676f3b66475ba027e70b06b1a7c_3b77f427.pdf","C:\Users\rahma\OneDrive - Indian Institute of Management\Desktop\Term 5\CCS\RAG_Project\Healthcare_RAG_Raw\07_MoHFW_Primary_Healthcare\ac403676f3b66475ba027e70b06b1a7c_3b77f427.pdf","C:\Users\rahma\OneDrive - Indian Institute of Management\Desktop\Term 5\CCS\RAG_Project\Healthcare_Master\ac403676f3b66475ba027e70b06b1a7c_3b77f427.pdf","Healthcare_RAG_Raw","C2995C8520AA1E7E2989BD96504FA34CDC101CC2C70B3F36D2ABCA75390B73BC","Copied"
"b09f1edf31a9165aebf486a55bbe54f5_227c75f0.pdf","C:\Users\rahma\OneDrive - Indian Institute of Management\Desktop\Term 5\CCS\RAG_Project\Healthcare_RAG_Raw\07_MoHFW_Primary_Healthcare\b09f1edf31a9165aebf486a55bbe54f5_227c75f0.pdf","C:\Users\rahma\OneDrive - Indian Institute of Management\Desktop\Term 5\CCS\RAG_Project\Healthcare_Master\b09f1edf31a9165aebf486a55bbe54f5_227c75f0.pdf","Healthcare_RAG_Raw","21AC2E5824F754F0DB29B55F5F45798F8948BEB404BD4D72846EEFEE1E70F2B7","Copied"
"c605f3d8993c1ea43937354a8970d104_274e13d8.pdf","C:\Users\rahma\OneDrive - Indian Institute of Management\Desktop\Term 5\CCS\RAG_Project\Healthcare_RAG_Raw\07_MoHFW_Primary_Healthcare\c605f3d8993c1ea43937354a8970d104_274e13d8.pdf","C:\Users\rahma\OneDrive - Indian Institute of Management\Desktop\Term 5\CCS\RAG_Project\Healthcare_Master\c605f3d8993c1ea43937354a8970d104_274e13d8.pdf","Healthcare_RAG_Raw","88C1763F39E00437ACCAD91FB4F867F3A90ECA6F5D8254F61540552A3E3F36B0","Copied"
"cdc59be4f64be9217515d5c5cf618da9_f2bd4918.pdf","C:\Users\rahma\OneDrive - Indian Institute of Management\Desktop\Term 5\CCS\RAG_Project\Healthcare_RAG_Raw\07_MoHFW_Primary_Healthcare\cdc59be4f64be9217515d5c5cf618da9_f2bd4918.pdf","C:\Users\rahma\OneDrive - Indian Institute of Management\Desktop\Term 5\CCS\RAG_Project\Healthcare_Master\cdc59be4f64be9217515d5c5cf618da9_f2bd4918.pdf","Healthcare_RAG_Raw","08049EF5E1233AF4AB0077C4102C714C96657B68F232E51F719B0996090A8FFB","Copied"
"Draft_guidance_note_on_untied_funds_13b2823e.pdf","C:\Users\rahma\OneDrive - Indian Institute of Management\Desktop\Term 5\CCS\RAG_Project\Healthcare_RAG_Raw\07_MoHFW_Primary_Healthcare\Draft_guidance_note_on_untied_funds_13b2823e.pdf","C:\Users\rahma\OneDrive - Indian Institute of Management\Desktop\Term 5\CCS\RAG_Project\Healthcare_Master\Draft_guidance_note_on_untied_funds_13b2823e.pdf","Healthcare_RAG_Raw","36EB8C2644C0A78A4141BA0F1F147B64FE88F420839FA2552638D391032FB02A","Copied"
"ecc507d177d47211fab41162b1f21271_776c1ab0.pdf","C:\Users\rahma\OneDrive - Indian Institute of Management\Desktop\Term 5\CCS\RAG_Project\Healthcare_RAG_Raw\07_MoHFW_Primary_Healthcare\ecc507d177d47211fab41162b1f21271_776c1ab0.pdf","C:\Users\rahma\OneDrive - Indian Institute of Management\Desktop\Term 5\CCS\RAG_Project\Healthcare_Master\ecc507d177d47211fab41162b1f21271_776c1ab0.pdf","Healthcare_RAG_Raw","FC332929A1F68C82D2F6DBF1922F9CA06A5AF286AC41FF52154721BB4BF47CB3","Copied"
"Final_MNS_Operational_Guidelines_-_Web_Optimized_PDF_Version_-_19_11_20_eee9ba54.pdf","C:\Users\rahma\OneDrive - Indian Institute of Management\Desktop\Term 5\CCS\RAG_Project\Healthcare_RAG_Raw\07_MoHFW_Primary_Healthcare\Final_MNS_Operational_Guidelines_-_Web_Optimized_PDF_Version_-_19_11_20_eee9ba54.pdf","C:\Users\rahma\OneDrive - Indian Institute of Management\Desktop\Term 5\CCS\RAG_Project\Healthcare_Master\Final_MNS_Operational_Guidelines_-_Web_Optimized_PDF_Version_-_19_11_20_eee9ba54.pdf","Healthcare_RAG_Raw","2293F861D5107C967064E6F1161888F2F749B4B5D600D4CE1F42E0E128901C1C","Copied"
"FINAL_Operational_Guidelines_for_Primary_Eye_Care__28_pages__Dt__23_06_2020_1__26e16272.pdf","C:\Users\rahma\OneDrive - Indian Institute of Management\Desktop\Term 5\CCS\RAG_Project\Healthcare_RAG_Raw\07_MoHFW_Primary_Healthcare\FINAL_Operational_Guidelines_for_Primary_Eye_Care__28_pages__Dt__23_06_2020_1__26e16272.pdf","C:\Users\rahma\OneDrive - Indian Institute of Management\Desktop\Term 5\CCS\RAG_Project\Healthcare_Master\FINAL_Operational_Guidelines_for_Primary_Eye_Care__28_pages__Dt__23_06_2020_1__26e16272.pdf","Healthcare_RAG_Raw","B2539FCF258CCB1239831D2404023DEC593F0319BD2D27BD94407AD5E8B5EDD0","Copied"
"Jan_Aarogya_Samiti_Web_Compressed_11742585.pdf","C:\Users\rahma\OneDrive - Indian Institute of Management\Desktop\Term 5\CCS\RAG_Project\Healthcare_RAG_Raw\07_MoHFW_Primary_Healthcare\Jan_Aarogya_Samiti_Web_Compressed_11742585.pdf","C:\Users\rahma\OneDrive - Indian Institute of Management\Desktop\Term 5\CCS\RAG_Project\Healthcare_Master\Jan_Aarogya_Samiti_Web_Compressed_11742585.pdf","Healthcare_RAG_Raw","06DF7932147647D9C27019911A253EC6CDB4565CF8B6C2EE1BB5B1B5718450E7","Copied"
"Operational_Guidelines_Ear,_Nose_and_Throat_(ENT)_Care_at_HWCs_f8628165.pdf","C:\Users\rahma\OneDrive - Indian Institute of Management\Desktop\Term 5\CCS\RAG_Project\Healthcare_RAG_Raw\07_MoHFW_Primary_Healthcare\Operational_Guidelines_Ear,_Nose_and_Throat_(ENT)_Care_at_HWCs_f8628165.pdf","C:\Users\rahma\OneDrive - Indian Institute of Management\Desktop\Term 5\CCS\RAG_Project\Healthcare_Master\Operational_Guidelines_Ear,_Nose_and_Throat_(ENT)_Care_at_HWCs_f8628165.pdf","Healthcare_RAG_Raw","74C4C00D0F3579A77AD0910BAE895BEC6C862D1C4EEC6C6BC08FEC9FD51F588F","Copied"
"Operational_Guidelines_for_Oral_Health_Care_at_HWCs__2020__b4c41c18.pdf","C:\Users\rahma\OneDrive - Indian Institute of Management\Desktop\Term 5\CCS\RAG_Project\Healthcare_RAG_Raw\07_MoHFW_Primary_Healthcare\Operational_Guidelines_for_Oral_Health_Care_at_HWCs__2020__b4c41c18.pdf","C:\Users\rahma\OneDrive - Indian Institute of Management\Desktop\Term 5\CCS\RAG_Project\Healthcare_Master\Operational_Guidelines_for_Oral_Health_Care_at_HWCs__2020__b4c41c18.pdf","Healthcare_RAG_Raw","50B75610E5C62AD56539800D6872980C9B943EC66E3F91AD7649DD2DBB98C122","Copied"
"Operational_Guidelines_for_Primary_Eye_Care_at_HWCs_bce8776e.pdf","C:\Users\rahma\OneDrive - Indian Institute of Management\Desktop\Term 5\CCS\RAG_Project\Healthcare_RAG_Raw\07_MoHFW_Primary_Healthcare\Operational_Guidelines_for_Primary_Eye_Care_at_HWCs_bce8776e.pdf","C:\Users\rahma\OneDrive - Indian Institute of Management\Desktop\Term 5\CCS\RAG_Project\Healthcare_Master\Operational_Guidelines_for_Primary_Eye_Care_at_HWCs_bce8776e.pdf","Healthcare_RAG_Raw","4855AFD718B9E0B5D4DA3BAFBDD0C2D0A7A4DABC105A00B977E8F9937F7644EC","Copied"
"Oral_Health_(Inner)-_Brown_(FINAL)_92f104ec.pdf","C:\Users\rahma\OneDrive - Indian Institute of Management\Desktop\Term 5\CCS\RAG_Project\Healthcare_RAG_Raw\07_MoHFW_Primary_Healthcare\Oral_Health_(Inner)-_Brown_(FINAL)_92f104ec.pdf","C:\Users\rahma\OneDrive - Indian Institute of Management\Desktop\Term 5\CCS\RAG_Project\Healthcare_Master\Oral_Health_(Inner)-_Brown_(FINAL)_92f104ec.pdf","Healthcare_RAG_Raw","35F27B70EA19F8C3DF1EB9142A5332F5997F41595C78151C5827FDE0C952575E","Copied"
"2141_0_0_0_1cb14261c1.pdf","C:\Users\rahma\OneDrive - Indian Institute of Management\Desktop\Term 5\CCS\RAG_Project\Healthcare_RAG_Raw\08_Remaining_Official\01_CEA\2141_0_0_0_1cb14261c1.pdf","C:\Users\rahma\OneDrive - Indian Institute of Management\Desktop\Term 5\CCS\RAG_Project\Healthcare_Master\Gazette Notification Dated 24th May 2021 for Constitution of National Council for Clinical Establishments (1.14 MB )_08cdba75.pdf","Healthcare_RAG_Raw","04C91C189E3900134DE30D5F35E305DDB33FC2B4CD3C7B7C40B83A463D2B65D0","Duplicate"
"4161_9260aec018.pdf","C:\Users\rahma\OneDrive - Indian Institute of Management\Desktop\Term 5\CCS\RAG_Project\Healthcare_RAG_Raw\08_Remaining_Official\01_CEA\4161_9260aec018.pdf","C:\Users\rahma\OneDrive - Indian Institute of Management\Desktop\Term 5\CCS\RAG_Project\Healthcare_Master\4161_9260aec018.pdf","Healthcare_RAG_Raw","07B8C1098EDC92E77E63A80E8A2BE69108D311C8B30E2C8ADC52CE7CA633591F","Copied"
"511_0_db61ab8e33.pdf","C:\Users\rahma\OneDrive - Indian Institute of Management\Desktop\Term 5\CCS\RAG_Project\Healthcare_RAG_Raw\08_Remaining_Official\01_CEA\511_0_db61ab8e33.pdf","C:\Users\rahma\OneDrive - Indian Institute of Management\Desktop\Term 5\CCS\RAG_Project\Healthcare_Master\Gazette Notification of Clinical Establishments (Registration and Regulation) ACT, 2010, Dated 28 Febtruary 2012 (32 KB )_6aa325cc.pdf","Healthcare_RAG_Raw","443145EE3F6C4B2FB5DD7E3EEB15036DB45AE197AF4BEF14F2DD54F3F6EFD3EC","Duplicate"
"5511_0_f0abdc3469.pdf","C:\Users\rahma\OneDrive - Indian Institute of Management\Desktop\Term 5\CCS\RAG_Project\Healthcare_RAG_Raw\08_Remaining_Official\01_CEA\5511_0_f0abdc3469.pdf","C:\Users\rahma\OneDrive - Indian Institute of Management\Desktop\Term 5\CCS\RAG_Project\Healthcare_Master\5511_0_f0abdc3469.pdf","Healthcare_RAG_Raw","3A3E7F6C2048689A7AFAD2CB66935EF21522E57BDFC112FD2D230E2F5F5E3D3F","Copied"
"Clinical_Establishment_Gazette_rules_2012_compressed_42b50427c5.pdf","C:\Users\rahma\OneDrive - Indian Institute of Management\Desktop\Term 5\CCS\RAG_Project\Healthcare_RAG_Raw\08_Remaining_Official\01_CEA\Clinical_Establishment_Gazette_rules_2012_compressed_42b50427c5.pdf","C:\Users\rahma\OneDrive - Indian Institute of Management\Desktop\Term 5\CCS\RAG_Project\Healthcare_Master\Clinical Establishments (Central Government) Rules 2012(Hindi and English)_e575418c.pdf","Healthcare_RAG_Raw","4C719D3A3B7FCA0A200E886CCECE6B814987921745C3A13E9F20BC5A825CE989","Duplicate"
"0p8tXc4KrykzGDfjaBiH6fYIL586iivdZhx94B1f_762fe51b63.pdf","C:\Users\rahma\OneDrive - Indian Institute of Management\Desktop\Term 5\CCS\RAG_Project\Healthcare_RAG_Raw\08_Remaining_Official\02_NMC\0p8tXc4KrykzGDfjaBiH6fYIL586iivdZhx94B1f_762fe51b63.pdf","C:\Users\rahma\OneDrive - Indian Institute of Management\Desktop\Term 5\CCS\RAG_Project\Healthcare_Master\2.3. Public Notice- Guidelines on Temporary Registration 18.01.2024_03cc8bb2.pdf","Healthcare_RAG_Raw","522842FD57374F9877499BDBF94E1F67499A684BC34963B0FC7A50EC320150D9","Duplicate"
"1023_87c61a52da.pdf","C:\Users\rahma\OneDrive - Indian Institute of Management\Desktop\Term 5\CCS\RAG_Project\Healthcare_RAG_Raw\08_Remaining_Official\02_NMC\1023_87c61a52da.pdf","C:\Users\rahma\OneDrive - Indian Institute of Management\Desktop\Term 5\CCS\RAG_Project\Healthcare_Master\1023_87c61a52da.pdf","Healthcare_RAG_Raw","7572DD7157D9DFD7CC61F5457E67DDE6769F4CE0F5F53FAD24FC375767710440","Copied"
"1799_82e5f4c573.pdf","C:\Users\rahma\OneDrive - Indian Institute of Management\Desktop\Term 5\CCS\RAG_Project\Healthcare_RAG_Raw\08_Remaining_Official\02_NMC\1799_82e5f4c573.pdf","C:\Users\rahma\OneDrive - Indian Institute of Management\Desktop\Term 5\CCS\RAG_Project\Healthcare_Master\1799_82e5f4c573.pdf","Healthcare_RAG_Raw","3C9C6B967C98DD8D0D3D16C394AD50A2207AA4A7045BF2CAA9BA31CC17C60495","Copied"
"1803_2fdb516cac.pdf","C:\Users\rahma\OneDrive - Indian Institute of Management\Desktop\Term 5\CCS\RAG_Project\Healthcare_RAG_Raw\08_Remaining_Official\02_NMC\1803_2fdb516cac.pdf","C:\Users\rahma\OneDrive - Indian Institute of Management\Desktop\Term 5\CCS\RAG_Project\Healthcare_Master\1803_2fdb516cac.pdf","Healthcare_RAG_Raw","8A0EE143B27AD0A806FA4664D0F366BB9FF4D2F5D49B8E79B671DCAC6C18178E","Copied"
"1804_3e000fd004.pdf","C:\Users\rahma\OneDrive - Indian Institute of Management\Desktop\Term 5\CCS\RAG_Project\Healthcare_RAG_Raw\08_Remaining_Official\02_NMC\1804_3e000fd004.pdf","C:\Users\rahma\OneDrive - Indian Institute of Management\Desktop\Term 5\CCS\RAG_Project\Healthcare_Master\1804_3e000fd004.pdf","Healthcare_RAG_Raw","A7295252D70E848842DC8CA6ED92042873FE69D511F4BDF95C26C778B059A545","Copied"
"1805_57f7fdc221.pdf","C:\Users\rahma\OneDrive - Indian Institute of Management\Desktop\Term 5\CCS\RAG_Project\Healthcare_RAG_Raw\08_Remaining_Official\02_NMC\1805_57f7fdc221.pdf","C:\Users\rahma\OneDrive - Indian Institute of Management\Desktop\Term 5\CCS\RAG_Project\Healthcare_Master\1805_57f7fdc221.pdf","Healthcare_RAG_Raw","B26C81F05EBEAACD15A03817A1A3C2D9FE9B50000B19375087181F335D64B4B8","Copied"
"1807_75c389383b.pdf","C:\Users\rahma\OneDrive - Indian Institute of Management\Desktop\Term 5\CCS\RAG_Project\Healthcare_RAG_Raw\08_Remaining_Official\02_NMC\1807_75c389383b.pdf","C:\Users\rahma\OneDrive - Indian Institute of Management\Desktop\Term 5\CCS\RAG_Project\Healthcare_Master\1807_75c389383b.pdf","Healthcare_RAG_Raw","6A2DEA5FB61C8EF3A4C5C9FE2A632D8BAADE79CC909E31C2DB82553436BC1FB4","Copied"
"22bEhC9b9MY6TgjvDdFheBsyRYp8Hdj1K0gHsOjD_3e542c102a.pdf","C:\Users\rahma\OneDrive - Indian Institute of Management\Desktop\Term 5\CCS\RAG_Project\Healthcare_RAG_Raw\08_Remaining_Official\02_NMC\22bEhC9b9MY6TgjvDdFheBsyRYp8Hdj1K0gHsOjD_3e542c102a.pdf","C:\Users\rahma\OneDrive - Indian Institute of Management\Desktop\Term 5\CCS\RAG_Project\Healthcare_Master\5. Foreign Medical Graduate Licentiate Regulations 2021 Dated 18.11.2021 (UGMEB)_be88c387.pdf","Healthcare_RAG_Raw","7DD653359C14B26BFF802A70D65A7077B9C1BF58EB9B2938D5CAD4D8E2B74097","Duplicate"
"2UINx0Mor4iOnZcIbQlqRO6kUQKNPQcEAJsw48cq_32cab3c17c.pdf","C:\Users\rahma\OneDrive - Indian Institute of Management\Desktop\Term 5\CCS\RAG_Project\Healthcare_RAG_Raw\08_Remaining_Official\02_NMC\2UINx0Mor4iOnZcIbQlqRO6kUQKNPQcEAJsw48cq_32cab3c17c.pdf","C:\Users\rahma\OneDrive - Indian Institute of Management\Desktop\Term 5\CCS\RAG_Project\Healthcare_Master\5.1. Public Notice regarding Proposed Draft for Amendment in TEQ Regulations dated 02.11.2022_4382c857.pdf","Healthcare_RAG_Raw","E3B6048D5DEE4F91AA0EA0992EDADA682903C66620CB5F3EA2130E70A0BC81B6","Duplicate"
"48_d888d00635.pdf","C:\Users\rahma\OneDrive - Indian Institute of Management\Desktop\Term 5\CCS\RAG_Project\Healthcare_RAG_Raw\08_Remaining_Official\02_NMC\48_d888d00635.pdf","C:\Users\rahma\OneDrive - Indian Institute of Management\Desktop\Term 5\CCS\RAG_Project\Healthcare_Master\48_d888d00635.pdf","Healthcare_RAG_Raw","F4B4A77CE4667C157390B9EF62CA10202D3CCA40AC49F07E5E8980917DC3E28D","Copied"
"4rcYmolXQVOo0WCXmyFm9H3QPAFoqqth7JfQwgPe_8954797622.pdf","C:\Users\rahma\OneDrive - Indian Institute of Management\Desktop\Term 5\CCS\RAG_Project\Healthcare_RAG_Raw\08_Remaining_Official\02_NMC\4rcYmolXQVOo0WCXmyFm9H3QPAFoqqth7JfQwgPe_8954797622.pdf","C:\Users\rahma\OneDrive - Indian Institute of Management\Desktop\Term 5\CCS\RAG_Project\Healthcare_Master\5.3 Frequently Asked Questions on Screening Test Regulations dated 22nd February, 2022_5402c0f1.pdf","Healthcare_RAG_Raw","E27F4C5D731759BA75BE6446B7026299089B54A1FC23E7C194D4564E002AD8B3","Duplicate"
"7aPcSnBjnvyGDkepDXfcPxXMSt1b8MFbYjN4qO7r_3cbd95fa8a.pdf","C:\Users\rahma\OneDrive - Indian Institute of Management\Desktop\Term 5\CCS\RAG_Project\Healthcare_RAG_Raw\08_Remaining_Official\02_NMC\7aPcSnBjnvyGDkepDXfcPxXMSt1b8MFbYjN4qO7r_3cbd95fa8a.pdf","C:\Users\rahma\OneDrive - Indian Institute of Management\Desktop\Term 5\CCS\RAG_Project\Healthcare_Master\5.2. TEQ Amendment Notification dated 31.03.2023_998fc05a.pdf","Healthcare_RAG_Raw","985CC6F400EF857FF2AE3E935496CF6CB60B109C1E2DBD36B38B3B4C3050B9F5","Duplicate"
"9swVHFlccXINaJjtLmg6EUIHS7zLq2FazMFBZGAk_2f202b5daa.pdf","C:\Users\rahma\OneDrive - Indian Institute of Management\Desktop\Term 5\CCS\RAG_Project\Healthcare_RAG_Raw\08_Remaining_Official\02_NMC\9swVHFlccXINaJjtLmg6EUIHS7zLq2FazMFBZGAk_2f202b5daa.pdf","C:\Users\rahma\OneDrive - Indian Institute of Management\Desktop\Term 5\CCS\RAG_Project\Healthcare_Master\3. National Medical Commission (Recognition of Medical Qualification) Regulations, 2023 Dated 29.12.2023 (PGMEB)_680ebed9.pdf","Healthcare_RAG_Raw","0FE31CE97052D4B0733C7AAF0B6E38CC0A7CA32C3225A7C4C786A9C1D991E443","Duplicate"
"c6KkbHyyypfxdX7qIv5FRGDWbZ95iK24bcljqUlR_d4c28e5553.pdf","C:\Users\rahma\OneDrive - Indian Institute of Management\Desktop\Term 5\CCS\RAG_Project\Healthcare_RAG_Raw\08_Remaining_Official\02_NMC\c6KkbHyyypfxdX7qIv5FRGDWbZ95iK24bcljqUlR_d4c28e5553.pdf","C:\Users\rahma\OneDrive - Indian Institute of Management\Desktop\Term 5\CCS\RAG_Project\Healthcare_Master\1. Establishment of Medical institutions, Assessment & Rating Regulations, 2023 Dated 02.06.2023 (MARB)_f98aae0c.pdf","Healthcare_RAG_Raw","0B74650D1F3538F4BA51D3385ED3B92F255186BB6038FA3074C4FD7979220F2F","Duplicate"
"cFsc3VXVrfiWx8to0tPF8J5bKFLI9XIXfDaM0Vwl_298a5b5328.pdf","C:\Users\rahma\OneDrive - Indian Institute of Management\Desktop\Term 5\CCS\RAG_Project\Healthcare_RAG_Raw\08_Remaining_Official\02_NMC\cFsc3VXVrfiWx8to0tPF8J5bKFLI9XIXfDaM0Vwl_298a5b5328.pdf","C:\Users\rahma\OneDrive - Indian Institute of Management\Desktop\Term 5\CCS\RAG_Project\Healthcare_Master\2.2.Competency Based Medical Education (CBME) Guideline dated 01.08.2023_79584888.pdf","Healthcare_RAG_Raw","FCEADB98974D474CA6FD26C667DDCFBCF4AEC8A330695E5D8EAAF117729DB470","Duplicate"
"do5GahELoz4cmMVrnbHsBATwu0LhtoPk3WtPztwE_1f72d19ff6.pdf","C:\Users\rahma\OneDrive - Indian Institute of Management\Desktop\Term 5\CCS\RAG_Project\Healthcare_RAG_Raw\08_Remaining_Official\02_NMC\do5GahELoz4cmMVrnbHsBATwu0LhtoPk3WtPztwE_1f72d19ff6.pdf","C:\Users\rahma\OneDrive - Indian Institute of Management\Desktop\Term 5\CCS\RAG_Project\Healthcare_Master\do5GahELoz4cmMVrnbHsBATwu0LhtoPk3WtPztwE_1f72d19ff6.pdf","Healthcare_RAG_Raw","D941D15A0C6319D2AF80C1E56B8796018376727328AA6B21F00B9EF53272DEF3","Copied"
"EsC1D3C4pllbq186EDqZxfN01cHjDZdOAXAK1Bea_80e6de8a71.pdf","C:\Users\rahma\OneDrive - Indian Institute of Management\Desktop\Term 5\CCS\RAG_Project\Healthcare_RAG_Raw\08_Remaining_Official\02_NMC\EsC1D3C4pllbq186EDqZxfN01cHjDZdOAXAK1Bea_80e6de8a71.pdf","C:\Users\rahma\OneDrive - Indian Institute of Management\Desktop\Term 5\CCS\RAG_Project\Healthcare_Master\EsC1D3C4pllbq186EDqZxfN01cHjDZdOAXAK1Bea_80e6de8a71.pdf","Healthcare_RAG_Raw","7A7925C5DB743BC3A798FB838CBDEA6217E75BEC1E8B2A4FB5AD8F11C344987C","Copied"
"eWShKnF8Vo2tv6sI1Z5Nkv2G5d1rTGZeCNtCkpGj_0866e996a9.pdf","C:\Users\rahma\OneDrive - Indian Institute of Management\Desktop\Term 5\CCS\RAG_Project\Healthcare_RAG_Raw\08_Remaining_Official\02_NMC\eWShKnF8Vo2tv6sI1Z5Nkv2G5d1rTGZeCNtCkpGj_0866e996a9.pdf","C:\Users\rahma\OneDrive - Indian Institute of Management\Desktop\Term 5\CCS\RAG_Project\Healthcare_Master\2.1. FAQs on PGMER-2023 dated 10.04.2024_3024dcc0.pdf","Healthcare_RAG_Raw","D658101DF370CF2A2A98EF84AD113F8991C1146C996E280424F2C1255CEEBE48","Duplicate"
"fzR5SHdI5dNhLCPbGWQNS6WhYGVohp8FRY7AWh7t_a29d7269aa.pdf","C:\Users\rahma\OneDrive - Indian Institute of Management\Desktop\Term 5\CCS\RAG_Project\Healthcare_RAG_Raw\08_Remaining_Official\02_NMC\fzR5SHdI5dNhLCPbGWQNS6WhYGVohp8FRY7AWh7t_a29d7269aa.pdf","C:\Users\rahma\OneDrive - Indian Institute of Management\Desktop\Term 5\CCS\RAG_Project\Healthcare_Master\2.3.a. Additional clarification on CBME Guideline, 2024 published on 12.09.2024 dated 10.10.2024_3e8f956c.pdf","Healthcare_RAG_Raw","62A60B29A1FD5A97F2FCAC4A1C3761286F2DAC2C371E76047F5EA8CBCCB13DB0","Duplicate"
"G83KmfBTvRKFfp99s6Vvjuuw3gJ7WM2ZP28Z3Zhk_bb7d6d7e4d.pdf","C:\Users\rahma\OneDrive - Indian Institute of Management\Desktop\Term 5\CCS\RAG_Project\Healthcare_RAG_Raw\08_Remaining_Official\02_NMC\G83KmfBTvRKFfp99s6Vvjuuw3gJ7WM2ZP28Z3Zhk_bb7d6d7e4d.pdf","C:\Users\rahma\OneDrive - Indian Institute of Management\Desktop\Term 5\CCS\RAG_Project\Healthcare_Master\2. Graduate Medical Education Regulations, 2023 Dated 02.06.2023 (UGMEB)_66c0d104.pdf","Healthcare_RAG_Raw","5E508B0A7B3096A0B4A1DC3978324C7175F02D53A386DF997A96AC1F25D26CA9","Duplicate"
"HoMeYRMw6xcoyvIcF0xsoffiIeULxM38GXOTk7yZ_f200eb9792.pdf","C:\Users\rahma\OneDrive - Indian Institute of Management\Desktop\Term 5\CCS\RAG_Project\Healthcare_RAG_Raw\08_Remaining_Official\02_NMC\HoMeYRMw6xcoyvIcF0xsoffiIeULxM38GXOTk7yZ_f200eb9792.pdf","C:\Users\rahma\OneDrive - Indian Institute of Management\Desktop\Term 5\CCS\RAG_Project\Healthcare_Master\3.1. FAQs on Recognition Regulation 2023 dated 05.01.2024_637a257a.pdf","Healthcare_RAG_Raw","7A5D1462E0B1FC1AD1330A87FE97808FD8A654EBC7756E73C657DBC7D2895238","Duplicate"
"iFB9GIjrd5y98IADDnFGyTzqgguiEYO5HI37Jh6L_9ee360587e.pdf","C:\Users\rahma\OneDrive - Indian Institute of Management\Desktop\Term 5\CCS\RAG_Project\Healthcare_RAG_Raw\08_Remaining_Official\02_NMC\iFB9GIjrd5y98IADDnFGyTzqgguiEYO5HI37Jh6L_9ee360587e.pdf","C:\Users\rahma\OneDrive - Indian Institute of Management\Desktop\Term 5\CCS\RAG_Project\Healthcare_Master\1.1 Public Notice_FAQ_merged dated 28.10.2025_42107b27.pdf","Healthcare_RAG_Raw","A162F6CE95177BBE209C130353D7EE2A1DE9F2CD7B0383A8BA5AD8C7EB6B4F23","Duplicate"
"jZVZXE6Ckm7GWp9mv4cn0xEsv3t91EBm5Bgbw28P_d3e293fac3.pdf","C:\Users\rahma\OneDrive - Indian Institute of Management\Desktop\Term 5\CCS\RAG_Project\Healthcare_RAG_Raw\08_Remaining_Official\02_NMC\jZVZXE6Ckm7GWp9mv4cn0xEsv3t91EBm5Bgbw28P_d3e293fac3.pdf","C:\Users\rahma\OneDrive - Indian Institute of Management\Desktop\Term 5\CCS\RAG_Project\Healthcare_Master\jZVZXE6Ckm7GWp9mv4cn0xEsv3t91EBm5Bgbw28P_d3e293fac3.pdf","Healthcare_RAG_Raw","B3D7EF920FF68DB55EB795229BE6B49CF84535BDEED50D2E81C0102C70B5D02B","Copied"
"KEpwkMzgUwYNR49OrJaqvLcIpeytGPg7XGcorhTg_e8cef64166.pdf","C:\Users\rahma\OneDrive - Indian Institute of Management\Desktop\Term 5\CCS\RAG_Project\Healthcare_RAG_Raw\08_Remaining_Official\02_NMC\KEpwkMzgUwYNR49OrJaqvLcIpeytGPg7XGcorhTg_e8cef64166.pdf","C:\Users\rahma\OneDrive - Indian Institute of Management\Desktop\Term 5\CCS\RAG_Project\Healthcare_Master\KEpwkMzgUwYNR49OrJaqvLcIpeytGPg7XGcorhTg_e8cef64166.pdf","Healthcare_RAG_Raw","338DFADB112914010E69D4CF708F148AE48A8BD456B061F3D2276FAFA13F3532","Copied"
"Lpv9Va5WsAzpQmISmwAMWmsefK2nOEroAdNZkVJC_0490c3c8ca.pdf","C:\Users\rahma\OneDrive - Indian Institute of Management\Desktop\Term 5\CCS\RAG_Project\Healthcare_RAG_Raw\08_Remaining_Official\02_NMC\Lpv9Va5WsAzpQmISmwAMWmsefK2nOEroAdNZkVJC_0490c3c8ca.pdf","C:\Users\rahma\OneDrive - Indian Institute of Management\Desktop\Term 5\CCS\RAG_Project\Healthcare_Master\4. Compulsory Rotating Medical Internship Regulations 2021 Dated 18.11.2021 (UGMEB)_8d39a5ab.pdf","Healthcare_RAG_Raw","D87CDAB09A1B29FD82ABCBCB033D6B8ADC96B734D2B10B92346AFE4740E6181B","Duplicate"
"mCMboVaMMdlR8sYWcwwnwPlpzIoRvKHWVomoWGmo_895201b802.pdf","C:\Users\rahma\OneDrive - Indian Institute of Management\Desktop\Term 5\CCS\RAG_Project\Healthcare_RAG_Raw\08_Remaining_Official\02_NMC\mCMboVaMMdlR8sYWcwwnwPlpzIoRvKHWVomoWGmo_895201b802.pdf","C:\Users\rahma\OneDrive - Indian Institute of Management\Desktop\Term 5\CCS\RAG_Project\Healthcare_Master\5.1 Frequently Asked Questions dated 08th June, 2026_a5184c53.pdf","Healthcare_RAG_Raw","CAF3B62334ED24AA867BECBE81E396BB839219201D00C75436919C0B3600787E","Duplicate"
"NtDRUonQxfCn8irHV6nI1yUdvVlHFzsVGgva0N6r_89ec7ab956.pdf","C:\Users\rahma\OneDrive - Indian Institute of Management\Desktop\Term 5\CCS\RAG_Project\Healthcare_RAG_Raw\08_Remaining_Official\02_NMC\NtDRUonQxfCn8irHV6nI1yUdvVlHFzsVGgva0N6r_89ec7ab956.pdf","C:\Users\rahma\OneDrive - Indian Institute of Management\Desktop\Term 5\CCS\RAG_Project\Healthcare_Master\4.3. Minimum Standard of Requirements for Post-Graduate Courses 2023 dated 15.01.2024_18044ae4.pdf","Healthcare_RAG_Raw","B19D65913EC1E93F6FA862E5F44555EEF7174A681F55392610F79683EC575F6C","Duplicate"
"nzyjp7JUGsKuXhSHnhNzeCvHNnaiXciXeusaiHr9_78dd89af74.pdf","C:\Users\rahma\OneDrive - Indian Institute of Management\Desktop\Term 5\CCS\RAG_Project\Healthcare_RAG_Raw\08_Remaining_Official\02_NMC\nzyjp7JUGsKuXhSHnhNzeCvHNnaiXciXeusaiHr9_78dd89af74.pdf","C:\Users\rahma\OneDrive - Indian Institute of Management\Desktop\Term 5\CCS\RAG_Project\Healthcare_Master\nzyjp7JUGsKuXhSHnhNzeCvHNnaiXciXeusaiHr9_78dd89af74.pdf","Healthcare_RAG_Raw","B7BF09BC8C94E3D74BE9782ACC0CB359FE9D428E92AC16EB2AC9334704BB383D","Copied"
"o67fwyKJjRIJ2zLukPlJjqffWfj5aF3opCDVaIlu_058f1b0ee1.pdf","C:\Users\rahma\OneDrive - Indian Institute of Management\Desktop\Term 5\CCS\RAG_Project\Healthcare_RAG_Raw\08_Remaining_Official\02_NMC\o67fwyKJjRIJ2zLukPlJjqffWfj5aF3opCDVaIlu_058f1b0ee1.pdf","C:\Users\rahma\OneDrive - Indian Institute of Management\Desktop\Term 5\CCS\RAG_Project\Healthcare_Master\o67fwyKJjRIJ2zLukPlJjqffWfj5aF3opCDVaIlu_058f1b0ee1.pdf","Healthcare_RAG_Raw","F617D9FC801FB0FB335F902508472164DCA0A43400654491FC31CF322418F7E5","Copied"
"QwhpGdAJfo2yFLcbox9qHeAAJ4ZVhjAxq2CU2YlG_1d63383997.pdf","C:\Users\rahma\OneDrive - Indian Institute of Management\Desktop\Term 5\CCS\RAG_Project\Healthcare_RAG_Raw\08_Remaining_Official\02_NMC\QwhpGdAJfo2yFLcbox9qHeAAJ4ZVhjAxq2CU2YlG_1d63383997.pdf","C:\Users\rahma\OneDrive - Indian Institute of Management\Desktop\Term 5\CCS\RAG_Project\Healthcare_Master\2.a. Graduate Medical Education Regulations, 2023 Amendment-Notification Dated 16.06.2023_63a32fe9.pdf","Healthcare_RAG_Raw","6F5954BE82A051E53B3293F4E93739139836679442E84CC377D32DA0A358F65C","Duplicate"
"QZSDeGu7WXS9MMI0dL5ZR1EbS48kLaFbvMTpww2B_dc69c822ee.pdf","C:\Users\rahma\OneDrive - Indian Institute of Management\Desktop\Term 5\CCS\RAG_Project\Healthcare_RAG_Raw\08_Remaining_Official\02_NMC\QZSDeGu7WXS9MMI0dL5ZR1EbS48kLaFbvMTpww2B_dc69c822ee.pdf","C:\Users\rahma\OneDrive - Indian Institute of Management\Desktop\Term 5\CCS\RAG_Project\Healthcare_Master\1. Medical Institutions (Qualification of Faculty)Regulation, 2025 dated 30.06.2025 (PGMEB)_d4f91ed3.pdf","Healthcare_RAG_Raw","C2F0C32EAB953CBA89085CEEEF8AC954EA3214C1B66D736530A6D2B92AE07604","Duplicate"
"r8U7pPMcaKiy3zeTECKFWDBdi9qB0G0tDVwcyIP8_32a2f2ae0a.pdf","C:\Users\rahma\OneDrive - Indian Institute of Management\Desktop\Term 5\CCS\RAG_Project\Healthcare_RAG_Raw\08_Remaining_Official\02_NMC\r8U7pPMcaKiy3zeTECKFWDBdi9qB0G0tDVwcyIP8_32a2f2ae0a.pdf","C:\Users\rahma\OneDrive - Indian Institute of Management\Desktop\Term 5\CCS\RAG_Project\Healthcare_Master\2.2.b.Corrigendum CBME Curriculum dated 03.10.2023_6576deb3.pdf","Healthcare_RAG_Raw","D93F75D81C124A22057D0262439D3443026CF30E46D90DCE2E05A673D57F7B2A","Duplicate"
"s06YySkpZ3WUITrhnbN4e7bWnNq7Ypy6Zl6WLUdC_d3332663ad.pdf","C:\Users\rahma\OneDrive - Indian Institute of Management\Desktop\Term 5\CCS\RAG_Project\Healthcare_RAG_Raw\08_Remaining_Official\02_NMC\s06YySkpZ3WUITrhnbN4e7bWnNq7Ypy6Zl6WLUdC_d3332663ad.pdf","C:\Users\rahma\OneDrive - Indian Institute of Management\Desktop\Term 5\CCS\RAG_Project\Healthcare_Master\2.1.a. Amendment Notification in UGMSR 2023 Guideline Dated 02.07.2025_0e672b18.pdf","Healthcare_RAG_Raw","8EF30F086A370995BD0BB58DDBCE3FE13706B334F59CD6D504AC468D8B1E6107","Duplicate"
"SpW095fkMtG95WVSBndUT4hvbIDJZP5cwvXqKmIS_663495138c.pdf","C:\Users\rahma\OneDrive - Indian Institute of Management\Desktop\Term 5\CCS\RAG_Project\Healthcare_RAG_Raw\08_Remaining_Official\02_NMC\SpW095fkMtG95WVSBndUT4hvbIDJZP5cwvXqKmIS_663495138c.pdf","C:\Users\rahma\OneDrive - Indian Institute of Management\Desktop\Term 5\CCS\RAG_Project\Healthcare_Master\2.2.a.Corrigendum CBME Curriculum dated 01.09.2023_170c4e2f.pdf","Healthcare_RAG_Raw","0D8AD93A8787A8DD745EE81EBCFA99B504AEAEC38E3D692CA806EC817071CE89","Duplicate"
"St3HZdCApLritNHkt2kYvveP5SmsodlCoj2I0e0K_808e960764.pdf","C:\Users\rahma\OneDrive - Indian Institute of Management\Desktop\Term 5\CCS\RAG_Project\Healthcare_RAG_Raw\08_Remaining_Official\02_NMC\St3HZdCApLritNHkt2kYvveP5SmsodlCoj2I0e0K_808e960764.pdf","C:\Users\rahma\OneDrive - Indian Institute of Management\Desktop\Term 5\CCS\RAG_Project\Healthcare_Master\1.1 Public Notice on NExT Dated 13.07.2023 Deferring the NExT Examination_d3bb999b.pdf","Healthcare_RAG_Raw","CFF0AD252EAA1071FB15E0DCE4CF49884A37C9C5BF776E1BF3249850A176D68F","Duplicate"
"TmpwUIOPmX9ZyKZrh2KCeXvijIvO4A7IrYlspvwW_4b5b7044c6.pdf","C:\Users\rahma\OneDrive - Indian Institute of Management\Desktop\Term 5\CCS\RAG_Project\Healthcare_RAG_Raw\08_Remaining_Official\02_NMC\TmpwUIOPmX9ZyKZrh2KCeXvijIvO4A7IrYlspvwW_4b5b7044c6.pdf","C:\Users\rahma\OneDrive - Indian Institute of Management\Desktop\Term 5\CCS\RAG_Project\Healthcare_Master\2.1.b. Amendment Notification in UGMSR 2023 Guideline Dated 23.04.2026_6a518c83.pdf","Healthcare_RAG_Raw","75EF78CBBF8AA7B69E04691EE7CA049B491F19DEAE78A9A0F399C0778C345254","Duplicate"
"Tyk9J85vwoU2xStOh4QNvQLueFLZGH6O85HwPqX6_649b012ad7.pdf","C:\Users\rahma\OneDrive - Indian Institute of Management\Desktop\Term 5\CCS\RAG_Project\Healthcare_RAG_Raw\08_Remaining_Official\02_NMC\Tyk9J85vwoU2xStOh4QNvQLueFLZGH6O85HwPqX6_649b012ad7.pdf","C:\Users\rahma\OneDrive - Indian Institute of Management\Desktop\Term 5\CCS\RAG_Project\Healthcare_Master\4.2. FAQ on MSMER, 2023 dated 05.01.2024_ff587aa2.pdf","Healthcare_RAG_Raw","D780279A875DF2354AEC7B148622C5E06810D4EDF0A7707C224C356D9E62B44E","Duplicate"
"V2DvjM4NiDLYroNAyPmg0KK95sLUTMnWbjTdcDO2_e92b51037c.pdf","C:\Users\rahma\OneDrive - Indian Institute of Management\Desktop\Term 5\CCS\RAG_Project\Healthcare_RAG_Raw\08_Remaining_Official\02_NMC\V2DvjM4NiDLYroNAyPmg0KK95sLUTMnWbjTdcDO2_e92b51037c.pdf","C:\Users\rahma\OneDrive - Indian Institute of Management\Desktop\Term 5\CCS\RAG_Project\Healthcare_Master\2. Post-Graduate Medical Education Regulations, 2023 dated 29.12.2023 (PGMEB)_ea7e9773.pdf","Healthcare_RAG_Raw","09E70F6482868A319436EBD3B7AB1F8F1E23125A6E144E690D3F50B64C25DACE","Duplicate"
"WCV2WyMwAKXFRrCK5DjIdFUQ1Y5qTgZOoB8lURQX_30effffab7.pdf","C:\Users\rahma\OneDrive - Indian Institute of Management\Desktop\Term 5\CCS\RAG_Project\Healthcare_RAG_Raw\08_Remaining_Official\02_NMC\WCV2WyMwAKXFRrCK5DjIdFUQ1Y5qTgZOoB8lURQX_30effffab7.pdf","C:\Users\rahma\OneDrive - Indian Institute of Management\Desktop\Term 5\CCS\RAG_Project\Healthcare_Master\1. NMC, National Exit Test Regulations, 2023 Dated 27.06.2023 (NMC)_813d4b3b.pdf","Healthcare_RAG_Raw","FB05B21D599C36830264472A4E34C1E3E8AFB0F8467D945FC44B395C31092F73","Duplicate"
"WFMECertificateofRecognitionStatus_5d43ac46ed.pdf","C:\Users\rahma\OneDrive - Indian Institute of Management\Desktop\Term 5\CCS\RAG_Project\Healthcare_RAG_Raw\08_Remaining_Official\02_NMC\WFMECertificateofRecognitionStatus_5d43ac46ed.pdf","C:\Users\rahma\OneDrive - Indian Institute of Management\Desktop\Term 5\CCS\RAG_Project\Healthcare_Master\WFMECertificateofRecognitionStatus_f2f3973b.pdf","Healthcare_RAG_Raw","4762E7DEDA1BE3EAFA860D22881D519025E2187AD094EA6EA82844199B1582AF","Duplicate"
"wjR0v4YimW5NTpLuGO4Ixq1XkmCrA7Yd9bqsVpbH_fe1f922c10.pdf","C:\Users\rahma\OneDrive - Indian Institute of Management\Desktop\Term 5\CCS\RAG_Project\Healthcare_RAG_Raw\08_Remaining_Official\02_NMC\wjR0v4YimW5NTpLuGO4Ixq1XkmCrA7Yd9bqsVpbH_fe1f922c10.pdf","C:\Users\rahma\OneDrive - Indian Institute of Management\Desktop\Term 5\CCS\RAG_Project\Healthcare_Master\4.1 RevisedSR-2024 dated 23.08.2024_2c881de5.pdf","Healthcare_RAG_Raw","A9E42F8CED913B379E1D45CA07E317659568B17DD0F3939E942C0B63F12BCAA6","Duplicate"
"y5UgafKqf54NYesTb76kwm6MlwFfVn6NDB0R4ZFT_dafa736a36.pdf","C:\Users\rahma\OneDrive - Indian Institute of Management\Desktop\Term 5\CCS\RAG_Project\Healthcare_RAG_Raw\08_Remaining_Official\02_NMC\y5UgafKqf54NYesTb76kwm6MlwFfVn6NDB0R4ZFT_dafa736a36.pdf","C:\Users\rahma\OneDrive - Indian Institute of Management\Desktop\Term 5\CCS\RAG_Project\Healthcare_Master\4. Maintenance of standards of Medical Education Regulation, 2023 dated 19.09.2023 (PGMEB)_923ddd9d.pdf","Healthcare_RAG_Raw","4A739C8D0EAE7436D2E511BC36B5BFF428B77E389B196DD7563D0DABB7033CD7","Duplicate"
"yFQCJ2Bf9yZU5zBfLCNUFIFG2E3optNdIAQfas9Z_7457376ef2.pdf","C:\Users\rahma\OneDrive - Indian Institute of Management\Desktop\Term 5\CCS\RAG_Project\Healthcare_RAG_Raw\08_Remaining_Official\02_NMC\yFQCJ2Bf9yZU5zBfLCNUFIFG2E3optNdIAQfas9Z_7457376ef2.pdf","C:\Users\rahma\OneDrive - Indian Institute of Management\Desktop\Term 5\CCS\RAG_Project\Healthcare_Master\5.2 Frequently Asked Questions on FMGL Regulations dated 22nd February, 2022_f9ad1c9d.pdf","Healthcare_RAG_Raw","A7BA1FCC1E04BD5874C93AB3EAA5542B6E1065D71353F99A0591A2CF39C6E77A","Duplicate"
"YTW423v3EsCFdtPv3I5qZkaNNhuXfub42UZITDRM_bd83f26b03.pdf","C:\Users\rahma\OneDrive - Indian Institute of Management\Desktop\Term 5\CCS\RAG_Project\Healthcare_RAG_Raw\08_Remaining_Official\02_NMC\YTW423v3EsCFdtPv3I5qZkaNNhuXfub42UZITDRM_bd83f26b03.pdf","C:\Users\rahma\OneDrive - Indian Institute of Management\Desktop\Term 5\CCS\RAG_Project\Healthcare_Master\2.3.Competency Based Medical Education (CBME) Curriculum 2024 dated 12.09.2024_14a5ab3b.pdf","Healthcare_RAG_Raw","AA601690B9E92B74F7412973A70969539E93210B41829018F052059BBF5AE23C","Duplicate"
"YTXtXo4jg8rF1oti1OoeyStBhePAQ5NoS3qVE16H_0317562a0b.pdf","C:\Users\rahma\OneDrive - Indian Institute of Management\Desktop\Term 5\CCS\RAG_Project\Healthcare_RAG_Raw\08_Remaining_Official\02_NMC\YTXtXo4jg8rF1oti1OoeyStBhePAQ5NoS3qVE16H_0317562a0b.pdf","C:\Users\rahma\OneDrive - Indian Institute of Management\Desktop\Term 5\CCS\RAG_Project\Healthcare_Master\5. Teachers Eligibility Qualification in Medical Institutions Regulations, 2022 Dated 14.02.2022 (PGMEB)_d59eaed5.pdf","Healthcare_RAG_Raw","05ECBC968C35B9109986DF555E4484E0E96408C1B2CD7132192D44836AADC0D3","Duplicate"
"yU2SAi2t2zlfbXoTSXbrFzYcG8eRMTBsriQyaGPA_959d8e46d8.pdf","C:\Users\rahma\OneDrive - Indian Institute of Management\Desktop\Term 5\CCS\RAG_Project\Healthcare_RAG_Raw\08_Remaining_Official\02_NMC\yU2SAi2t2zlfbXoTSXbrFzYcG8eRMTBsriQyaGPA_959d8e46d8.pdf","C:\Users\rahma\OneDrive - Indian Institute of Management\Desktop\Term 5\CCS\RAG_Project\Healthcare_Master\2. Registration of Medical Practitioners and Licence to Practice Medicine Regulations, 2023 Dated 10.05.2023 (EMRB-Registration)_432310f4.pdf","Healthcare_RAG_Raw","E7657063F6E2B897F89EE08EC5E9FE5BF0408C69BE8A886DBA706526C2C837F6","Duplicate"
"53450e6e5dc0bfa85ebd78686cadad39_699aa0b027.pdf","C:\Users\rahma\OneDrive - Indian Institute of Management\Desktop\Term 5\CCS\RAG_Project\Healthcare_RAG_Raw\08_Remaining_Official\03_DPDP\53450e6e5dc0bfa85ebd78686cadad39_699aa0b027.pdf","C:\Users\rahma\OneDrive - Indian Institute of Management\Desktop\Term 5\CCS\RAG_Project\Healthcare_Master\53450e6e5dc0bfa85ebd78686cadad39_699aa0b027.pdf","Healthcare_RAG_Raw","EABC7D05E013144615D78DDC0E8B9C9AAC1920E814F4FAD38CE6560951F5AA08","Copied"
"cc217843dc3bcb37b2b05bcc3b4e031f_66db4fbdf3.pdf","C:\Users\rahma\OneDrive - Indian Institute of Management\Desktop\Term 5\CCS\RAG_Project\Healthcare_RAG_Raw\08_Remaining_Official\03_DPDP\cc217843dc3bcb37b2b05bcc3b4e031f_66db4fbdf3.pdf","C:\Users\rahma\OneDrive - Indian Institute of Management\Desktop\Term 5\CCS\RAG_Project\Healthcare_Master\cc217843dc3bcb37b2b05bcc3b4e031f_66db4fbdf3.pdf","Healthcare_RAG_Raw","5CC76D1FEDF9F93655EF92A297DD7E590A78A145BA0D25A40FE2190FAECAE65B","Copied"
"Digital-Personal-Data-Protection-Act-2023-1_b2fe3e0ace.pdf","C:\Users\rahma\OneDrive - Indian Institute of Management\Desktop\Term 5\CCS\RAG_Project\Healthcare_RAG_Raw\08_Remaining_Official\03_DPDP\Digital-Personal-Data-Protection-Act-2023-1_b2fe3e0ace.pdf","C:\Users\rahma\OneDrive - Indian Institute of Management\Desktop\Term 5\CCS\RAG_Project\Healthcare_Master\Digital-Personal-Data-Protection-Act-2023-1_b2fe3e0ace.pdf","Healthcare_RAG_Raw","4DEB23981D3010C8225A2FF6149E7243DC2268455B299E283AFEBDD7B72A7D15","Copied"
