source,authority,folder,title,url,filename,local_file,source_page,status
PMJAY_Haryana,NHA / Haryana Ayushman Bharat,01_PMJAY_NHA,2022051079-1.pdf,https://cdnbbsr.s3waas.gov.in/s3169779d3852b32ce8b1a1724dbf5217d/uploads/2022/05/2022051079-1.pdf,2022051079-1_15ae97ea.pdf,Healthcare_RAG_Raw\01_PMJAY_NHA\2022051079-1_15ae97ea.pdf,https://ayushmanbharat.haryana.gov.in/policy-guidelines/,Downloaded
PMJAY_Haryana,NHA / Haryana Ayushman Bharat,01_PMJAY_NHA,2022051064.pdf,https://cdnbbsr.s3waas.gov.in/s3169779d3852b32ce8b1a1724dbf5217d/uploads/2022/05/2022051064.pdf,2022051064_bd278168.pdf,Healthcare_RAG_Raw\01_PMJAY_NHA\2022051064_bd278168.pdf,https://ayushmanbharat.haryana.gov.in/policy-guidelines/,Downloaded
PMJAY_Haryana,NHA / Haryana Ayushman Bharat,01_PMJAY_NHA,2022051092-1.pdf,https://cdnbbsr.s3waas.gov.in/s3169779d3852b32ce8b1a1724dbf5217d/uploads/2022/05/2022051092-1.pdf,2022051092-1_1b2d2dce.pdf,Healthcare_RAG_Raw\01_PMJAY_NHA\2022051092-1_1b2d2dce.pdf,https://ayushmanbharat.haryana.gov.in/policy-guidelines/,Downloaded
PMJAY_Haryana,NHA / Haryana Ayushman Bharat,01_PMJAY_NHA,2022051083.pdf,https://cdnbbsr.s3waas.gov.in/s3169779d3852b32ce8b1a1724dbf5217d/uploads/2022/05/2022051083.pdf,2022051083_1e670b83.pdf,Healthcare_RAG_Raw\01_PMJAY_NHA\2022051083_1e670b83.pdf,https://ayushmanbharat.haryana.gov.in/policy-guidelines/,Downloaded
PMJAY_Haryana,NHA / Haryana Ayushman Bharat,01_PMJAY_NHA,2022051095.pdf,https://cdnbbsr.s3waas.gov.in/s3169779d3852b32ce8b1a1724dbf5217d/uploads/2022/05/2022051095.pdf,2022051095_65fd1c8b.pdf,Healthcare_RAG_Raw\01_PMJAY_NHA\2022051095_65fd1c8b.pdf,https://ayushmanbharat.haryana.gov.in/policy-guidelines/,Downloaded
PMJAY_Haryana,NHA / Haryana Ayushman Bharat,01_PMJAY_NHA,2022051092.pdf,https://cdnbbsr.s3waas.gov.in/s3169779d3852b32ce8b1a1724dbf5217d/uploads/2022/05/2022051092.pdf,2022051092_5642cedb.pdf,Healthcare_RAG_Raw\01_PMJAY_NHA\2022051092_5642cedb.pdf,https://ayushmanbharat.haryana.gov.in/policy-guidelines/,Downloaded
PMJAY_Haryana,NHA / Haryana Ayushman Bharat,01_PMJAY_NHA,2022051091.pdf,https://cdnbbsr.s3waas.gov.in/s3169779d3852b32ce8b1a1724dbf5217d/uploads/2022/05/2022051091.pdf,2022051091_9c22a01e.pdf,Healthcare_RAG_Raw\01_PMJAY_NHA\2022051091_9c22a01e.pdf,https://ayushmanbharat.haryana.gov.in/policy-guidelines/,Downloaded
PMJAY_Haryana,NHA / Haryana Ayushman Bharat,01_PMJAY_NHA,2022051022.pdf,https://cdnbbsr.s3waas.gov.in/s3169779d3852b32ce8b1a1724dbf5217d/uploads/2022/05/2022051022.pdf,2022051022_539afa89.pdf,Healthcare_RAG_Raw\01_PMJAY_NHA\2022051022_539afa89.pdf,https://ayushmanbharat.haryana.gov.in/policy-guidelines/,Downloaded
PMJAY_Haryana,NHA / Haryana Ayushman Bharat,01_PMJAY_NHA,2022051095-1.pdf,https://cdnbbsr.s3waas.gov.in/s3169779d3852b32ce8b1a1724dbf5217d/uploads/2022/05/2022051095-1.pdf,2022051095-1_8d853a8f.pdf,Healthcare_RAG_Raw\01_PMJAY_NHA\2022051095-1_8d853a8f.pdf,https://ayushmanbharat.haryana.gov.in/policy-guidelines/,Downloaded
PMJAY_Haryana,NHA / Haryana Ayushman Bharat,01_PMJAY_NHA,2022051099.pdf,https://cdnbbsr.s3waas.gov.in/s3169779d3852b32ce8b1a1724dbf5217d/uploads/2022/05/2022051099.pdf,2022051099_de28ae6b.pdf,Healthcare_RAG_Raw\01_PMJAY_NHA\2022051099_de28ae6b.pdf,https://ayushmanbharat.haryana.gov.in/policy-guidelines/,Downloaded
PMJAY_Haryana,NHA / Haryana Ayushman Bharat,01_PMJAY_NHA,2022051084.pdf,https://cdnbbsr.s3waas.gov.in/s3169779d3852b32ce8b1a1724dbf5217d/uploads/2022/05/2022051084.pdf,2022051084_eb26c29f.pdf,Healthcare_RAG_Raw\01_PMJAY_NHA\2022051084_eb26c29f.pdf,https://ayushmanbharat.haryana.gov.in/policy-guidelines/,Downloaded
PMJAY_Haryana,NHA / Haryana Ayushman Bharat,01_PMJAY_NHA,2022051013.pdf,https://cdnbbsr.s3waas.gov.in/s3169779d3852b32ce8b1a1724dbf5217d/uploads/2022/05/2022051013.pdf,2022051013_76d8918d.pdf,Healthcare_RAG_Raw\01_PMJAY_NHA\2022051013_76d8918d.pdf,https://ayushmanbharat.haryana.gov.in/policy-guidelines/,Downloaded
PMJAY_Haryana,NHA / Haryana Ayushman Bharat,01_PMJAY_NHA,2022051041.pdf,https://cdnbbsr.s3waas.gov.in/s3169779d3852b32ce8b1a1724dbf5217d/uploads/2022/05/2022051041.pdf,2022051041_56b80a61.pdf,Healthcare_RAG_Raw\01_PMJAY_NHA\2022051041_56b80a61.pdf,https://ayushmanbharat.haryana.gov.in/policy-guidelines/,Downloaded
PMJAY_Haryana,NHA / Haryana Ayushman Bharat,01_PMJAY_NHA,2022051053.pdf,https://cdnbbsr.s3waas.gov.in/s3169779d3852b32ce8b1a1724dbf5217d/uploads/2022/05/2022051053.pdf,2022051053_6de6c518.pdf,Healthcare_RAG_Raw\01_PMJAY_NHA\2022051053_6de6c518.pdf,https://ayushmanbharat.haryana.gov.in/policy-guidelines/,Downloaded
PMJAY_Haryana,NHA / Haryana Ayushman Bharat,01_PMJAY_NHA,2022051077.pdf,https://cdnbbsr.s3waas.gov.in/s3169779d3852b32ce8b1a1724dbf5217d/uploads/2022/05/2022051077.pdf,2022051077_20878b3d.pdf,Healthcare_RAG_Raw\01_PMJAY_NHA\2022051077_20878b3d.pdf,https://ayushmanbharat.haryana.gov.in/policy-guidelines/,Downloaded
PMJAY_Haryana,NHA / Haryana Ayushman Bharat,01_PMJAY_NHA,2022051036.pdf,https://cdnbbsr.s3waas.gov.in/s3169779d3852b32ce8b1a1724dbf5217d/uploads/2022/05/2022051036.pdf,2022051036_9df3dbd0.pdf,Healthcare_RAG_Raw\01_PMJAY_NHA\2022051036_9df3dbd0.pdf,https://ayushmanbharat.haryana.gov.in/policy-guidelines/,Downloaded
PMJAY_Haryana,NHA / Haryana Ayushman Bharat,01_PMJAY_NHA,2022051051-1.pdf,https://cdnbbsr.s3waas.gov.in/s3169779d3852b32ce8b1a1724dbf5217d/uploads/2022/05/2022051051-1.pdf,2022051051-1_83ccd10e.pdf,Healthcare_RAG_Raw\01_PMJAY_NHA\2022051051-1_83ccd10e.pdf,https://ayushmanbharat.haryana.gov.in/policy-guidelines/,Downloaded
PMJAY_Haryana,NHA / Haryana Ayushman Bharat,01_PMJAY_NHA,2022051036-2.pdf,https://cdnbbsr.s3waas.gov.in/s3169779d3852b32ce8b1a1724dbf5217d/uploads/2022/05/2022051036-2.pdf,2022051036-2_84903cca.pdf,Healthcare_RAG_Raw\01_PMJAY_NHA\2022051036-2_84903cca.pdf,https://ayushmanbharat.haryana.gov.in/policy-guidelines/,Downloaded
PMJAY_Haryana,NHA / Haryana Ayushman Bharat,01_PMJAY_NHA,2022051018-1.pdf,https://cdnbbsr.s3waas.gov.in/s3169779d3852b32ce8b1a1724dbf5217d/uploads/2022/05/2022051018-1.pdf,2022051018-1_0801124f.pdf,Healthcare_RAG_Raw\01_PMJAY_NHA\2022051018-1_0801124f.pdf,https://ayushmanbharat.haryana.gov.in/policy-guidelines/,Downloaded
PMJAY_Haryana,NHA / Haryana Ayushman Bharat,01_PMJAY_NHA,2022051054.pdf,https://cdnbbsr.s3waas.gov.in/s3169779d3852b32ce8b1a1724dbf5217d/uploads/2022/05/2022051054.pdf,2022051054_38ce119e.pdf,Healthcare_RAG_Raw\01_PMJAY_NHA\2022051054_38ce119e.pdf,https://ayushmanbharat.haryana.gov.in/policy-guidelines/,Downloaded
PMJAY_Haryana,NHA / Haryana Ayushman Bharat,01_PMJAY_NHA,2022051052.pdf,https://cdnbbsr.s3waas.gov.in/s3169779d3852b32ce8b1a1724dbf5217d/uploads/2022/05/2022051052.pdf,2022051052_904110fe.pdf,Healthcare_RAG_Raw\01_PMJAY_NHA\2022051052_904110fe.pdf,https://ayushmanbharat.haryana.gov.in/policy-guidelines/,Downloaded
PMJAY_Haryana,NHA / Haryana Ayushman Bharat,01_PMJAY_NHA,2022051068.pdf,https://cdnbbsr.s3waas.gov.in/s3169779d3852b32ce8b1a1724dbf5217d/uploads/2022/05/2022051068.pdf,2022051068_ed4573b3.pdf,Healthcare_RAG_Raw\01_PMJAY_NHA\2022051068_ed4573b3.pdf,https://ayushmanbharat.haryana.gov.in/policy-guidelines/,Downloaded
PMJAY_Haryana,NHA / Haryana Ayushman Bharat,01_PMJAY_NHA,2022051078.pdf,https://cdnbbsr.s3waas.gov.in/s3169779d3852b32ce8b1a1724dbf5217d/uploads/2022/05/2022051078.pdf,2022051078_30d94d70.pdf,Healthcare_RAG_Raw\01_PMJAY_NHA\2022051078_30d94d70.pdf,https://ayushmanbharat.haryana.gov.in/policy-guidelines/,Downloaded
PMJAY_Haryana,NHA / Haryana Ayushman Bharat,01_PMJAY_NHA,2022051074.pdf,https://cdnbbsr.s3waas.gov.in/s3169779d3852b32ce8b1a1724dbf5217d/uploads/2022/05/2022051074.pdf,2022051074_5ff78f06.pdf,Healthcare_RAG_Raw\01_PMJAY_NHA\2022051074_5ff78f06.pdf,https://ayushmanbharat.haryana.gov.in/policy-guidelines/,Downloaded
PMJAY_Haryana,NHA / Haryana Ayushman Bharat,01_PMJAY_NHA,2022051087.pdf,https://cdnbbsr.s3waas.gov.in/s3169779d3852b32ce8b1a1724dbf5217d/uploads/2022/05/2022051087.pdf,2022051087_afa70a06.pdf,Healthcare_RAG_Raw\01_PMJAY_NHA\2022051087_afa70a06.pdf,https://ayushmanbharat.haryana.gov.in/policy-guidelines/,Downloaded
PMJAY_Haryana,NHA / Haryana Ayushman Bharat,01_PMJAY_NHA,2022051026.pdf,https://cdnbbsr.s3waas.gov.in/s3169779d3852b32ce8b1a1724dbf5217d/uploads/2022/05/2022051026.pdf,2022051026_62a1b010.pdf,Healthcare_RAG_Raw\01_PMJAY_NHA\2022051026_62a1b010.pdf,https://ayushmanbharat.haryana.gov.in/policy-guidelines/,Downloaded
PMJAY_Haryana,NHA / Haryana Ayushman Bharat,01_PMJAY_NHA,2022051085.pdf,https://cdnbbsr.s3waas.gov.in/s3169779d3852b32ce8b1a1724dbf5217d/uploads/2022/05/2022051085.pdf,2022051085_cbe3dfa7.pdf,Healthcare_RAG_Raw\01_PMJAY_NHA\2022051085_cbe3dfa7.pdf,https://ayushmanbharat.haryana.gov.in/policy-guidelines/,Downloaded
PMJAY_Haryana,NHA / Haryana Ayushman Bharat,01_PMJAY_NHA,2022051085-1.pdf,https://cdnbbsr.s3waas.gov.in/s3169779d3852b32ce8b1a1724dbf5217d/uploads/2022/05/2022051085-1.pdf,2022051085-1_12927ae2.pdf,Healthcare_RAG_Raw\01_PMJAY_NHA\2022051085-1_12927ae2.pdf,https://ayushmanbharat.haryana.gov.in/policy-guidelines/,Downloaded
PMJAY_Haryana,NHA / Haryana Ayushman Bharat,01_PMJAY_NHA,2022051012.pdf,https://cdnbbsr.s3waas.gov.in/s3169779d3852b32ce8b1a1724dbf5217d/uploads/2022/05/2022051012.pdf,2022051012_84a3e450.pdf,Healthcare_RAG_Raw\01_PMJAY_NHA\2022051012_84a3e450.pdf,https://ayushmanbharat.haryana.gov.in/policy-guidelines/,Downloaded
PMJAY_Haryana,NHA / Haryana Ayushman Bharat,01_PMJAY_NHA,2022051023.pdf,https://cdnbbsr.s3waas.gov.in/s3169779d3852b32ce8b1a1724dbf5217d/uploads/2022/05/2022051023.pdf,2022051023_351bde10.pdf,Healthcare_RAG_Raw\01_PMJAY_NHA\2022051023_351bde10.pdf,https://ayushmanbharat.haryana.gov.in/policy-guidelines/,Downloaded
PMJAY_Haryana,NHA / Haryana Ayushman Bharat,01_PMJAY_NHA,2022051026-1.pdf,https://cdnbbsr.s3waas.gov.in/s3169779d3852b32ce8b1a1724dbf5217d/uploads/2022/05/2022051026-1.pdf,2022051026-1_0fcf0049.pdf,Healthcare_RAG_Raw\01_PMJAY_NHA\2022051026-1_0fcf0049.pdf,https://ayushmanbharat.haryana.gov.in/policy-guidelines/,Downloaded
PMJAY_Haryana,NHA / Haryana Ayushman Bharat,01_PMJAY_NHA,2022051051.pdf,https://cdnbbsr.s3waas.gov.in/s3169779d3852b32ce8b1a1724dbf5217d/uploads/2022/05/2022051051.pdf,2022051051_0de6e5e9.pdf,Healthcare_RAG_Raw\01_PMJAY_NHA\2022051051_0de6e5e9.pdf,https://ayushmanbharat.haryana.gov.in/policy-guidelines/,Downloaded
PMJAY_Haryana,NHA / Haryana Ayushman Bharat,01_PMJAY_NHA,2022051080.pdf,https://cdnbbsr.s3waas.gov.in/s3169779d3852b32ce8b1a1724dbf5217d/uploads/2022/05/2022051080.pdf,2022051080_ae5b7b99.pdf,Healthcare_RAG_Raw\01_PMJAY_NHA\2022051080_ae5b7b99.pdf,https://ayushmanbharat.haryana.gov.in/policy-guidelines/,Downloaded
PMJAY_Haryana,NHA / Haryana Ayushman Bharat,01_PMJAY_NHA,2022051012-2.pdf,https://cdnbbsr.s3waas.gov.in/s3169779d3852b32ce8b1a1724dbf5217d/uploads/2022/05/2022051012-2.pdf,2022051012-2_6dc794e2.pdf,Healthcare_RAG_Raw\01_PMJAY_NHA\2022051012-2_6dc794e2.pdf,https://ayushmanbharat.haryana.gov.in/policy-guidelines/,Downloaded
PMJAY_Haryana,NHA / Haryana Ayushman Bharat,01_PMJAY_NHA,2022051012-1.pdf,https://cdnbbsr.s3waas.gov.in/s3169779d3852b32ce8b1a1724dbf5217d/uploads/2022/05/2022051012-1.pdf,2022051012-1_4f75c8c2.pdf,Healthcare_RAG_Raw\01_PMJAY_NHA\2022051012-1_4f75c8c2.pdf,https://ayushmanbharat.haryana.gov.in/policy-guidelines/,Downloaded
PMJAY_Haryana,NHA / Haryana Ayushman Bharat,01_PMJAY_NHA,2022051081.pdf,https://cdnbbsr.s3waas.gov.in/s3169779d3852b32ce8b1a1724dbf5217d/uploads/2022/05/2022051081.pdf,2022051081_00ce9883.pdf,Healthcare_RAG_Raw\01_PMJAY_NHA\2022051081_00ce9883.pdf,https://ayushmanbharat.haryana.gov.in/policy-guidelines/,Downloaded
PMJAY_Haryana,NHA / Haryana Ayushman Bharat,01_PMJAY_NHA,2022051096.pdf,https://cdnbbsr.s3waas.gov.in/s3169779d3852b32ce8b1a1724dbf5217d/uploads/2022/05/2022051096.pdf,2022051096_4132c6db.pdf,Healthcare_RAG_Raw\01_PMJAY_NHA\2022051096_4132c6db.pdf,https://ayushmanbharat.haryana.gov.in/policy-guidelines/,Downloaded
PMJAY_Haryana,NHA / Haryana Ayushman Bharat,01_PMJAY_NHA,2022051017.pdf,https://cdnbbsr.s3waas.gov.in/s3169779d3852b32ce8b1a1724dbf5217d/uploads/2022/05/2022051017.pdf,2022051017_591e5fd2.pdf,Healthcare_RAG_Raw\01_PMJAY_NHA\2022051017_591e5fd2.pdf,https://ayushmanbharat.haryana.gov.in/policy-guidelines/,Downloaded
PMJAY_Haryana,NHA / Haryana Ayushman Bharat,01_PMJAY_NHA,2022051079.pdf,https://cdnbbsr.s3waas.gov.in/s3169779d3852b32ce8b1a1724dbf5217d/uploads/2022/05/2022051079.pdf,2022051079_0a53dfea.pdf,Healthcare_RAG_Raw\01_PMJAY_NHA\2022051079_0a53dfea.pdf,https://ayushmanbharat.haryana.gov.in/policy-guidelines/,Downloaded
PMJAY_Haryana,NHA / Haryana Ayushman Bharat,01_PMJAY_NHA,2022051029.pdf,https://cdnbbsr.s3waas.gov.in/s3169779d3852b32ce8b1a1724dbf5217d/uploads/2022/05/2022051029.pdf,2022051029_26a0391d.pdf,Healthcare_RAG_Raw\01_PMJAY_NHA\2022051029_26a0391d.pdf,https://ayushmanbharat.haryana.gov.in/policy-guidelines/,Downloaded
PMJAY_Haryana,NHA / Haryana Ayushman Bharat,01_PMJAY_NHA,2022051063.pdf,https://cdnbbsr.s3waas.gov.in/s3169779d3852b32ce8b1a1724dbf5217d/uploads/2022/05/2022051063.pdf,2022051063_e8cf1010.pdf,Healthcare_RAG_Raw\01_PMJAY_NHA\2022051063_e8cf1010.pdf,https://ayushmanbharat.haryana.gov.in/policy-guidelines/,Downloaded
PMJAY_Haryana,NHA / Haryana Ayushman Bharat,01_PMJAY_NHA,2022051061.pdf,https://cdnbbsr.s3waas.gov.in/s3169779d3852b32ce8b1a1724dbf5217d/uploads/2022/05/2022051061.pdf,2022051061_64826dfc.pdf,Healthcare_RAG_Raw\01_PMJAY_NHA\2022051061_64826dfc.pdf,https://ayushmanbharat.haryana.gov.in/policy-guidelines/,Downloaded
PMJAY_Haryana,NHA / Haryana Ayushman Bharat,01_PMJAY_NHA,2022051033.pdf,https://cdnbbsr.s3waas.gov.in/s3169779d3852b32ce8b1a1724dbf5217d/uploads/2022/05/2022051033.pdf,2022051033_fa1cb4f2.pdf,Healthcare_RAG_Raw\01_PMJAY_NHA\2022051033_fa1cb4f2.pdf,https://ayushmanbharat.haryana.gov.in/policy-guidelines/,Downloaded
PMJAY_Haryana,NHA / Haryana Ayushman Bharat,01_PMJAY_NHA,2022051092-2.pdf,https://cdnbbsr.s3waas.gov.in/s3169779d3852b32ce8b1a1724dbf5217d/uploads/2022/05/2022051092-2.pdf,2022051092-2_31a900cc.pdf,Healthcare_RAG_Raw\01_PMJAY_NHA\2022051092-2_31a900cc.pdf,https://ayushmanbharat.haryana.gov.in/policy-guidelines/,Downloaded
PMJAY_Haryana,NHA / Haryana Ayushman Bharat,01_PMJAY_NHA,2022051070.pdf,https://cdnbbsr.s3waas.gov.in/s3169779d3852b32ce8b1a1724dbf5217d/uploads/2022/05/2022051070.pdf,2022051070_ff788336.pdf,Healthcare_RAG_Raw\01_PMJAY_NHA\2022051070_ff788336.pdf,https://ayushmanbharat.haryana.gov.in/policy-guidelines/,Downloaded
PMJAY_Haryana,NHA / Haryana Ayushman Bharat,01_PMJAY_NHA,2022051094.pdf,https://cdnbbsr.s3waas.gov.in/s3169779d3852b32ce8b1a1724dbf5217d/uploads/2022/05/2022051094.pdf,2022051094_da34ad28.pdf,Healthcare_RAG_Raw\01_PMJAY_NHA\2022051094_da34ad28.pdf,https://ayushmanbharat.haryana.gov.in/policy-guidelines/,Downloaded
PMJAY_Haryana,NHA / Haryana Ayushman Bharat,01_PMJAY_NHA,2022051052-1.pdf,https://cdnbbsr.s3waas.gov.in/s3169779d3852b32ce8b1a1724dbf5217d/uploads/2022/05/2022051052-1.pdf,2022051052-1_36e04a48.pdf,Healthcare_RAG_Raw\01_PMJAY_NHA\2022051052-1_36e04a48.pdf,https://ayushmanbharat.haryana.gov.in/policy-guidelines/,Downloaded
PMJAY_Haryana,NHA / Haryana Ayushman Bharat,01_PMJAY_NHA,2022051033-1.pdf,https://cdnbbsr.s3waas.gov.in/s3169779d3852b32ce8b1a1724dbf5217d/uploads/2022/05/2022051033-1.pdf,2022051033-1_733930f2.pdf,Healthcare_RAG_Raw\01_PMJAY_NHA\2022051033-1_733930f2.pdf,https://ayushmanbharat.haryana.gov.in/policy-guidelines/,Downloaded
PMJAY_Haryana,NHA / Haryana Ayushman Bharat,01_PMJAY_NHA,2022051036-1.pdf,https://cdnbbsr.s3waas.gov.in/s3169779d3852b32ce8b1a1724dbf5217d/uploads/2022/05/2022051036-1.pdf,2022051036-1_a2a62f5c.pdf,Healthcare_RAG_Raw\01_PMJAY_NHA\2022051036-1_a2a62f5c.pdf,https://ayushmanbharat.haryana.gov.in/policy-guidelines/,Downloaded
PMJAY_Haryana,NHA / Haryana Ayushman Bharat,01_PMJAY_NHA,2022051025.pdf,https://cdnbbsr.s3waas.gov.in/s3169779d3852b32ce8b1a1724dbf5217d/uploads/2022/05/2022051025.pdf,2022051025_2e2b51d3.pdf,Healthcare_RAG_Raw\01_PMJAY_NHA\2022051025_2e2b51d3.pdf,https://ayushmanbharat.haryana.gov.in/policy-guidelines/,Downloaded
PMJAY_Haryana,NHA / Haryana Ayushman Bharat,01_PMJAY_NHA,2022051078-1.pdf,https://cdnbbsr.s3waas.gov.in/s3169779d3852b32ce8b1a1724dbf5217d/uploads/2022/05/2022051078-1.pdf,2022051078-1_84a2ae77.pdf,Healthcare_RAG_Raw\01_PMJAY_NHA\2022051078-1_84a2ae77.pdf,https://ayushmanbharat.haryana.gov.in/policy-guidelines/,Downloaded
PMJAY_Haryana,NHA / Haryana Ayushman Bharat,01_PMJAY_NHA,2022051054-1.pdf,https://cdnbbsr.s3waas.gov.in/s3169779d3852b32ce8b1a1724dbf5217d/uploads/2022/05/2022051054-1.pdf,2022051054-1_45c044e9.pdf,Healthcare_RAG_Raw\01_PMJAY_NHA\2022051054-1_45c044e9.pdf,https://ayushmanbharat.haryana.gov.in/policy-guidelines/,Downloaded
PMJAY_Haryana,NHA / Haryana Ayushman Bharat,01_PMJAY_NHA,2022051067.pdf,https://cdnbbsr.s3waas.gov.in/s3169779d3852b32ce8b1a1724dbf5217d/uploads/2022/05/2022051067.pdf,2022051067_9f475305.pdf,Healthcare_RAG_Raw\01_PMJAY_NHA\2022051067_9f475305.pdf,https://ayushmanbharat.haryana.gov.in/policy-guidelines/,Downloaded
PMJAY_Haryana,NHA / Haryana Ayushman Bharat,01_PMJAY_NHA,2022051065.pdf,https://cdnbbsr.s3waas.gov.in/s3169779d3852b32ce8b1a1724dbf5217d/uploads/2022/05/2022051065.pdf,2022051065_c0888b52.pdf,Healthcare_RAG_Raw\01_PMJAY_NHA\2022051065_c0888b52.pdf,https://ayushmanbharat.haryana.gov.in/policy-guidelines/,Downloaded
PMJAY_Haryana,NHA / Haryana Ayushman Bharat,01_PMJAY_NHA,2022051095-2.pdf,https://cdnbbsr.s3waas.gov.in/s3169779d3852b32ce8b1a1724dbf5217d/uploads/2022/05/2022051095-2.pdf,2022051095-2_dc2bf0b9.pdf,Healthcare_RAG_Raw\01_PMJAY_NHA\2022051095-2_dc2bf0b9.pdf,https://ayushmanbharat.haryana.gov.in/policy-guidelines/,Downloaded
PMJAY_Haryana,NHA / Haryana Ayushman Bharat,01_PMJAY_NHA,2022051097.pdf,https://cdnbbsr.s3waas.gov.in/s3169779d3852b32ce8b1a1724dbf5217d/uploads/2022/05/2022051097.pdf,2022051097_5f9a568f.pdf,Healthcare_RAG_Raw\01_PMJAY_NHA\2022051097_5f9a568f.pdf,https://ayushmanbharat.haryana.gov.in/policy-guidelines/,Downloaded
PMJAY_Haryana,NHA / Haryana Ayushman Bharat,01_PMJAY_NHA,2022051039.pdf,https://cdnbbsr.s3waas.gov.in/s3169779d3852b32ce8b1a1724dbf5217d/uploads/2022/05/2022051039.pdf,2022051039_be62469a.pdf,Healthcare_RAG_Raw\01_PMJAY_NHA\2022051039_be62469a.pdf,https://ayushmanbharat.haryana.gov.in/policy-guidelines/,Downloaded
PMJAY_Haryana,NHA / Haryana Ayushman Bharat,01_PMJAY_NHA,2022051047.pdf,https://cdnbbsr.s3waas.gov.in/s3169779d3852b32ce8b1a1724dbf5217d/uploads/2022/05/2022051047.pdf,2022051047_f7d26810.pdf,Healthcare_RAG_Raw\01_PMJAY_NHA\2022051047_f7d26810.pdf,https://ayushmanbharat.haryana.gov.in/policy-guidelines/,Downloaded
PMJAY_Haryana,NHA / Haryana Ayushman Bharat,01_PMJAY_NHA,2022051061-1.pdf,https://cdnbbsr.s3waas.gov.in/s3169779d3852b32ce8b1a1724dbf5217d/uploads/2022/05/2022051061-1.pdf,2022051061-1_d62436a4.pdf,Healthcare_RAG_Raw\01_PMJAY_NHA\2022051061-1_d62436a4.pdf,https://ayushmanbharat.haryana.gov.in/policy-guidelines/,Downloaded
PMJAY_Haryana,NHA / Haryana Ayushman Bharat,01_PMJAY_NHA,2022051058.pdf,https://cdnbbsr.s3waas.gov.in/s3169779d3852b32ce8b1a1724dbf5217d/uploads/2022/05/2022051058.pdf,2022051058_8874bb16.pdf,Healthcare_RAG_Raw\01_PMJAY_NHA\2022051058_8874bb16.pdf,https://ayushmanbharat.haryana.gov.in/policy-guidelines/,Downloaded
PMJAY_Haryana,NHA / Haryana Ayushman Bharat,01_PMJAY_NHA,2022051091-1.pdf,https://cdnbbsr.s3waas.gov.in/s3169779d3852b32ce8b1a1724dbf5217d/uploads/2022/05/2022051091-1.pdf,2022051091-1_6c9bc5a1.pdf,Healthcare_RAG_Raw\01_PMJAY_NHA\2022051091-1_6c9bc5a1.pdf,https://ayushmanbharat.haryana.gov.in/policy-guidelines/,Downloaded
PMJAY_Haryana,NHA / Haryana Ayushman Bharat,01_PMJAY_NHA,202408282049810185.pdf,https://cdnbbsr.s3waas.gov.in/s3169779d3852b32ce8b1a1724dbf5217d/uploads/2024/08/202408282049810185.pdf,202408282049810185_494748df.pdf,Healthcare_RAG_Raw\01_PMJAY_NHA\202408282049810185_494748df.pdf,https://ayushmanbharat.haryana.gov.in/policy-guidelines/,Downloaded
PMJAY_Haryana,NHA / Haryana Ayushman Bharat,01_PMJAY_NHA,2022051025-1.pdf,https://cdnbbsr.s3waas.gov.in/s3169779d3852b32ce8b1a1724dbf5217d/uploads/2022/05/2022051025-1.pdf,2022051025-1_48e67d8c.pdf,Healthcare_RAG_Raw\01_PMJAY_NHA\2022051025-1_48e67d8c.pdf,https://ayushmanbharat.haryana.gov.in/policy-guidelines/,Downloaded
PMJAY_Haryana,NHA / Haryana Ayushman Bharat,01_PMJAY_NHA,20240925185541293.pdf,https://cdnbbsr.s3waas.gov.in/s3169779d3852b32ce8b1a1724dbf5217d/uploads/2024/09/20240925185541293.pdf,20240925185541293_7ce7d80b.pdf,Healthcare_RAG_Raw\01_PMJAY_NHA\20240925185541293_7ce7d80b.pdf,https://ayushmanbharat.haryana.gov.in/policy-guidelines/,Downloaded
PMJAY_Haryana,NHA / Haryana Ayushman Bharat,01_PMJAY_NHA,20240924831436164.pdf,https://cdnbbsr.s3waas.gov.in/s3169779d3852b32ce8b1a1724dbf5217d/uploads/2024/09/20240924831436164.pdf,20240924831436164_2c5eded9.pdf,Healthcare_RAG_Raw\01_PMJAY_NHA\20240924831436164_2c5eded9.pdf,https://ayushmanbharat.haryana.gov.in/policy-guidelines/,Downloaded
PMJAY_Haryana,NHA / Haryana Ayushman Bharat,01_PMJAY_NHA,2023042133.pdf,https://cdnbbsr.s3waas.gov.in/s3169779d3852b32ce8b1a1724dbf5217d/uploads/2023/04/2023042133.pdf,2023042133_dea41d30.pdf,Healthcare_RAG_Raw\01_PMJAY_NHA\2023042133_dea41d30.pdf,https://ayushmanbharat.haryana.gov.in/policy-guidelines/,Downloaded
PMJAY_Haryana,NHA / Haryana Ayushman Bharat,01_PMJAY_NHA,2022051028.pdf,https://cdnbbsr.s3waas.gov.in/s3169779d3852b32ce8b1a1724dbf5217d/uploads/2022/05/2022051028.pdf,2022051028_870c94cb.pdf,Healthcare_RAG_Raw\01_PMJAY_NHA\2022051028_870c94cb.pdf,https://ayushmanbharat.haryana.gov.in/policy-guidelines/,Downloaded
PMJAY_Haryana,NHA / Haryana Ayushman Bharat,01_PMJAY_NHA,202409251498496928.pdf,https://cdnbbsr.s3waas.gov.in/s3169779d3852b32ce8b1a1724dbf5217d/uploads/2024/09/202409251498496928.pdf,202409251498496928_05fc5863.pdf,Healthcare_RAG_Raw\01_PMJAY_NHA\202409251498496928_05fc5863.pdf,https://ayushmanbharat.haryana.gov.in/policy-guidelines/,Downloaded
PMJAY_Haryana,NHA / Haryana Ayushman Bharat,01_PMJAY_NHA,20240925686009399.pdf,https://cdnbbsr.s3waas.gov.in/s3169779d3852b32ce8b1a1724dbf5217d/uploads/2024/09/20240925686009399.pdf,20240925686009399_25ac42cd.pdf,Healthcare_RAG_Raw\01_PMJAY_NHA\20240925686009399_25ac42cd.pdf,https://ayushmanbharat.haryana.gov.in/policy-guidelines/,Downloaded
PMJAY_Haryana,NHA / Haryana Ayushman Bharat,01_PMJAY_NHA,202410232073926223.pdf,https://cdnbbsr.s3waas.gov.in/s3169779d3852b32ce8b1a1724dbf5217d/uploads/2024/10/202410232073926223.pdf,202410232073926223_a1c050f6.pdf,Healthcare_RAG_Raw\01_PMJAY_NHA\202410232073926223_a1c050f6.pdf,https://ayushmanbharat.haryana.gov.in/policy-guidelines/,Downloaded
PMJAY_Haryana,NHA / Haryana Ayushman Bharat,01_PMJAY_NHA,20240828153687657.pdf,https://cdnbbsr.s3waas.gov.in/s3169779d3852b32ce8b1a1724dbf5217d/uploads/2024/08/20240828153687657.pdf,20240828153687657_29a5bdfc.pdf,Healthcare_RAG_Raw\01_PMJAY_NHA\20240828153687657_29a5bdfc.pdf,https://ayushmanbharat.haryana.gov.in/policy-guidelines/,Downloaded
PMJAY_Haryana,NHA / Haryana Ayushman Bharat,01_PMJAY_NHA,20240925219433972.pdf,https://cdnbbsr.s3waas.gov.in/s3169779d3852b32ce8b1a1724dbf5217d/uploads/2024/09/20240925219433972.pdf,20240925219433972_7280a017.pdf,Healthcare_RAG_Raw\01_PMJAY_NHA\20240925219433972_7280a017.pdf,https://ayushmanbharat.haryana.gov.in/policy-guidelines/,Downloaded
PMJAY_Haryana,NHA / Haryana Ayushman Bharat,01_PMJAY_NHA,20241104222942183.pdf,https://cdnbbsr.s3waas.gov.in/s3169779d3852b32ce8b1a1724dbf5217d/uploads/2024/11/20241104222942183.pdf,20241104222942183_6cf631d2.pdf,Healthcare_RAG_Raw\01_PMJAY_NHA\20241104222942183_6cf631d2.pdf,https://ayushmanbharat.haryana.gov.in/policy-guidelines/,Downloaded
PMJAY_Haryana,NHA / Haryana Ayushman Bharat,01_PMJAY_NHA,20250625846048542.pdf,https://cdnbbsr.s3waas.gov.in/s3169779d3852b32ce8b1a1724dbf5217d/uploads/2025/06/20250625846048542.pdf,20250625846048542_c7604bab.pdf,Healthcare_RAG_Raw\01_PMJAY_NHA\20250625846048542_c7604bab.pdf,https://ayushmanbharat.haryana.gov.in/policy-guidelines/,Downloaded
PMJAY_Haryana,NHA / Haryana Ayushman Bharat,01_PMJAY_NHA,202409251770905432.pdf,https://cdnbbsr.s3waas.gov.in/s3169779d3852b32ce8b1a1724dbf5217d/uploads/2024/09/202409251770905432.pdf,202409251770905432_015bc730.pdf,Healthcare_RAG_Raw\01_PMJAY_NHA\202409251770905432_015bc730.pdf,https://ayushmanbharat.haryana.gov.in/policy-guidelines/,Downloaded
PMJAY_Haryana,NHA / Haryana Ayushman Bharat,01_PMJAY_NHA,20260709194642460.pdf,https://cdnbbsr.s3waas.gov.in/s3169779d3852b32ce8b1a1724dbf5217d/uploads/2026/07/20260709194642460.pdf,20260709194642460_6a06e553.pdf,Healthcare_RAG_Raw\01_PMJAY_NHA\20260709194642460_6a06e553.pdf,https://ayushmanbharat.haryana.gov.in/policy-guidelines/,Downloaded
PMJAY_Haryana,NHA / Haryana Ayushman Bharat,01_PMJAY_NHA,202609031776794593.pdf,https://cdnbbsr.s3waas.gov.in/s3169779d3852b32ce8b1a1724dbf5217d/uploads/2026/09/202609031776794593.pdf,202609031776794593_3c961873.pdf,Healthcare_RAG_Raw\01_PMJAY_NHA\202609031776794593_3c961873.pdf,https://ayushmanbharat.haryana.gov.in/policy-guidelines/,Downloaded
PMJAY_Haryana,NHA / Haryana Ayushman Bharat,01_PMJAY_NHA,2023042165.pdf,https://cdnbbsr.s3waas.gov.in/s3169779d3852b32ce8b1a1724dbf5217d/uploads/2023/04/2023042165.pdf,2023042165_3e1f47f4.pdf,Healthcare_RAG_Raw\01_PMJAY_NHA\2023042165_3e1f47f4.pdf,https://ayushmanbharat.haryana.gov.in/policy-guidelines/,Downloaded
Clinical_Establishments,Ministry of Health and Family Welfare,02_Clinical_Establishments,Clinical Establishments (Central Government) Rules 2012(Hindi and English),https://clinicalestablishments.mohfw.gov.in/themes/clinical/images/Clinical_Establishment_Gazette_rules_2012_compressed.pdf,Clinical Establishments (Central Government) Rules 2012(Hindi and English)_e575418c.pdf,Healthcare_RAG_Raw\02_Clinical_Establishments\Clinical Establishments (Central Government) Rules 2012(Hindi and English)_e575418c.pdf,https://clinicalestablishments.mohfw.gov.in/en/standard-treatment-guidelines,Downloaded
PMJAY_Haryana,NHA / Haryana Ayushman Bharat,01_PMJAY_NHA,202505081575684259.pdf,https://cdnbbsr.s3waas.gov.in/s3169779d3852b32ce8b1a1724dbf5217d/uploads/2025/05/202505081575684259.pdf,202505081575684259_fe282ed7.pdf,Healthcare_RAG_Raw\01_PMJAY_NHA\202505081575684259_fe282ed7.pdf,https://ayushmanbharat.haryana.gov.in/policy-guidelines/,Downloaded
PMJAY_Haryana,NHA / Haryana Ayushman Bharat,01_PMJAY_NHA,202502111228430391.pdf,https://cdnbbsr.s3waas.gov.in/s3169779d3852b32ce8b1a1724dbf5217d/uploads/2025/02/202502111228430391.pdf,202502111228430391_fe63a31e.pdf,Healthcare_RAG_Raw\01_PMJAY_NHA\202502111228430391_fe63a31e.pdf,https://ayushmanbharat.haryana.gov.in/policy-guidelines/,Downloaded
Clinical_Establishments,Ministry of Health and Family Welfare,02_Clinical_Establishments,Cosmetology Clinic (329.69 KB ),https://clinicalestablishments.mohfw.gov.in/sites/default/files/2025-12/14.%20Cosmetology%20Minimum%20standards.pdf,Cosmetology Clinic (329.69 KB )_48435b8b.pdf,Healthcare_RAG_Raw\02_Clinical_Establishments\Cosmetology Clinic (329.69 KB )_48435b8b.pdf,https://clinicalestablishments.mohfw.gov.in/en/allopathic,Downloaded
Clinical_Establishments,Ministry of Health and Family Welfare,02_Clinical_Establishments,Clinical Establishment Act Standards for Mortuary (223.15 KB ),https://clinicalestablishments.mohfw.gov.in/sites/default/files/2025-12/5.Mortuary%20PM%20minimum%20standards%20_0.pdf,Clinical Establishment Act Standards for Mortuary (223.15 KB )_97a96cde.pdf,Healthcare_RAG_Raw\02_Clinical_Establishments\Clinical Establishment Act Standards for Mortuary (223.15 KB )_97a96cde.pdf,https://clinicalestablishments.mohfw.gov.in/en/allopathic,Downloaded
Clinical_Establishments,Ministry of Health and Family Welfare,02_Clinical_Establishments,Hair Transplant Center (83.87 KB ),https://clinicalestablishments.mohfw.gov.in/sites/default/files/2025-11/Hair%20Transplant%20Centre.pdf,Hair Transplant Center (83.87 KB )_9c34a4c9.pdf,Healthcare_RAG_Raw\02_Clinical_Establishments\Hair Transplant Center (83.87 KB )_9c34a4c9.pdf,https://clinicalestablishments.mohfw.gov.in/en/allopathic,Downloaded
PMJAY_Haryana,NHA / Haryana Ayushman Bharat,01_PMJAY_NHA,202609031194350508.pdf,https://cdnbbsr.s3waas.gov.in/s3169779d3852b32ce8b1a1724dbf5217d/uploads/2026/09/202609031194350508.pdf,202609031194350508_70532cc3.pdf,Healthcare_RAG_Raw\01_PMJAY_NHA\202609031194350508_70532cc3.pdf,https://ayushmanbharat.haryana.gov.in/policy-guidelines/,Downloaded
Clinical_Establishments,Ministry of Health and Family Welfare,02_Clinical_Establishments,Clinical Establishment Act Standards for Sample Collection And Sample Transport policy (289.98 KB ),https://clinicalestablishments.mohfw.gov.in/sites/default/files/2025-09/Draft%20Minimum%20standards%20sample%20collection%20and%20transport%20policy%2029-8-25.pdf,Clinical Establishment Act Standards for Sample Collection And Sample Transport policy (289.98 KB )_1e37b970.pdf,Healthcare_RAG_Raw\02_Clinical_Establishments\Clinical Establishment Act Standards for Sample Collection And Sample Transport policy (289.98 KB )_1e37b970.pdf,https://clinicalestablishments.mohfw.gov.in/en/allopathic,Downloaded
Clinical_Establishments,Ministry of Health and Family Welfare,02_Clinical_Establishments,National Standards for Blood Centres and Blood Transfusion Services (2nd Edition) (7.04 MB ),https://clinicalestablishments.mohfw.gov.in/sites/default/files/2022-07/1491_0.pdf,National Standards for Blood Centres and Blood Transfusion Services (2nd Edition) (7.04 MB )_a550ce29.pdf,Healthcare_RAG_Raw\02_Clinical_Establishments\National Standards for Blood Centres and Blood Transfusion Services (2nd Edition) (7.04 MB )_a550ce29.pdf,https://clinicalestablishments.mohfw.gov.in/en/allopathic,Downloaded
Clinical_Establishments,Ministry of Health and Family Welfare,02_Clinical_Establishments,Collection Centres and point of care testing etc.  (502.31 KB ),https://clinicalestablishments.mohfw.gov.in/sites/default/files/2022-06/1661.pdf,Collection Centres and point of care testing etc. (502.31 KB )_1f5ace4e.pdf,Healthcare_RAG_Raw\02_Clinical_Establishments\Collection Centres and point of care testing etc. (502.31 KB )_1f5ace4e.pdf,https://clinicalestablishments.mohfw.gov.in/en/allopathic,Downloaded
Clinical_Establishments,Ministry of Health and Family Welfare,02_Clinical_Establishments,Clinic/Polyclinic With Observation (346.75 KB ),https://clinicalestablishments.mohfw.gov.in/sites/default/files/2022-06/3021.pdf,Clinic_Polyclinic With Observation (346.75 KB )_c6378358.pdf,Healthcare_RAG_Raw\02_Clinical_Establishments\Clinic_Polyclinic With Observation (346.75 KB )_c6378358.pdf,https://clinicalestablishments.mohfw.gov.in/en/allopathic,Downloaded
Clinical_Establishments,Ministry of Health and Family Welfare,02_Clinical_Establishments,Clinic/Polyclinic With Dispensary (235.48 KB ),https://clinicalestablishments.mohfw.gov.in/sites/default/files/2022-06/5541.pdf,Clinic_Polyclinic With Dispensary (235.48 KB )_f3126b34.pdf,Healthcare_RAG_Raw\02_Clinical_Establishments\Clinic_Polyclinic With Dispensary (235.48 KB )_f3126b34.pdf,https://clinicalestablishments.mohfw.gov.in/en/allopathic,Downloaded
Clinical_Establishments,Ministry of Health and Family Welfare,02_Clinical_Establishments,Clinic/Polyclinic With Diagnostic Support (294.36 KB ),https://clinicalestablishments.mohfw.gov.in/sites/default/files/2022-06/2941%20%281%29.pdf,Clinic_Polyclinic With Diagnostic Support (294.36 KB )_c53f2be6.pdf,Healthcare_RAG_Raw\02_Clinical_Establishments\Clinic_Polyclinic With Diagnostic Support (294.36 KB )_c53f2be6.pdf,https://clinicalestablishments.mohfw.gov.in/en/allopathic,Downloaded
Clinical_Establishments,Ministry of Health and Family Welfare,02_Clinical_Establishments,Clinic/Polyclinic Only Consultation (227.68 KB ),https://clinicalestablishments.mohfw.gov.in/sites/default/files/2022-06/9361.pdf,Clinic_Polyclinic Only Consultation (227.68 KB )_89cc5997.pdf,Healthcare_RAG_Raw\02_Clinical_Establishments\Clinic_Polyclinic Only Consultation (227.68 KB )_89cc5997.pdf,https://clinicalestablishments.mohfw.gov.in/en/allopathic,Downloaded
Clinical_Establishments,Ministry of Health and Family Welfare,02_Clinical_Establishments,"Gazette Notification of Clinical Establishments (Registration and Regulation) ACT, 2010, Dated 28 Febtruary 2012 (32 KB )",https://clinicalestablishments.mohfw.gov.in/sites/default/files/2023-06/511_0.pdf,"Gazette Notification of Clinical Establishments (Registration and Regulation) ACT, 2010, Dated 28 Febtruary 2012 (32 KB )_6aa325cc.pdf","Healthcare_RAG_Raw\02_Clinical_Establishments\Gazette Notification of Clinical Establishments (Registration and Regulation) ACT, 2010, Dated 28 Febtruary 2012 (32 KB )_6aa325cc.pdf",https://clinicalestablishments.mohfw.gov.in/notification,"FAILED: [Errno 2] No such file or directory: 'Healthcare_RAG_Raw\\02_Clinical_Establishments\\Gazette Notification of Clinical Establishments (Registration and Regulation) ACT, 2010, Dated 28 Febtruary 2012 (32 KB )_6aa325cc.pdf'"
Clinical_Establishments,Ministry of Health and Family Welfare,02_Clinical_Establishments,Gazette Notification Dated 24th May 2021 for Constitution of National Council for Clinical Establishments (1.14 MB ),https://clinicalestablishments.mohfw.gov.in/sites/default/files/2023-06/2141_0_0_0.pdf,Gazette Notification Dated 24th May 2021 for Constitution of National Council for Clinical Establishments (1.14 MB )_08cdba75.pdf,Healthcare_RAG_Raw\02_Clinical_Establishments\Gazette Notification Dated 24th May 2021 for Constitution of National Council for Clinical Establishments (1.14 MB )_08cdba75.pdf,https://clinicalestablishments.mohfw.gov.in/notification,FAILED: [Errno 2] No such file or directory: 'Healthcare_RAG_Raw\\02_Clinical_Establishments\\Gazette Notification Dated 24th May 2021 for Constitution of National Council for Clinical Establishments (1.14 MB )_08cdba75.pdf'
Clinical_Establishments,Ministry of Health and Family Welfare,02_Clinical_Establishments,"Gazette Notification of  Clinical Establishments (Central Government)Amendment Rules, 2020 [Amendment in part III a) in respect of human resource minimum standards for Medical Diagnostic Laboratories (or Pathological Laboratories)]  (1.07 MB )",https://clinicalestablishments.mohfw.gov.in/sites/default/files/2023-06/5511_0.pdf,"Gazette Notification of Clinical Establishments (Central Government)Amendment Rules, 2020 [Amendment in part III a) in respect of human resource minimum standards for Medical Diagnostic Laboratories (or Pathological Laboratories)] (1.07 MB )_9f6351b1.pdf","Healthcare_RAG_Raw\02_Clinical_Establishments\Gazette Notification of Clinical Establishments (Central Government)Amendment Rules, 2020 [Amendment in part III a) in respect of human resource minimum standards for Medical Diagnostic Laboratories (or Pathological Laboratories)] (1.07 MB )_9f6351b1.pdf",https://clinicalestablishments.mohfw.gov.in/notification,"FAILED: [Errno 2] No such file or directory: 'Healthcare_RAG_Raw\\02_Clinical_Establishments\\Gazette Notification of Clinical Establishments (Central Government)Amendment Rules, 2020 [Amendment in part III a) in respect of human resource minimum standards for Medical Diagnostic Laboratories (or Pathological Laboratories)] (1.07 MB )_9f6351b1.pdf'"
Clinical_Establishments,Ministry of Health and Family Welfare,02_Clinical_Establishments,Physiotherapy Centre (290.18 KB ),https://clinicalestablishments.mohfw.gov.in/sites/default/files/2022-06/597.pdf,Physiotherapy Centre (290.18 KB )_4ba34dd3.pdf,Healthcare_RAG_Raw\02_Clinical_Establishments\Physiotherapy Centre (290.18 KB )_4ba34dd3.pdf,https://clinicalestablishments.mohfw.gov.in/en/allopathic,Downloaded
Clinical_Establishments,Ministry of Health and Family Welfare,02_Clinical_Establishments,"Gazette Notification of  Clinical Establishments (Central Government) Amendment Rules, 2018 [Minimum Standards for Medical Diagnostic Laboratories (or Pathological Laboratories)] (1.94 MB )",https://clinicalestablishments.mohfw.gov.in/sites/default/files/2023-06/4161.pdf,"Gazette Notification of Clinical Establishments (Central Government) Amendment Rules, 2018 [Minimum Standards for Medical Diagnostic Laboratories (or Pathological Laboratories)] (1.94 MB )_c5326361.pdf","Healthcare_RAG_Raw\02_Clinical_Establishments\Gazette Notification of Clinical Establishments (Central Government) Amendment Rules, 2018 [Minimum Standards for Medical Diagnostic Laboratories (or Pathological Laboratories)] (1.94 MB )_c5326361.pdf",https://clinicalestablishments.mohfw.gov.in/notification,"FAILED: [Errno 2] No such file or directory: 'Healthcare_RAG_Raw\\02_Clinical_Establishments\\Gazette Notification of Clinical Establishments (Central Government) Amendment Rules, 2018 [Minimum Standards for Medical Diagnostic Laboratories (or Pathological Laboratories)] (1.94 MB )_c5326361.pdf'"
Clinical_Establishments,Ministry of Health and Family Welfare,02_Clinical_Establishments,Dental Lab (204.6 KB ),https://clinicalestablishments.mohfw.gov.in/sites/default/files/2022-06/3191.pdf,Dental Lab (204.6 KB )_386aa5c5.pdf,Healthcare_RAG_Raw\02_Clinical_Establishments\Dental Lab (204.6 KB )_386aa5c5.pdf,https://clinicalestablishments.mohfw.gov.in/en/allopathic,Downloaded
Clinical_Establishments,Ministry of Health and Family Welfare,02_Clinical_Establishments,Mobile Dental Van (284.1 KB ),https://clinicalestablishments.mohfw.gov.in/sites/default/files/2022-06/1471.pdf,Mobile Dental Van (284.1 KB )_48efd80d.pdf,Healthcare_RAG_Raw\02_Clinical_Establishments\Mobile Dental Van (284.1 KB )_48efd80d.pdf,https://clinicalestablishments.mohfw.gov.in/en/allopathic,Downloaded
Clinical_Establishments,Ministry of Health and Family Welfare,02_Clinical_Establishments,Mobile  Clinic With Procedure (263.74 KB ),https://clinicalestablishments.mohfw.gov.in/sites/default/files/2022-06/978.pdf,Mobile Clinic With Procedure (263.74 KB )_c7e80923.pdf,Healthcare_RAG_Raw\02_Clinical_Establishments\Mobile Clinic With Procedure (263.74 KB )_c7e80923.pdf,https://clinicalestablishments.mohfw.gov.in/en/allopathic,Downloaded
Clinical_Establishments,Ministry of Health and Family Welfare,02_Clinical_Establishments,Mobile  Clinic Only Consultation (202.75 KB ),https://clinicalestablishments.mohfw.gov.in/sites/default/files/2022-06/651.pdf,Mobile Clinic Only Consultation (202.75 KB )_d24789a8.pdf,Healthcare_RAG_Raw\02_Clinical_Establishments\Mobile Clinic Only Consultation (202.75 KB )_d24789a8.pdf,https://clinicalestablishments.mohfw.gov.in/en/allopathic,Downloaded
Clinical_Establishments,Ministry of Health and Family Welfare,02_Clinical_Establishments,Hospital(Level 3) (734.36 KB ),https://clinicalestablishments.mohfw.gov.in/sites/default/files/2022-06/776.pdf,Hospital(Level 3) (734.36 KB )_6c46efa2.pdf,Healthcare_RAG_Raw\02_Clinical_Establishments\Hospital(Level 3) (734.36 KB )_6c46efa2.pdf,https://clinicalestablishments.mohfw.gov.in/en/allopathic,Downloaded
Clinical_Establishments,Ministry of Health and Family Welfare,02_Clinical_Establishments,Hospital(Level 2) (832.09 KB ),https://clinicalestablishments.mohfw.gov.in/sites/default/files/2022-06/885.pdf,Hospital(Level 2) (832.09 KB )_93a6641a.pdf,Healthcare_RAG_Raw\02_Clinical_Establishments\Hospital(Level 2) (832.09 KB )_93a6641a.pdf,https://clinicalestablishments.mohfw.gov.in/en/allopathic,Downloaded
Clinical_Establishments,Ministry of Health and Family Welfare,02_Clinical_Establishments,सीईए के लिए परिचालन दिशानिर्देश,https://clinicalestablishments.mohfw.gov.in/sites/default/files/2021-09/2591.pdf,सीईए के लिए परिचालन दिशानिर्देश_83c8fb9b.pdf,Healthcare_RAG_Raw\02_Clinical_Establishments\सीईए के लिए परिचालन दिशानिर्देश_83c8fb9b.pdf,https://clinicalestablishments.mohfw.gov.in/en/allopathic,Downloaded
Clinical_Establishments,Ministry of Health and Family Welfare,02_Clinical_Establishments,Ayurveda (587.56 KB ),https://clinicalestablishments.mohfw.gov.in/sites/default/files/2021-12/86.pdf,Ayurveda (587.56 KB )_b42daed5.pdf,Healthcare_RAG_Raw\02_Clinical_Establishments\Ayurveda (587.56 KB )_b42daed5.pdf,https://clinicalestablishments.mohfw.gov.in/en/ayush,Downloaded
Clinical_Establishments,Ministry of Health and Family Welfare,02_Clinical_Establishments,Homoeopathy (1.23 MB ),https://clinicalestablishments.mohfw.gov.in/sites/default/files/2021-12/234.pdf,Homoeopathy (1.23 MB )_f2f51a3d.pdf,Healthcare_RAG_Raw\02_Clinical_Establishments\Homoeopathy (1.23 MB )_f2f51a3d.pdf,https://clinicalestablishments.mohfw.gov.in/en/ayush,Downloaded
Clinical_Establishments,Ministry of Health and Family Welfare,02_Clinical_Establishments,Naturopathy (921.3 KB ),https://clinicalestablishments.mohfw.gov.in/sites/default/files/2021-12/476.pdf,Naturopathy (921.3 KB )_ab458bbe.pdf,Healthcare_RAG_Raw\02_Clinical_Establishments\Naturopathy (921.3 KB )_ab458bbe.pdf,https://clinicalestablishments.mohfw.gov.in/en/ayush,Downloaded
Clinical_Establishments,Ministry of Health and Family Welfare,02_Clinical_Establishments,Sowa-Rigpa  (1.16 MB ),https://clinicalestablishments.mohfw.gov.in/sites/default/files/2021-12/54_0.pdf,Sowa-Rigpa (1.16 MB )_ffb9616f.pdf,Healthcare_RAG_Raw\02_Clinical_Establishments\Sowa-Rigpa (1.16 MB )_ffb9616f.pdf,https://clinicalestablishments.mohfw.gov.in/en/ayush,Downloaded
Clinical_Establishments,Ministry of Health and Family Welfare,02_Clinical_Establishments,Siddha (1.27 MB ),https://clinicalestablishments.mohfw.gov.in/sites/default/files/2021-12/992_0.pdf,Siddha (1.27 MB )_759592c7.pdf,Healthcare_RAG_Raw\02_Clinical_Establishments\Siddha (1.27 MB )_759592c7.pdf,https://clinicalestablishments.mohfw.gov.in/en/ayush,Downloaded
Clinical_Establishments,Ministry of Health and Family Welfare,02_Clinical_Establishments,Unani (1.35 MB ),https://clinicalestablishments.mohfw.gov.in/sites/default/files/2021-12/161.pdf,Unani (1.35 MB )_e48ef983.pdf,Healthcare_RAG_Raw\02_Clinical_Establishments\Unani (1.35 MB )_e48ef983.pdf,https://clinicalestablishments.mohfw.gov.in/en/ayush,Downloaded
Clinical_Establishments,Ministry of Health and Family Welfare,02_Clinical_Establishments,YOGA (822.68 KB ),https://clinicalestablishments.mohfw.gov.in/sites/default/files/2021-12/382.pdf,YOGA (822.68 KB )_a0b00ce1.pdf,Healthcare_RAG_Raw\02_Clinical_Establishments\YOGA (822.68 KB )_a0b00ce1.pdf,https://clinicalestablishments.mohfw.gov.in/en/ayush,Downloaded
Clinical_Establishments,Ministry of Health and Family Welfare,02_Clinical_Establishments,1. Guidelines for Cardiovascular Diseases,https://clinicalestablishments.mohfw.gov.in/sites/default/files/standard-treatment-guidelines/3811.pdf,1. Guidelines for Cardiovascular Diseases_db942697.pdf,Healthcare_RAG_Raw\02_Clinical_Establishments\1. Guidelines for Cardiovascular Diseases_db942697.pdf,https://clinicalestablishments.mohfw.gov.in/en/standard-treatment-guidelines,Downloaded
Clinical_Establishments,Ministry of Health and Family Welfare,02_Clinical_Establishments,2. Guidelines for Critical Care,https://clinicalestablishments.mohfw.gov.in/sites/default/files/standard-treatment-guidelines/5821.pdf,2. Guidelines for Critical Care_6e448147.pdf,Healthcare_RAG_Raw\02_Clinical_Establishments\2. Guidelines for Critical Care_6e448147.pdf,https://clinicalestablishments.mohfw.gov.in/en/standard-treatment-guidelines,Downloaded
Clinical_Establishments,Ministry of Health and Family Welfare,02_Clinical_Establishments,4. Guidelines for Obstetrics and Gynaecology,https://clinicalestablishments.mohfw.gov.in/sites/default/files/standard-treatment-guidelines/4571.pdf,4. Guidelines for Obstetrics and Gynaecology_ab3b0881.pdf,Healthcare_RAG_Raw\02_Clinical_Establishments\4. Guidelines for Obstetrics and Gynaecology_ab3b0881.pdf,https://clinicalestablishments.mohfw.gov.in/en/standard-treatment-guidelines,Downloaded
Clinical_Establishments,Ministry of Health and Family Welfare,02_Clinical_Establishments,3. Guidelines for Gastroenterological Diseases,https://clinicalestablishments.mohfw.gov.in/sites/default/files/standard-treatment-guidelines/9721.pdf,3. Guidelines for Gastroenterological Diseases_e256bbbe.pdf,Healthcare_RAG_Raw\02_Clinical_Establishments\3. Guidelines for Gastroenterological Diseases_e256bbbe.pdf,https://clinicalestablishments.mohfw.gov.in/en/standard-treatment-guidelines,Downloaded
Clinical_Establishments,Ministry of Health and Family Welfare,02_Clinical_Establishments,6. Guidelines for Ophthalmology,https://clinicalestablishments.mohfw.gov.in/sites/default/files/standard-treatment-guidelines/6251.pdf,6. Guidelines for Ophthalmology_400be7af.pdf,Healthcare_RAG_Raw\02_Clinical_Establishments\6. Guidelines for Ophthalmology_400be7af.pdf,https://clinicalestablishments.mohfw.gov.in/en/standard-treatment-guidelines,Downloaded
Clinical_Establishments,Ministry of Health and Family Welfare,02_Clinical_Establishments,7. Guidelines for ENT,https://clinicalestablishments.mohfw.gov.in/sites/default/files/standard-treatment-guidelines/4251.pdf,7. Guidelines for ENT_93801303.pdf,Healthcare_RAG_Raw\02_Clinical_Establishments\7. Guidelines for ENT_93801303.pdf,https://clinicalestablishments.mohfw.gov.in/en/standard-treatment-guidelines,Downloaded
Clinical_Establishments,Ministry of Health and Family Welfare,02_Clinical_Establishments,8. Guidelines for Orthopaedics,https://clinicalestablishments.mohfw.gov.in/sites/default/files/standard-treatment-guidelines/8611.pdf,8. Guidelines for Orthopaedics_a1992caa.pdf,Healthcare_RAG_Raw\02_Clinical_Establishments\8. Guidelines for Orthopaedics_a1992caa.pdf,https://clinicalestablishments.mohfw.gov.in/en/standard-treatment-guidelines,Downloaded
Clinical_Establishments,Ministry of Health and Family Welfare,02_Clinical_Establishments,9. Guidelines for Medicine (Respiratory),https://clinicalestablishments.mohfw.gov.in/sites/default/files/standard-treatment-guidelines/3261.pdf,9. Guidelines for Medicine (Respiratory)_bb0522e1.pdf,Healthcare_RAG_Raw\02_Clinical_Establishments\9. Guidelines for Medicine (Respiratory)_bb0522e1.pdf,https://clinicalestablishments.mohfw.gov.in/en/standard-treatment-guidelines,Downloaded
Clinical_Establishments,Ministry of Health and Family Welfare,02_Clinical_Establishments,10. Guidelines for Medicine (Non Respiratory Medical Conditions),https://clinicalestablishments.mohfw.gov.in/sites/default/files/standard-treatment-guidelines/8721.pdf,10. Guidelines for Medicine (Non Respiratory Medical Conditions)_3c186750.pdf,Healthcare_RAG_Raw\02_Clinical_Establishments\10. Guidelines for Medicine (Non Respiratory Medical Conditions)_3c186750.pdf,https://clinicalestablishments.mohfw.gov.in/en/standard-treatment-guidelines,Downloaded
Clinical_Establishments,Ministry of Health and Family Welfare,02_Clinical_Establishments,11. Guidelines for Paediatrics and Paediatrics Surgery,https://clinicalestablishments.mohfw.gov.in/sites/default/files/standard-treatment-guidelines/891.pdf,11. Guidelines for Paediatrics and Paediatrics Surgery_659795be.pdf,Healthcare_RAG_Raw\02_Clinical_Establishments\11. Guidelines for Paediatrics and Paediatrics Surgery_659795be.pdf,https://clinicalestablishments.mohfw.gov.in/en/standard-treatment-guidelines,Downloaded
Clinical_Establishments,Ministry of Health and Family Welfare,02_Clinical_Establishments,12. Guidelines for General Surgery,https://clinicalestablishments.mohfw.gov.in/sites/default/files/standard-treatment-guidelines/6191.pdf,12. Guidelines for General Surgery_20fde274.pdf,Healthcare_RAG_Raw\02_Clinical_Establishments\12. Guidelines for General Surgery_20fde274.pdf,https://clinicalestablishments.mohfw.gov.in/en/standard-treatment-guidelines,Downloaded
Clinical_Establishments,Ministry of Health and Family Welfare,02_Clinical_Establishments,13. Guidelines for Interventional Radiology,https://clinicalestablishments.mohfw.gov.in/sites/default/files/standard-treatment-guidelines/2281.pdf,13. Guidelines for Interventional Radiology_e708ac43.pdf,Healthcare_RAG_Raw\02_Clinical_Establishments\13. Guidelines for Interventional Radiology_e708ac43.pdf,https://clinicalestablishments.mohfw.gov.in/en/standard-treatment-guidelines,Downloaded
Clinical_Establishments,Ministry of Health and Family Welfare,02_Clinical_Establishments,15. Guidelines for Organ Transplant - Liver,https://clinicalestablishments.mohfw.gov.in/sites/default/files/standard-treatment-guidelines/1511.pdf,15. Guidelines for Organ Transplant - Liver_a38a1849.pdf,Healthcare_RAG_Raw\02_Clinical_Establishments\15. Guidelines for Organ Transplant - Liver_a38a1849.pdf,https://clinicalestablishments.mohfw.gov.in/en/standard-treatment-guidelines,Downloaded
Clinical_Establishments,Ministry of Health and Family Welfare,02_Clinical_Establishments,14. Guidelines for Oncology,https://clinicalestablishments.mohfw.gov.in/sites/default/files/standard-treatment-guidelines/2611.pdf,14. Guidelines for Oncology_fcaee86a.pdf,Healthcare_RAG_Raw\02_Clinical_Establishments\14. Guidelines for Oncology_fcaee86a.pdf,https://clinicalestablishments.mohfw.gov.in/en/standard-treatment-guidelines,Downloaded
Clinical_Establishments,Ministry of Health and Family Welfare,02_Clinical_Establishments,16. Guidelines for Urology,https://clinicalestablishments.mohfw.gov.in/sites/default/files/standard-treatment-guidelines/9471.pdf,16. Guidelines for Urology_84326f7c.pdf,Healthcare_RAG_Raw\02_Clinical_Establishments\16. Guidelines for Urology_84326f7c.pdf,https://clinicalestablishments.mohfw.gov.in/en/standard-treatment-guidelines,Downloaded
Clinical_Establishments,Ministry of Health and Family Welfare,02_Clinical_Establishments,18. Guidelines for G. I. Surgery,https://clinicalestablishments.mohfw.gov.in/sites/default/files/standard-treatment-guidelines/2101.pdf,18. Guidelines for G. I. Surgery_e4a0cfac.pdf,Healthcare_RAG_Raw\02_Clinical_Establishments\18. Guidelines for G. I. Surgery_e4a0cfac.pdf,https://clinicalestablishments.mohfw.gov.in/en/standard-treatment-guidelines,Downloaded
Clinical_Establishments,Ministry of Health and Family Welfare,02_Clinical_Establishments,17. Guidelines for Laboratory Medicine,https://clinicalestablishments.mohfw.gov.in/sites/default/files/standard-treatment-guidelines/6491.pdf,17. Guidelines for Laboratory Medicine_846b1dcd.pdf,Healthcare_RAG_Raw\02_Clinical_Establishments\17. Guidelines for Laboratory Medicine_846b1dcd.pdf,https://clinicalestablishments.mohfw.gov.in/en/standard-treatment-guidelines,Downloaded
Clinical_Establishments,Ministry of Health and Family Welfare,02_Clinical_Establishments,19. Guidelines for Neurology,https://clinicalestablishments.mohfw.gov.in/sites/default/files/standard-treatment-guidelines/1621.pdf,19. Guidelines for Neurology_13ce06cb.pdf,Healthcare_RAG_Raw\02_Clinical_Establishments\19. Guidelines for Neurology_13ce06cb.pdf,https://clinicalestablishments.mohfw.gov.in/en/standard-treatment-guidelines,Downloaded
Clinical_Establishments,Ministry of Health and Family Welfare,02_Clinical_Establishments,21. Guidelines for Endocrinology,https://clinicalestablishments.mohfw.gov.in/sites/default/files/standard-treatment-guidelines/3601.pdf,21. Guidelines for Endocrinology_e8b1a18e.pdf,Healthcare_RAG_Raw\02_Clinical_Establishments\21. Guidelines for Endocrinology_e8b1a18e.pdf,https://clinicalestablishments.mohfw.gov.in/en/standard-treatment-guidelines,Downloaded
Clinical_Establishments,Ministry of Health and Family Welfare,02_Clinical_Establishments,a) Full Document,https://clinicalestablishments.mohfw.gov.in/sites/default/files/standard-treatment-guidelines/9451.pdf,a) Full Document_54636977.pdf,Healthcare_RAG_Raw\02_Clinical_Establishments\a) Full Document_54636977.pdf,https://clinicalestablishments.mohfw.gov.in/en/standard-treatment-guidelines,Downloaded
Clinical_Establishments,Ministry of Health and Family Welfare,02_Clinical_Establishments,b) Quick Reference Guide,https://clinicalestablishments.mohfw.gov.in/sites/default/files/standard-treatment-guidelines/7241.pdf,b) Quick Reference Guide_0d2df81f.pdf,Healthcare_RAG_Raw\02_Clinical_Establishments\b) Quick Reference Guide_0d2df81f.pdf,https://clinicalestablishments.mohfw.gov.in/en/standard-treatment-guidelines,Downloaded
Clinical_Establishments,Ministry of Health and Family Welfare,02_Clinical_Establishments,5. Guidelines for Haemodialysis,https://clinicalestablishments.mohfw.gov.in/sites/default/files/standard-treatment-guidelines/358.pdf,5. Guidelines for Haemodialysis_9dd41e55.pdf,Healthcare_RAG_Raw\02_Clinical_Establishments\5. Guidelines for Haemodialysis_9dd41e55.pdf,https://clinicalestablishments.mohfw.gov.in/en/standard-treatment-guidelines,FAILED: 404 Client Error: Not Found for url: https://clinicalestablishments.mohfw.gov.in/sites/default/files/standard-treatment-guidelines/358.pdf
Clinical_Establishments,Ministry of Health and Family Welfare,02_Clinical_Establishments,a) Full Document,https://clinicalestablishments.mohfw.gov.in/sites/default/files/standard-treatment-guidelines/5191.pdf,a) Full Document_83ac33fe.pdf,Healthcare_RAG_Raw\02_Clinical_Establishments\a) Full Document_83ac33fe.pdf,https://clinicalestablishments.mohfw.gov.in/en/standard-treatment-guidelines,Downloaded
Clinical_Establishments,Ministry of Health and Family Welfare,02_Clinical_Establishments,b) Quick Reference Guide,https://clinicalestablishments.mohfw.gov.in/sites/default/files/standard-treatment-guidelines/6591.pdf,b) Quick Reference Guide_e2c82758.pdf,Healthcare_RAG_Raw\02_Clinical_Establishments\b) Quick Reference Guide_e2c82758.pdf,https://clinicalestablishments.mohfw.gov.in/en/standard-treatment-guidelines,Downloaded
Clinical_Establishments,Ministry of Health and Family Welfare,02_Clinical_Establishments,a) Full Document,https://clinicalestablishments.mohfw.gov.in/sites/default/files/standard-treatment-guidelines/7661.pdf,a) Full Document_ca071578.pdf,Healthcare_RAG_Raw\02_Clinical_Establishments\a) Full Document_ca071578.pdf,https://clinicalestablishments.mohfw.gov.in/en/standard-treatment-guidelines,Downloaded
Clinical_Establishments,Ministry of Health and Family Welfare,02_Clinical_Establishments,b) Quick Reference Guide,https://clinicalestablishments.mohfw.gov.in/sites/default/files/standard-treatment-guidelines/8291.pdf,b) Quick Reference Guide_5cbc8467.pdf,Healthcare_RAG_Raw\02_Clinical_Establishments\b) Quick Reference Guide_5cbc8467.pdf,https://clinicalestablishments.mohfw.gov.in/en/standard-treatment-guidelines,Downloaded
Clinical_Establishments,Ministry of Health and Family Welfare,02_Clinical_Establishments,a) Full Document,https://clinicalestablishments.mohfw.gov.in/sites/default/files/standard-treatment-guidelines/6411.pdf,a) Full Document_0d7e8ad1.pdf,Healthcare_RAG_Raw\02_Clinical_Establishments\a) Full Document_0d7e8ad1.pdf,https://clinicalestablishments.mohfw.gov.in/en/standard-treatment-guidelines,Downloaded
Clinical_Establishments,Ministry of Health and Family Welfare,02_Clinical_Establishments,b) Quick Reference Guide,https://clinicalestablishments.mohfw.gov.in/sites/default/files/standard-treatment-guidelines/3921.pdf,b) Quick Reference Guide_98a2299e.pdf,Healthcare_RAG_Raw\02_Clinical_Establishments\b) Quick Reference Guide_98a2299e.pdf,https://clinicalestablishments.mohfw.gov.in/en/standard-treatment-guidelines,Downloaded
Clinical_Establishments,Ministry of Health and Family Welfare,02_Clinical_Establishments,a) Full Document,https://clinicalestablishments.mohfw.gov.in/sites/default/files/standard-treatment-guidelines/3941.pdf,a) Full Document_145bcabf.pdf,Healthcare_RAG_Raw\02_Clinical_Establishments\a) Full Document_145bcabf.pdf,https://clinicalestablishments.mohfw.gov.in/en/standard-treatment-guidelines,Downloaded
Clinical_Establishments,Ministry of Health and Family Welfare,02_Clinical_Establishments,b) Quick Reference Guide,https://clinicalestablishments.mohfw.gov.in/sites/default/files/standard-treatment-guidelines/5341.pdf,b) Quick Reference Guide_af9910df.pdf,Healthcare_RAG_Raw\02_Clinical_Establishments\b) Quick Reference Guide_af9910df.pdf,https://clinicalestablishments.mohfw.gov.in/en/standard-treatment-guidelines,Downloaded
Clinical_Establishments,Ministry of Health and Family Welfare,02_Clinical_Establishments,b) Quick Reference Guide,https://clinicalestablishments.mohfw.gov.in/sites/default/files/standard-treatment-guidelines/9761.pdf,b) Quick Reference Guide_4c51b27b.pdf,Healthcare_RAG_Raw\02_Clinical_Establishments\b) Quick Reference Guide_4c51b27b.pdf,https://clinicalestablishments.mohfw.gov.in/en/standard-treatment-guidelines,Downloaded
Clinical_Establishments,Ministry of Health and Family Welfare,02_Clinical_Establishments,a) Full Document,https://clinicalestablishments.mohfw.gov.in/sites/default/files/standard-treatment-guidelines/5381.pdf,a) Full Document_12d1e7c9.pdf,Healthcare_RAG_Raw\02_Clinical_Establishments\a) Full Document_12d1e7c9.pdf,https://clinicalestablishments.mohfw.gov.in/en/standard-treatment-guidelines,Downloaded
Clinical_Establishments,Ministry of Health and Family Welfare,02_Clinical_Establishments,(vi) National Guidelines for Clinical Management of Dengue Fever,https://clinicalestablishments.mohfw.gov.in/sites/default/files/standard-treatment-guidelines/.pdf,(vi) National Guidelines for Clinical Management of Dengue Fever_cfac70b4.pdf,Healthcare_RAG_Raw\02_Clinical_Establishments\(vi) National Guidelines for Clinical Management of Dengue Fever_cfac70b4.pdf,https://clinicalestablishments.mohfw.gov.in/en/standard-treatment-guidelines,FAILED: 403 Client Error: Forbidden for url: https://clinicalestablishments.mohfw.gov.in/sites/default/files/standard-treatment-guidelines/.pdf
Clinical_Establishments,Ministry of Health and Family Welfare,02_Clinical_Establishments,a) Quick Reference Guide,https://clinicalestablishments.mohfw.gov.in/sites/default/files/standard-treatment-guidelines/4671.pdf,a) Quick Reference Guide_7c941c61.pdf,Healthcare_RAG_Raw\02_Clinical_Establishments\a) Quick Reference Guide_7c941c61.pdf,https://clinicalestablishments.mohfw.gov.in/en/standard-treatment-guidelines,Downloaded
Clinical_Establishments,Ministry of Health and Family Welfare,02_Clinical_Establishments,a) Quick Reference Guide,https://clinicalestablishments.mohfw.gov.in/sites/default/files/standard-treatment-guidelines/3361.pdf,a) Quick Reference Guide_9860dfda.pdf,Healthcare_RAG_Raw\02_Clinical_Establishments\a) Quick Reference Guide_9860dfda.pdf,https://clinicalestablishments.mohfw.gov.in/en/standard-treatment-guidelines,Downloaded
Clinical_Establishments,Ministry of Health and Family Welfare,02_Clinical_Establishments,a) Full Document,https://clinicalestablishments.mohfw.gov.in/sites/default/files/standard-treatment-guidelines/4221.pdf,a) Full Document_a71f4752.pdf,Healthcare_RAG_Raw\02_Clinical_Establishments\a) Full Document_a71f4752.pdf,https://clinicalestablishments.mohfw.gov.in/en/standard-treatment-guidelines,Downloaded
Clinical_Establishments,Ministry of Health and Family Welfare,02_Clinical_Establishments,a) Full Document,https://clinicalestablishments.mohfw.gov.in/sites/default/files/standard-treatment-guidelines/8361.pdf,a) Full Document_9dcede56.pdf,Healthcare_RAG_Raw\02_Clinical_Establishments\a) Full Document_9dcede56.pdf,https://clinicalestablishments.mohfw.gov.in/en/standard-treatment-guidelines,Downloaded
Clinical_Establishments,Ministry of Health and Family Welfare,02_Clinical_Establishments,b) Quick Reference Guide,https://clinicalestablishments.mohfw.gov.in/sites/default/files/standard-treatment-guidelines/8521.pdf,b) Quick Reference Guide_6c52ed7f.pdf,Healthcare_RAG_Raw\02_Clinical_Establishments\b) Quick Reference Guide_6c52ed7f.pdf,https://clinicalestablishments.mohfw.gov.in/en/standard-treatment-guidelines,Downloaded
Clinical_Establishments,Ministry of Health and Family Welfare,02_Clinical_Establishments,a) Full Document,https://clinicalestablishments.mohfw.gov.in/sites/default/files/standard-treatment-guidelines/8591.pdf,a) Full Document_aa6a7aa2.pdf,Healthcare_RAG_Raw\02_Clinical_Establishments\a) Full Document_aa6a7aa2.pdf,https://clinicalestablishments.mohfw.gov.in/en/standard-treatment-guidelines,Downloaded
Clinical_Establishments,Ministry of Health and Family Welfare,02_Clinical_Establishments,b) Quick Reference Guide,https://clinicalestablishments.mohfw.gov.in/sites/default/files/standard-treatment-guidelines/5461.pdf,b) Quick Reference Guide_51682d59.pdf,Healthcare_RAG_Raw\02_Clinical_Establishments\b) Quick Reference Guide_51682d59.pdf,https://clinicalestablishments.mohfw.gov.in/en/standard-treatment-guidelines,Downloaded
Clinical_Establishments,Ministry of Health and Family Welfare,02_Clinical_Establishments,a) Full Document,https://clinicalestablishments.mohfw.gov.in/sites/default/files/standard-treatment-guidelines/31911.pdf,a) Full Document_5e6ad719.pdf,Healthcare_RAG_Raw\02_Clinical_Establishments\a) Full Document_5e6ad719.pdf,https://clinicalestablishments.mohfw.gov.in/en/standard-treatment-guidelines,Downloaded
Clinical_Establishments,Ministry of Health and Family Welfare,02_Clinical_Establishments,(i) Standards for TB Care in India,https://clinicalestablishments.mohfw.gov.in/sites/default/files/standard-treatment-guidelines/93.pdf,(i) Standards for TB Care in India_3ea6ec68.pdf,Healthcare_RAG_Raw\02_Clinical_Establishments\(i) Standards for TB Care in India_3ea6ec68.pdf,https://clinicalestablishments.mohfw.gov.in/en/standard-treatment-guidelines,Downloaded
Clinical_Establishments,Ministry of Health and Family Welfare,02_Clinical_Establishments,(ii) Management of Common Ear Conditions,https://clinicalestablishments.mohfw.gov.in/sites/default/files/standard-treatment-guidelines/290.pdf,(ii) Management of Common Ear Conditions_432b3107.pdf,Healthcare_RAG_Raw\02_Clinical_Establishments\(ii) Management of Common Ear Conditions_432b3107.pdf,https://clinicalestablishments.mohfw.gov.in/en/standard-treatment-guidelines,Downloaded
Clinical_Establishments,Ministry of Health and Family Welfare,02_Clinical_Establishments,(i) Management of Common Mental Disorders,https://clinicalestablishments.mohfw.gov.in/sites/default/files/standard-treatment-guidelines/606.pdf,(i) Management of Common Mental Disorders_5484a005.pdf,Healthcare_RAG_Raw\02_Clinical_Establishments\(i) Management of Common Mental Disorders_5484a005.pdf,https://clinicalestablishments.mohfw.gov.in/en/standard-treatment-guidelines,Downloaded
Clinical_Establishments,Ministry of Health and Family Welfare,02_Clinical_Establishments,(i) Dental Caries and Periodontitis,https://clinicalestablishments.mohfw.gov.in/sites/default/files/standard-treatment-guidelines/475.pdf,(i) Dental Caries and Periodontitis_3d17f785.pdf,Healthcare_RAG_Raw\02_Clinical_Establishments\(i) Dental Caries and Periodontitis_3d17f785.pdf,https://clinicalestablishments.mohfw.gov.in/en/standard-treatment-guidelines,Downloaded
Clinical_Establishments,Ministry of Health and Family Welfare,02_Clinical_Establishments,(ii) Guidelines for Prevention and Control of Fluorosis,https://clinicalestablishments.mohfw.gov.in/sites/default/files/standard-treatment-guidelines/9711.pdf,(ii) Guidelines for Prevention and Control of Fluorosis_13f59c0f.pdf,Healthcare_RAG_Raw\02_Clinical_Establishments\(ii) Guidelines for Prevention and Control of Fluorosis_13f59c0f.pdf,https://clinicalestablishments.mohfw.gov.in/en/standard-treatment-guidelines,Downloaded
Clinical_Establishments,Ministry of Health and Family Welfare,02_Clinical_Establishments,(i) Case Management of Acute Encephalitis Syndrome / J. E.,https://clinicalestablishments.mohfw.gov.in/sites/default/files/standard-treatment-guidelines/5041.pdf,(i) Case Management of Acute Encephalitis Syndrome _ J. E_078954f7.pdf,Healthcare_RAG_Raw\02_Clinical_Establishments\(i) Case Management of Acute Encephalitis Syndrome _ J. E_078954f7.pdf,https://clinicalestablishments.mohfw.gov.in/en/standard-treatment-guidelines,Downloaded
Clinical_Establishments,Ministry of Health and Family Welfare,02_Clinical_Establishments,(ii) Diagnosis and treatment of Malaria,https://clinicalestablishments.mohfw.gov.in/sites/default/files/standard-treatment-guidelines/892.pdf,(ii) Diagnosis and treatment of Malaria_1b64ed9a.pdf,Healthcare_RAG_Raw\02_Clinical_Establishments\(ii) Diagnosis and treatment of Malaria_1b64ed9a.pdf,https://clinicalestablishments.mohfw.gov.in/en/standard-treatment-guidelines,Downloaded
Clinical_Establishments,Ministry of Health and Family Welfare,02_Clinical_Establishments,(i) Training Manual for Medical officer,https://clinicalestablishments.mohfw.gov.in/sites/default/files/standard-treatment-guidelines/50.pdf,(i) Training Manual for Medical officer_425cf695.pdf,Healthcare_RAG_Raw\02_Clinical_Establishments\(i) Training Manual for Medical officer_425cf695.pdf,https://clinicalestablishments.mohfw.gov.in/en/standard-treatment-guidelines,Downloaded
Clinical_Establishments,Ministry of Health and Family Welfare,02_Clinical_Establishments,(ii) Disability Prevention & Medical Rehabilitation,https://clinicalestablishments.mohfw.gov.in/sites/default/files/standard-treatment-guidelines/516.pdf,(ii) Disability Prevention & Medical Rehabilitation_cd9e5e1d.pdf,Healthcare_RAG_Raw\02_Clinical_Establishments\(ii) Disability Prevention & Medical Rehabilitation_cd9e5e1d.pdf,https://clinicalestablishments.mohfw.gov.in/en/standard-treatment-guidelines,Downloaded
Clinical_Establishments,Ministry of Health and Family Welfare,02_Clinical_Establishments,(iii) Filariasis control in India and Its Elimination,https://clinicalestablishments.mohfw.gov.in/sites/default/files/standard-treatment-guidelines/5021.pdf,(iii) Filariasis control in India and Its Elimination_bbec7cd6.pdf,Healthcare_RAG_Raw\02_Clinical_Establishments\(iii) Filariasis control in India and Its Elimination_bbec7cd6.pdf,https://clinicalestablishments.mohfw.gov.in/en/standard-treatment-guidelines,Downloaded
Clinical_Establishments,Ministry of Health and Family Welfare,02_Clinical_Establishments,(iv) Chikungunya Fever,https://clinicalestablishments.mohfw.gov.in/sites/default/files/standard-treatment-guidelines/155.pdf,(iv) Chikungunya Fever_f1de1a20.pdf,Healthcare_RAG_Raw\02_Clinical_Establishments\(iv) Chikungunya Fever_f1de1a20.pdf,https://clinicalestablishments.mohfw.gov.in/en/standard-treatment-guidelines,Downloaded
Clinical_Establishments,Ministry of Health and Family Welfare,02_Clinical_Establishments,"(i) Prevention, Management and control of RTI & STI",https://clinicalestablishments.mohfw.gov.in/sites/default/files/standard-treatment-guidelines/448.pdf,"(i) Prevention, Management and control of RTI & STI_448ca091.pdf","Healthcare_RAG_Raw\02_Clinical_Establishments\(i) Prevention, Management and control of RTI & STI_448ca091.pdf",https://clinicalestablishments.mohfw.gov.in/en/standard-treatment-guidelines,Downloaded
Clinical_Establishments,Ministry of Health and Family Welfare,02_Clinical_Establishments,"(i) Pre-operative, Operative and Post-operative precautions for Eye Surgery",https://clinicalestablishments.mohfw.gov.in/sites/default/files/standard-treatment-guidelines/5801.pdf,"(i) Pre-operative, Operative and Post-operative precautions for Eye Surgery_6ae48a4d.pdf","Healthcare_RAG_Raw\02_Clinical_Establishments\(i) Pre-operative, Operative and Post-operative precautions for Eye Surgery_6ae48a4d.pdf",https://clinicalestablishments.mohfw.gov.in/en/standard-treatment-guidelines,Downloaded
Clinical_Establishments,Ministry of Health and Family Welfare,02_Clinical_Establishments,(v) Road Map for Kala-Azar Elimination,https://clinicalestablishments.mohfw.gov.in/sites/default/files/standard-treatment-guidelines/7051.pdf,(v) Road Map for Kala-Azar Elimination_446871ba.pdf,Healthcare_RAG_Raw\02_Clinical_Establishments\(v) Road Map for Kala-Azar Elimination_446871ba.pdf,https://clinicalestablishments.mohfw.gov.in/en/standard-treatment-guidelines,Downloaded
Clinical_Establishments,Ministry of Health and Family Welfare,02_Clinical_Establishments,(i) Prevention and Management of Burn Injuries,https://clinicalestablishments.mohfw.gov.in/sites/default/files/standard-treatment-guidelines/520.pdf,(i) Prevention and Management of Burn Injuries_8f52adf1.pdf,Healthcare_RAG_Raw\02_Clinical_Establishments\(i) Prevention and Management of Burn Injuries_8f52adf1.pdf,https://clinicalestablishments.mohfw.gov.in/en/standard-treatment-guidelines,Downloaded
Clinical_Establishments,Ministry of Health and Family Welfare,02_Clinical_Establishments,"(i) National Guidelines Diagnosis, Case Management Prevention and Control of Leptospirosis",https://clinicalestablishments.mohfw.gov.in/sites/default/files/standard-treatment-guidelines/919.pdf,"(i) National Guidelines Diagnosis, Case Management Prevention and Control of Leptospirosis_ff8e25ab.pdf","Healthcare_RAG_Raw\02_Clinical_Establishments\(i) National Guidelines Diagnosis, Case Management Prevention and Control of Leptospirosis_ff8e25ab.pdf",https://clinicalestablishments.mohfw.gov.in/en/standard-treatment-guidelines,Downloaded
Clinical_Establishments,Ministry of Health and Family Welfare,02_Clinical_Establishments,(i) National Guidelines on Rabies Prophylaxis,https://clinicalestablishments.mohfw.gov.in/sites/default/files/standard-treatment-guidelines/238.pdf,(i) National Guidelines on Rabies Prophylaxis_9d94c034.pdf,Healthcare_RAG_Raw\02_Clinical_Establishments\(i) National Guidelines on Rabies Prophylaxis_9d94c034.pdf,https://clinicalestablishments.mohfw.gov.in/en/standard-treatment-guidelines,Downloaded
Clinical_Establishments,Ministry of Health and Family Welfare,02_Clinical_Establishments,(i) A Manual for Medical Officer,https://clinicalestablishments.mohfw.gov.in/sites/default/files/standard-treatment-guidelines/58.pdf,(i) A Manual for Medical Officer_a7094f89.pdf,Healthcare_RAG_Raw\02_Clinical_Establishments\(i) A Manual for Medical Officer_a7094f89.pdf,https://clinicalestablishments.mohfw.gov.in/en/standard-treatment-guidelines,Downloaded
Clinical_Establishments,Ministry of Health and Family Welfare,02_Clinical_Establishments,13. National Treatment Guidelines for Antimicrobial Use in Infectious Diseases,https://clinicalestablishments.mohfw.gov.in/sites/default/files/standard-treatment-guidelines/86111.pdf,13. National Treatment Guidelines for Antimicrobial Use in Infectious Diseases_ba9fda59.pdf,Healthcare_RAG_Raw\02_Clinical_Establishments\13. National Treatment Guidelines for Antimicrobial Use in Infectious Diseases_ba9fda59.pdf,https://clinicalestablishments.mohfw.gov.in/en/standard-treatment-guidelines,Downloaded
Clinical_Establishments,Ministry of Health and Family Welfare,02_Clinical_Establishments,14. National Guidelines for Diagnosis & Management of Viral Hepatitis,https://clinicalestablishments.mohfw.gov.in/sites/default/files/standard-treatment-guidelines/3591.pdf,14. National Guidelines for Diagnosis & Management of Viral Hepatitis_7d298463.pdf,Healthcare_RAG_Raw\02_Clinical_Establishments\14. National Guidelines for Diagnosis & Management of Viral Hepatitis_7d298463.pdf,https://clinicalestablishments.mohfw.gov.in/en/standard-treatment-guidelines,Downloaded
Clinical_Establishments,Ministry of Health and Family Welfare,02_Clinical_Establishments,Guidelines for Ayurveda,https://clinicalestablishments.mohfw.gov.in/sites/default/files/standard-treatment-guidelines/6391.pdf,Guidelines for Ayurveda_1e8976c3.pdf,Healthcare_RAG_Raw\02_Clinical_Establishments\Guidelines for Ayurveda_1e8976c3.pdf,https://clinicalestablishments.mohfw.gov.in/en/standard-treatment-guidelines,Downloaded
Clinical_Establishments,Ministry of Health and Family Welfare,02_Clinical_Establishments,Guidelines for Siddha (Draft),https://clinicalestablishments.mohfw.gov.in/sites/default/files/standard-treatment-guidelines/2501.pdf,Guidelines for Siddha (Draft)_3c871acb.pdf,Healthcare_RAG_Raw\02_Clinical_Establishments\Guidelines for Siddha (Draft)_3c871acb.pdf,https://clinicalestablishments.mohfw.gov.in/en/standard-treatment-guidelines,Downloaded
NMC,National Medical Commission,04_NMC,"NMC Act, 2019 English",https://nmc.org.in/document-viewer?file=https%3A%2F%2Fnmc.org.in%2F210357_NMC_Act-1-1.pdf&title=NMC%20Act%2C%202019%20English,"NMC Act, 2019 English_e107fc27.pdf","Healthcare_RAG_Raw\04_NMC\NMC Act, 2019 English_e107fc27.pdf",https://nmc.org.in/page/rules-regulations-rules-regulations-of-erstwhile-mci-code-of-medical-ethics-regulations-2002,Downloaded
NMC,National Medical Commission,04_NMC,WFMECertificateofRecognitionStatus.pdf,https://nmc.org.in/storage/new/WFMECertificateofRecognitionStatus.pdf,WFMECertificateofRecognitionStatus_f2f3973b.pdf,Healthcare_RAG_Raw\04_NMC\WFMECertificateofRecognitionStatus_f2f3973b.pdf,https://nmc.org.in/page/rules-regulations-rules-regulations-of-erstwhile-mci-code-of-medical-ethics-regulations-2002,Downloaded
NMC,National Medical Commission,04_NMC,"FAQ on NMC Act, 2019",https://nmc.org.in/document-viewer?file=https%3A%2F%2Fnmc.org.in%2FFAQ_NMCACT_pdf-1-1.pdf&title=FAQ%20on%20NMC%20Act%2C%202019,"FAQ on NMC Act, 2019_8858bcb5.pdf","Healthcare_RAG_Raw\04_NMC\FAQ on NMC Act, 2019_8858bcb5.pdf",https://nmc.org.in/page/rules-regulations-rules-regulations-of-erstwhile-mci-code-of-medical-ethics-regulations-2002,Downloaded
NMC,National Medical Commission,04_NMC,"NMC Act, 2019 Hindi",https://nmc.org.in/document-viewer?file=https%3A%2F%2Fnmc.org.in%2FH201930NMCAct2019hindi-2-1.pdf&title=NMC%20Act%2C%202019%20Hindi,"NMC Act, 2019 Hindi_67fffcf8.pdf","Healthcare_RAG_Raw\04_NMC\NMC Act, 2019 Hindi_67fffcf8.pdf",https://nmc.org.in/page/rules-regulations-rules-regulations-of-erstwhile-mci-code-of-medical-ethics-regulations-2002,Downloaded
NMC,National Medical Commission,04_NMC,Minimum requirement for 50 admissions,https://nmc.org.in/document-viewer?file=https%3A%2F%2Fnmc.org.in%2FMinimum-Standard-Requirements-for-50-Admissions-3.pdf&title=Minimum%20requirement%20for%2050%20admissions,Minimum requirement for 50 admissions_9c4066f8.pdf,Healthcare_RAG_Raw\04_NMC\Minimum requirement for 50 admissions_9c4066f8.pdf,https://nmc.org.in/page/rules-regulations-rules-regulations-of-erstwhile-mci-code-of-medical-ethics-regulations-2002,Downloaded
NMC,National Medical Commission,04_NMC,Graduate Medical Education Regulations 1997 (Amendment Dated 04.11.2019 (UGMEB),https://nmc.org.in/document-viewer?file=https%3A%2F%2Fnmc.org.in%2F19GraduateMedicalEducationRegulations1997Amendment04112019-2.pdf&title=Graduate%20Medical%20Education%20Regulations%201997%20%28Amendment%20Dated%2004.11.2019%20%28UGMEB%29,Graduate Medical Education Regulations 1997 (Amendment Dated 04.11.2019 (UGMEB)_6a8530b1.pdf,Healthcare_RAG_Raw\04_NMC\Graduate Medical Education Regulations 1997 (Amendment Dated 04.11.2019 (UGMEB)_6a8530b1.pdf,https://nmc.org.in/page/rules-regulations-rules-regulations-of-erstwhile-mci-code-of-medical-ethics-regulations-2002,Downloaded
NMC,National Medical Commission,04_NMC,"Establishment of Medical College Regulation,(Amendment), 2020 Dated 28.10.2020 (MARB)",https://nmc.org.in/document-viewer?file=https%3A%2F%2Fnmc.org.in%2F2EstablishmentofMedicalCollegeRegulationsAmendment2022NMC-2.pdf&title=Establishment%20of%20Medical%20College%20Regulation%2C%28Amendment%29%2C%202020%20Dated%2028.10.2020%20%28MARB%29,"Establishment of Medical College Regulation,(Amendment), 2020 Dated 28.10.2020 (MARB)_62b8bfcc.pdf","Healthcare_RAG_Raw\04_NMC\Establishment of Medical College Regulation,(Amendment), 2020 Dated 28.10.2020 (MARB)_62b8bfcc.pdf",https://nmc.org.in/page/rules-regulations-rules-regulations-of-erstwhile-mci-code-of-medical-ethics-regulations-2002,Downloaded
NMC,National Medical Commission,04_NMC,Minimum requirement for 150 admissions,https://nmc.org.in/document-viewer?file=https%3A%2F%2Fnmc.org.in%2FMinimum-Standard-Requirements-for-150-Admissions-1.pdf&title=Minimum%20requirement%20for%20150%20admissions,Minimum requirement for 150 admissions_6f224be1.pdf,Healthcare_RAG_Raw\04_NMC\Minimum requirement for 150 admissions_6f224be1.pdf,https://nmc.org.in/page/rules-regulations-rules-regulations-of-erstwhile-mci-code-of-medical-ethics-regulations-2002,Downloaded
NMC,National Medical Commission,04_NMC,Minimum requirement for 100 admissions,https://nmc.org.in/document-viewer?file=https%3A%2F%2Fnmc.org.in%2FMinimum-Standard-Requirements-for-100-Admissions-2.pdf&title=Minimum%20requirement%20for%20100%20admissions,Minimum requirement for 100 admissions_043a1097.pdf,Healthcare_RAG_Raw\04_NMC\Minimum requirement for 100 admissions_043a1097.pdf,https://nmc.org.in/page/rules-regulations-rules-regulations-of-erstwhile-mci-code-of-medical-ethics-regulations-2002,Downloaded
NMC,National Medical Commission,04_NMC,Minimum requirement for 250 admissions,https://nmc.org.in/document-viewer?file=https%3A%2F%2Fnmc.org.in%2FSTANDARD-FOR-250-1.pdf&title=Minimum%20requirement%20for%20250%20admissions,Minimum requirement for 250 admissions_1b887e74.pdf,Healthcare_RAG_Raw\04_NMC\Minimum requirement for 250 admissions_1b887e74.pdf,https://nmc.org.in/page/rules-regulations-rules-regulations-of-erstwhile-mci-code-of-medical-ethics-regulations-2002,Downloaded
NMC,National Medical Commission,04_NMC,Minimum requirement for 200 admissions,https://nmc.org.in/document-viewer?file=https%3A%2F%2Fnmc.org.in%2FSTANDARD-FOR-200-1.pdf&title=Minimum%20requirement%20for%20200%20admissions,Minimum requirement for 200 admissions_b4c9b349.pdf,Healthcare_RAG_Raw\04_NMC\Minimum requirement for 200 admissions_b4c9b349.pdf,https://nmc.org.in/page/rules-regulations-rules-regulations-of-erstwhile-mci-code-of-medical-ethics-regulations-2002,Downloaded
NMC,National Medical Commission,04_NMC,"Phasewise requirements for LOI, LOP, renewals",https://nmc.org.in/document-viewer?file=https%3A%2F%2Fnmc.org.in%2FLOILOPRenewal-1.pdf&title=Phasewise%20requirements%20for%20LOI%2C%20LOP%2C%20renewals,"Phasewise requirements for LOI, LOP, renewals_f0e8b30b.pdf","Healthcare_RAG_Raw\04_NMC\Phasewise requirements for LOI, LOP, renewals_f0e8b30b.pdf",https://nmc.org.in/page/rules-regulations-rules-regulations-of-erstwhile-mci-code-of-medical-ethics-regulations-2002,Downloaded
NMC,National Medical Commission,04_NMC,CPIO Order,https://nmc.org.in/document-viewer?file=https%3A%2F%2Fnmc.org.in%2FOrder-reg-CPIOs-and-FAAs-in-NMC_0001-2.pdf&title=CPIO%20Order,CPIO Order_083885f2.pdf,Healthcare_RAG_Raw\04_NMC\CPIO Order_083885f2.pdf,https://nmc.org.in/page/rules-regulations-rules-regulations-of-erstwhile-mci-code-of-medical-ethics-regulations-2002,Downloaded
NMC,National Medical Commission,04_NMC,Details of CPIOs and First Appellate Authorities in NMC/Boards,https://nmc.org.in/document-viewer?file=https%3A%2F%2Fnmc.org.in%2FOffice-order-CPIO-transfer-2.pdf&title=Details%20of%20CPIOs%20and%20First%20Appellate%20Authorities%20in%20NMC%2FBoards,Details of CPIOs and First Appellate Authorities in NMC_Boards_13dca7da.pdf,Healthcare_RAG_Raw\04_NMC\Details of CPIOs and First Appellate Authorities in NMC_Boards_13dca7da.pdf,https://nmc.org.in/page/rules-regulations-rules-regulations-of-erstwhile-mci-code-of-medical-ethics-regulations-2002,Downloaded
NMC,National Medical Commission,04_NMC,NMC ANNUAL 2024_25_ENGLISH,https://nmc.org.in/document-viewer?file=https%3A%2F%2Fnmc.org.in%2FAnnual-Report-of-National-Medical-Commision-2024-25-English-version_compressed_compressed_11zon-2.pdf&title=NMC%20ANNUAL%202024_25_ENGLISH,NMC ANNUAL 2024_25_ENGLISH_fd43fb51.pdf,Healthcare_RAG_Raw\04_NMC\NMC ANNUAL 2024_25_ENGLISH_fd43fb51.pdf,https://nmc.org.in/page/rules-regulations-rules-regulations-of-erstwhile-mci-code-of-medical-ethics-regulations-2002,Downloaded
NMC,National Medical Commission,04_NMC,NMC ANNUAL 2024_25_HINDI,https://nmc.org.in/document-viewer?file=https%3A%2F%2Fnmc.org.in%2FAnnual-Report-of-National-Medical-Commission-2024-25-Hindi-version-1.pdf&title=NMC%20ANNUAL%202024_25_HINDI,NMC ANNUAL 2024_25_HINDI_ae4c7872.pdf,Healthcare_RAG_Raw\04_NMC\NMC ANNUAL 2024_25_HINDI_ae4c7872.pdf,https://nmc.org.in/page/rules-regulations-rules-regulations-of-erstwhile-mci-code-of-medical-ethics-regulations-2002,Downloaded
NMC,National Medical Commission,04_NMC,NMC ANNUAL 2023_24_ENGLISH,https://nmc.org.in/document-viewer?file=https%3A%2F%2Fnmc.org.in%2FNMC_ANNUAL_2023_24_ENGLISH-2.pdf&title=NMC%20ANNUAL%202023_24_ENGLISH,NMC ANNUAL 2023_24_ENGLISH_e5cbb50e.pdf,Healthcare_RAG_Raw\04_NMC\NMC ANNUAL 2023_24_ENGLISH_e5cbb50e.pdf,https://nmc.org.in/page/rules-regulations-rules-regulations-of-erstwhile-mci-code-of-medical-ethics-regulations-2002,Downloaded
NMC,National Medical Commission,04_NMC,NMC ANNUAL 2023_24_HINDI,https://nmc.org.in/document-viewer?file=https%3A%2F%2Fnmc.org.in%2FNMC_ANNUAL_2023_24_HINDI-1.pdf&title=NMC%20ANNUAL%202023_24_HINDI,NMC ANNUAL 2023_24_HINDI_7409aed3.pdf,Healthcare_RAG_Raw\04_NMC\NMC ANNUAL 2023_24_HINDI_7409aed3.pdf,https://nmc.org.in/page/rules-regulations-rules-regulations-of-erstwhile-mci-code-of-medical-ethics-regulations-2002,Downloaded
NMC,National Medical Commission,04_NMC,NMC ANNUAL 2022-23_ENGLISH,https://nmc.org.in/document-viewer?file=https%3A%2F%2Fnmc.org.in%2FNMC-ANNUAL-2022-23_ENGLISH_compressed.pdf&title=NMC%20ANNUAL%202022-23_ENGLISH,NMC ANNUAL 2022-23_ENGLISH_98c6f675.pdf,Healthcare_RAG_Raw\04_NMC\NMC ANNUAL 2022-23_ENGLISH_98c6f675.pdf,https://nmc.org.in/page/rules-regulations-rules-regulations-of-erstwhile-mci-code-of-medical-ethics-regulations-2002,Downloaded
NMC,National Medical Commission,04_NMC,NMC ANNUAL 2022-23_HINDI,https://nmc.org.in/document-viewer?file=https%3A%2F%2Fnmc.org.in%2FNMC-ANNUAL-2022-23_HINDI.pdf&title=NMC%20ANNUAL%202022-23_HINDI,NMC ANNUAL 2022-23_HINDI_27b59565.pdf,Healthcare_RAG_Raw\04_NMC\NMC ANNUAL 2022-23_HINDI_27b59565.pdf,https://nmc.org.in/page/rules-regulations-rules-regulations-of-erstwhile-mci-code-of-medical-ethics-regulations-2002,Downloaded
NMC,National Medical Commission,04_NMC,"2. Registration of Medical Practitioners and Licence to Practice Medicine Regulations, 2023 Dated 10.05.2023 (EMRB-Registration)",https://nmc.org.in/storage/cms/rules-regulation-nmc/yU2SAi2t2zlfbXoTSXbrFzYcG8eRMTBsriQyaGPA.pdf,"2. Registration of Medical Practitioners and Licence to Practice Medicine Regulations, 2023 Dated 10.05.2023 (EMRB-Registration)_432310f4.pdf","Healthcare_RAG_Raw\04_NMC\2. Registration of Medical Practitioners and Licence to Practice Medicine Regulations, 2023 Dated 10.05.2023 (EMRB-Registration)_432310f4.pdf",https://nmc.org.in/page/rules-regulations-rules-regulations-nmc,Downloaded
NMC,National Medical Commission,04_NMC,2.3. Public Notice- Guidelines on Temporary Registration 18.01.2024,https://nmc.org.in/storage/cms/rules-regulation-nmc/0p8tXc4KrykzGDfjaBiH6fYIL586iivdZhx94B1f.pdf,2.3. Public Notice- Guidelines on Temporary Registration 18.01.2024_03cc8bb2.pdf,Healthcare_RAG_Raw\04_NMC\2.3. Public Notice- Guidelines on Temporary Registration 18.01.2024_03cc8bb2.pdf,https://nmc.org.in/page/rules-regulations-rules-regulations-nmc,Downloaded
NMC,National Medical Commission,04_NMC,"1. Establishment of Medical institutions, Assessment & Rating Regulations, 2023 Dated 02.06.2023 (MARB)",https://nmc.org.in/storage/cms/rules-regulation-nmc/c6KkbHyyypfxdX7qIv5FRGDWbZ95iK24bcljqUlR.pdf,"1. Establishment of Medical institutions, Assessment & Rating Regulations, 2023 Dated 02.06.2023 (MARB)_f98aae0c.pdf","Healthcare_RAG_Raw\04_NMC\1. Establishment of Medical institutions, Assessment & Rating Regulations, 2023 Dated 02.06.2023 (MARB)_f98aae0c.pdf",https://nmc.org.in/page/rules-regulations-rules-regulations-nmc,Downloaded
NMC,National Medical Commission,04_NMC,"1. NMC, National Exit Test Regulations, 2023 Dated 27.06.2023 (NMC)",https://nmc.org.in/storage/cms/rules-regulation-nmc/WCV2WyMwAKXFRrCK5DjIdFUQ1Y5qTgZOoB8lURQX.pdf,"1. NMC, National Exit Test Regulations, 2023 Dated 27.06.2023 (NMC)_813d4b3b.pdf","Healthcare_RAG_Raw\04_NMC\1. NMC, National Exit Test Regulations, 2023 Dated 27.06.2023 (NMC)_813d4b3b.pdf",https://nmc.org.in/page/rules-regulations-rules-regulations-nmc,Downloaded
NMC,National Medical Commission,04_NMC,1.1 Public Notice on NExT Dated 13.07.2023 Deferring the NExT Examination,https://nmc.org.in/storage/cms/rules-regulation-nmc/St3HZdCApLritNHkt2kYvveP5SmsodlCoj2I0e0K.pdf,1.1 Public Notice on NExT Dated 13.07.2023 Deferring the NExT Examination_d3bb999b.pdf,Healthcare_RAG_Raw\04_NMC\1.1 Public Notice on NExT Dated 13.07.2023 Deferring the NExT Examination_d3bb999b.pdf,https://nmc.org.in/page/rules-regulations-rules-regulations-nmc,Downloaded
NMC,National Medical Commission,04_NMC,2. Recruitment Rules for 38 Posts Sanctioned for NMC Dated 26.11.2021 (NMC),https://nmc.org.in/storage/cms/rules-regulation-nmc/jUXPSK4C9t4BB47botJGkhaqyBbkWDMWB8y3oe2L.pdf,2. Recruitment Rules for 38 Posts Sanctioned for NMC Dated 26.11.2021 (NMC)_3a6f6f11.pdf,Healthcare_RAG_Raw\04_NMC\2. Recruitment Rules for 38 Posts Sanctioned for NMC Dated 26.11.2021 (NMC)_3a6f6f11.pdf,https://nmc.org.in/page/rules-regulations-rules-regulations-nmc,Downloaded
NMC,National Medical Commission,04_NMC,2.1. Processing of application of Temporary Registration to the foreign medical practitioners sponsored by any Institute Hospital in the country 31.08.2024,https://nmc.org.in/storage/cms/rules-regulation-nmc/o67fwyKJjRIJ2zLukPlJjqffWfj5aF3opCDVaIlu.pdf,2.1. Processing of application of Temporary Registration to the foreign medical practitioners sponsored by any Institute Hospital in the country 31.08.2024_f20ca040.pdf,Healthcare_RAG_Raw\04_NMC\2.1. Processing of application of Temporary Registration to the foreign medical practitioners sponsored by any Institute Hospital in the country 31.08.2024_f20ca040.pdf,https://nmc.org.in/page/rules-regulations-rules-regulations-nmc,FAILED: [Errno 2] No such file or directory: 'Healthcare_RAG_Raw\\04_NMC\\2.1. Processing of application of Temporary Registration to the foreign medical practitioners sponsored by any Institute Hospital in the country 31.08.2024_f20ca040.pdf'
NMC,National Medical Commission,04_NMC,1.1 National Medical Commission Registered Medical Practioner (Professional Conduct) (Amendmend) Regulation 2023 Dated 23.08.2023- Amendment Notification Keeping Regulation Dated 02.08.2023 in Abeyance,https://nmc.org.in/storage/cms/rules-regulation-nmc/KEpwkMzgUwYNR49OrJaqvLcIpeytGPg7XGcorhTg.pdf,1.1 National Medical Commission Registered Medical Practioner (Professional Conduct) (Amendmend) Regulation 2023 Dated 23.08.2023- Amendment Notification Keeping Regulation Dated 02.08.2023 in Abeyance_74378632.pdf,Healthcare_RAG_Raw\04_NMC\1.1 National Medical Commission Registered Medical Practioner (Professional Conduct) (Amendmend) Regulation 2023 Dated 23.08.2023- Amendment Notification Keeping Regulation Dated 02.08.2023 in Abeyance_74378632.pdf,https://nmc.org.in/page/rules-regulations-rules-regulations-nmc,FAILED: [Errno 2] No such file or directory: 'Healthcare_RAG_Raw\\04_NMC\\1.1 National Medical Commission Registered Medical Practioner (Professional Conduct) (Amendmend) Regulation 2023 Dated 23.08.2023- Amendment Notification Keeping Regulation Dated 02.08.2023 in Abeyance_74378632.pdf'
NMC,National Medical Commission,04_NMC,"2.2. Advisory - Processing of application of Temporary Registration to the foreign medical practitioners sponsored by any Institute,Hospital in the country- dated 23.08.2023",https://nmc.org.in/storage/cms/rules-regulation-nmc/nzyjp7JUGsKuXhSHnhNzeCvHNnaiXciXeusaiHr9.pdf,"2.2. Advisory - Processing of application of Temporary Registration to the foreign medical practitioners sponsored by any Institute,Hospital in the country- dated 23.08.2023_20feed87.pdf","Healthcare_RAG_Raw\04_NMC\2.2. Advisory - Processing of application of Temporary Registration to the foreign medical practitioners sponsored by any Institute,Hospital in the country- dated 23.08.2023_20feed87.pdf",https://nmc.org.in/page/rules-regulations-rules-regulations-nmc,"FAILED: [Errno 2] No such file or directory: 'Healthcare_RAG_Raw\\04_NMC\\2.2. Advisory - Processing of application of Temporary Registration to the foreign medical practitioners sponsored by any Institute,Hospital in the country- dated 23.08.2023_20feed87.pdf'"
NMC,National Medical Commission,04_NMC,"1. National Medical Commission Registered Medical Practitioner (Professional Conduct) Regulations, 2023- reg Dated 02.08.2023 (EMRB - ETHICS).",https://nmc.org.in/storage/cms/rules-regulation-nmc/do5GahELoz4cmMVrnbHsBATwu0LhtoPk3WtPztwE.pdf,"1. National Medical Commission Registered Medical Practitioner (Professional Conduct) Regulations, 2023- reg Dated 02.08.2023 (EMRB - ETHICS)_d35e4a72.pdf","Healthcare_RAG_Raw\04_NMC\1. National Medical Commission Registered Medical Practitioner (Professional Conduct) Regulations, 2023- reg Dated 02.08.2023 (EMRB - ETHICS)_d35e4a72.pdf",https://nmc.org.in/page/rules-regulations-rules-regulations-nmc,"FAILED: [Errno 2] No such file or directory: 'Healthcare_RAG_Raw\\04_NMC\\1. National Medical Commission Registered Medical Practitioner (Professional Conduct) Regulations, 2023- reg Dated 02.08.2023 (EMRB - ETHICS)_d35e4a72.pdf'"
NMC,National Medical Commission,04_NMC,1.1 Public Notice_FAQ_merged dated 28.10.2025,https://nmc.org.in/storage/cms/rules-regulation-nmc/iFB9GIjrd5y98IADDnFGyTzqgguiEYO5HI37Jh6L.pdf,1.1 Public Notice_FAQ_merged dated 28.10.2025_42107b27.pdf,Healthcare_RAG_Raw\04_NMC\1.1 Public Notice_FAQ_merged dated 28.10.2025_42107b27.pdf,https://nmc.org.in/page/rules-regulations-rules-regulations-nmc,Downloaded
NMC,National Medical Commission,04_NMC,"1. Medical Institutions (Qualification of Faculty)Regulation, 2025 dated 30.06.2025 (PGMEB)",https://nmc.org.in/storage/cms/rules-regulation-nmc/QZSDeGu7WXS9MMI0dL5ZR1EbS48kLaFbvMTpww2B.pdf,"1. Medical Institutions (Qualification of Faculty)Regulation, 2025 dated 30.06.2025 (PGMEB)_d4f91ed3.pdf","Healthcare_RAG_Raw\04_NMC\1. Medical Institutions (Qualification of Faculty)Regulation, 2025 dated 30.06.2025 (PGMEB)_d4f91ed3.pdf",https://nmc.org.in/page/rules-regulations-rules-regulations-nmc,Downloaded
NMC,National Medical Commission,04_NMC,"2. Post-Graduate Medical Education Regulations, 2023 dated 29.12.2023 (PGMEB)",https://nmc.org.in/storage/cms/rules-regulation-nmc/V2DvjM4NiDLYroNAyPmg0KK95sLUTMnWbjTdcDO2.pdf,"2. Post-Graduate Medical Education Regulations, 2023 dated 29.12.2023 (PGMEB)_ea7e9773.pdf","Healthcare_RAG_Raw\04_NMC\2. Post-Graduate Medical Education Regulations, 2023 dated 29.12.2023 (PGMEB)_ea7e9773.pdf",https://nmc.org.in/page/rules-regulations-rules-regulations-nmc,Downloaded
NMC,National Medical Commission,04_NMC,2.1. FAQs on PGMER-2023 dated 10.04.2024,https://nmc.org.in/storage/cms/rules-regulation-nmc/eWShKnF8Vo2tv6sI1Z5Nkv2G5d1rTGZeCNtCkpGj.pdf,2.1. FAQs on PGMER-2023 dated 10.04.2024_3024dcc0.pdf,Healthcare_RAG_Raw\04_NMC\2.1. FAQs on PGMER-2023 dated 10.04.2024_3024dcc0.pdf,https://nmc.org.in/page/rules-regulations-rules-regulations-nmc,Downloaded
NMC,National Medical Commission,04_NMC,"3. National Medical Commission (Recognition of Medical Qualification) Regulations, 2023 Dated 29.12.2023 (PGMEB)",https://nmc.org.in/storage/cms/rules-regulation-nmc/9swVHFlccXINaJjtLmg6EUIHS7zLq2FazMFBZGAk.pdf,"3. National Medical Commission (Recognition of Medical Qualification) Regulations, 2023 Dated 29.12.2023 (PGMEB)_680ebed9.pdf","Healthcare_RAG_Raw\04_NMC\3. National Medical Commission (Recognition of Medical Qualification) Regulations, 2023 Dated 29.12.2023 (PGMEB)_680ebed9.pdf",https://nmc.org.in/page/rules-regulations-rules-regulations-nmc,Downloaded
NMC,National Medical Commission,04_NMC,3.1. FAQs on Recognition Regulation 2023 dated 05.01.2024,https://nmc.org.in/storage/cms/rules-regulation-nmc/HoMeYRMw6xcoyvIcF0xsoffiIeULxM38GXOTk7yZ.pdf,3.1. FAQs on Recognition Regulation 2023 dated 05.01.2024_637a257a.pdf,Healthcare_RAG_Raw\04_NMC\3.1. FAQs on Recognition Regulation 2023 dated 05.01.2024_637a257a.pdf,https://nmc.org.in/page/rules-regulations-rules-regulations-nmc,Downloaded
NMC,National Medical Commission,04_NMC,"4. Maintenance of standards of Medical Education Regulation, 2023 dated 19.09.2023 (PGMEB)",https://nmc.org.in/storage/cms/rules-regulation-nmc/y5UgafKqf54NYesTb76kwm6MlwFfVn6NDB0R4ZFT.pdf,"4. Maintenance of standards of Medical Education Regulation, 2023 dated 19.09.2023 (PGMEB)_923ddd9d.pdf","Healthcare_RAG_Raw\04_NMC\4. Maintenance of standards of Medical Education Regulation, 2023 dated 19.09.2023 (PGMEB)_923ddd9d.pdf",https://nmc.org.in/page/rules-regulations-rules-regulations-nmc,Downloaded
NMC,National Medical Commission,04_NMC,4.1 RevisedSR-2024 dated 23.08.2024,https://nmc.org.in/storage/cms/rules-regulation-nmc/wjR0v4YimW5NTpLuGO4Ixq1XkmCrA7Yd9bqsVpbH.pdf,4.1 RevisedSR-2024 dated 23.08.2024_2c881de5.pdf,Healthcare_RAG_Raw\04_NMC\4.1 RevisedSR-2024 dated 23.08.2024_2c881de5.pdf,https://nmc.org.in/page/rules-regulations-rules-regulations-nmc,Downloaded
NMC,National Medical Commission,04_NMC,"4.2. FAQ on MSMER, 2023 dated 05.01.2024",https://nmc.org.in/storage/cms/rules-regulation-nmc/Tyk9J85vwoU2xStOh4QNvQLueFLZGH6O85HwPqX6.pdf,"4.2. FAQ on MSMER, 2023 dated 05.01.2024_ff587aa2.pdf","Healthcare_RAG_Raw\04_NMC\4.2. FAQ on MSMER, 2023 dated 05.01.2024_ff587aa2.pdf",https://nmc.org.in/page/rules-regulations-rules-regulations-nmc,Downloaded
NMC,National Medical Commission,04_NMC,4.3. Minimum Standard of Requirements for Post-Graduate Courses 2023 dated 15.01.2024,https://nmc.org.in/storage/cms/rules-regulation-nmc/NtDRUonQxfCn8irHV6nI1yUdvVlHFzsVGgva0N6r.pdf,4.3. Minimum Standard of Requirements for Post-Graduate Courses 2023 dated 15.01.2024_18044ae4.pdf,Healthcare_RAG_Raw\04_NMC\4.3. Minimum Standard of Requirements for Post-Graduate Courses 2023 dated 15.01.2024_18044ae4.pdf,https://nmc.org.in/page/rules-regulations-rules-regulations-nmc,Downloaded
NMC,National Medical Commission,04_NMC,"5. Teachers Eligibility Qualification in Medical Institutions Regulations, 2022 Dated 14.02.2022 (PGMEB)",https://nmc.org.in/storage/cms/rules-regulation-nmc/YTXtXo4jg8rF1oti1OoeyStBhePAQ5NoS3qVE16H.pdf,"5. Teachers Eligibility Qualification in Medical Institutions Regulations, 2022 Dated 14.02.2022 (PGMEB)_d59eaed5.pdf","Healthcare_RAG_Raw\04_NMC\5. Teachers Eligibility Qualification in Medical Institutions Regulations, 2022 Dated 14.02.2022 (PGMEB)_d59eaed5.pdf",https://nmc.org.in/page/rules-regulations-rules-regulations-nmc,Downloaded
NMC,National Medical Commission,04_NMC,5.1. Public Notice regarding Proposed Draft for Amendment in TEQ Regulations dated 02.11.2022,https://nmc.org.in/storage/cms/rules-regulation-nmc/2UINx0Mor4iOnZcIbQlqRO6kUQKNPQcEAJsw48cq.pdf,5.1. Public Notice regarding Proposed Draft for Amendment in TEQ Regulations dated 02.11.2022_4382c857.pdf,Healthcare_RAG_Raw\04_NMC\5.1. Public Notice regarding Proposed Draft for Amendment in TEQ Regulations dated 02.11.2022_4382c857.pdf,https://nmc.org.in/page/rules-regulations-rules-regulations-nmc,Downloaded
NMC,National Medical Commission,04_NMC,5.2. TEQ Amendment Notification dated 31.03.2023,https://nmc.org.in/storage/cms/rules-regulation-nmc/7aPcSnBjnvyGDkepDXfcPxXMSt1b8MFbYjN4qO7r.pdf,5.2. TEQ Amendment Notification dated 31.03.2023_998fc05a.pdf,Healthcare_RAG_Raw\04_NMC\5.2. TEQ Amendment Notification dated 31.03.2023_998fc05a.pdf,https://nmc.org.in/page/rules-regulations-rules-regulations-nmc,Downloaded
NMC,National Medical Commission,04_NMC,"2. Graduate Medical Education Regulations, 2023 Dated 02.06.2023 (UGMEB)",https://nmc.org.in/storage/cms/rules-regulation-nmc/G83KmfBTvRKFfp99s6Vvjuuw3gJ7WM2ZP28Z3Zhk.pdf,"2. Graduate Medical Education Regulations, 2023 Dated 02.06.2023 (UGMEB)_66c0d104.pdf","Healthcare_RAG_Raw\04_NMC\2. Graduate Medical Education Regulations, 2023 Dated 02.06.2023 (UGMEB)_66c0d104.pdf",https://nmc.org.in/page/rules-regulations-rules-regulations-nmc,Downloaded
NMC,National Medical Commission,04_NMC,"2.a. Graduate Medical Education Regulations, 2023 Amendment-Notification Dated 16.06.2023",https://nmc.org.in/storage/cms/rules-regulation-nmc/QwhpGdAJfo2yFLcbox9qHeAAJ4ZVhjAxq2CU2YlG.pdf,"2.a. Graduate Medical Education Regulations, 2023 Amendment-Notification Dated 16.06.2023_63a32fe9.pdf","Healthcare_RAG_Raw\04_NMC\2.a. Graduate Medical Education Regulations, 2023 Amendment-Notification Dated 16.06.2023_63a32fe9.pdf",https://nmc.org.in/page/rules-regulations-rules-regulations-nmc,Downloaded
NMC,National Medical Commission,04_NMC,2.1.a. Amendment Notification in UGMSR 2023 Guideline Dated 02.07.2025,https://nmc.org.in/storage/cms/rules-regulation-nmc/s06YySkpZ3WUITrhnbN4e7bWnNq7Ypy6Zl6WLUdC.pdf,2.1.a. Amendment Notification in UGMSR 2023 Guideline Dated 02.07.2025_0e672b18.pdf,Healthcare_RAG_Raw\04_NMC\2.1.a. Amendment Notification in UGMSR 2023 Guideline Dated 02.07.2025_0e672b18.pdf,https://nmc.org.in/page/rules-regulations-rules-regulations-nmc,Downloaded
NMC,National Medical Commission,04_NMC,2.1.b. Amendment Notification in UGMSR 2023 Guideline Dated 23.04.2026.,https://nmc.org.in/storage/cms/rules-regulation-nmc/TmpwUIOPmX9ZyKZrh2KCeXvijIvO4A7IrYlspvwW.pdf,2.1.b. Amendment Notification in UGMSR 2023 Guideline Dated 23.04.2026_6a518c83.pdf,Healthcare_RAG_Raw\04_NMC\2.1.b. Amendment Notification in UGMSR 2023 Guideline Dated 23.04.2026_6a518c83.pdf,https://nmc.org.in/page/rules-regulations-rules-regulations-nmc,Downloaded
NMC,National Medical Commission,04_NMC,2.2.a.Corrigendum CBME Curriculum dated 01.09.2023,https://nmc.org.in/storage/cms/rules-regulation-nmc/SpW095fkMtG95WVSBndUT4hvbIDJZP5cwvXqKmIS.pdf,2.2.a.Corrigendum CBME Curriculum dated 01.09.2023_170c4e2f.pdf,Healthcare_RAG_Raw\04_NMC\2.2.a.Corrigendum CBME Curriculum dated 01.09.2023_170c4e2f.pdf,https://nmc.org.in/page/rules-regulations-rules-regulations-nmc,Downloaded
NMC,National Medical Commission,04_NMC,2.2.Competency Based Medical Education (CBME) Guideline dated 01.08.2023,https://nmc.org.in/storage/cms/rules-regulation-nmc/cFsc3VXVrfiWx8to0tPF8J5bKFLI9XIXfDaM0Vwl.pdf,2.2.Competency Based Medical Education (CBME) Guideline dated 01.08.2023_79584888.pdf,Healthcare_RAG_Raw\04_NMC\2.2.Competency Based Medical Education (CBME) Guideline dated 01.08.2023_79584888.pdf,https://nmc.org.in/page/rules-regulations-rules-regulations-nmc,Downloaded
NMC,National Medical Commission,04_NMC,2.2.b.Corrigendum CBME Curriculum dated 03.10.2023,https://nmc.org.in/storage/cms/rules-regulation-nmc/r8U7pPMcaKiy3zeTECKFWDBdi9qB0G0tDVwcyIP8.pdf,2.2.b.Corrigendum CBME Curriculum dated 03.10.2023_6576deb3.pdf,Healthcare_RAG_Raw\04_NMC\2.2.b.Corrigendum CBME Curriculum dated 03.10.2023_6576deb3.pdf,https://nmc.org.in/page/rules-regulations-rules-regulations-nmc,Downloaded
NMC,National Medical Commission,04_NMC,"2.3.a. Additional clarification on CBME Guideline, 2024 published on 12.09.2024 dated 10.10.2024",https://nmc.org.in/storage/cms/rules-regulation-nmc/fzR5SHdI5dNhLCPbGWQNS6WhYGVohp8FRY7AWh7t.pdf,"2.3.a. Additional clarification on CBME Guideline, 2024 published on 12.09.2024 dated 10.10.2024_3e8f956c.pdf","Healthcare_RAG_Raw\04_NMC\2.3.a. Additional clarification on CBME Guideline, 2024 published on 12.09.2024 dated 10.10.2024_3e8f956c.pdf",https://nmc.org.in/page/rules-regulations-rules-regulations-nmc,Downloaded
NMC,National Medical Commission,04_NMC,2.3.Competency Based Medical Education (CBME) Curriculum 2024 dated 12.09.2024,https://nmc.org.in/storage/cms/rules-regulation-nmc/YTW423v3EsCFdtPv3I5qZkaNNhuXfub42UZITDRM.pdf,2.3.Competency Based Medical Education (CBME) Curriculum 2024 dated 12.09.2024_14a5ab3b.pdf,Healthcare_RAG_Raw\04_NMC\2.3.Competency Based Medical Education (CBME) Curriculum 2024 dated 12.09.2024_14a5ab3b.pdf,https://nmc.org.in/page/rules-regulations-rules-regulations-nmc,Downloaded
NMC,National Medical Commission,04_NMC,3. Prevention and Prohibition of Ragging in Medical College and Institutions Regulations 2021 Dated 18.11.2021 (UGMEB),https://nmc.org.in/storage/cms/rules-regulation-nmc/6uSC3DNHUhlSPZXJjIu4V22MeytHvLlL4apndq45.pdf,3. Prevention and Prohibition of Ragging in Medical College and Institutions Regulations 2021 Dated 18.11.2021 (UGMEB)_f7c0ccd0.pdf,Healthcare_RAG_Raw\04_NMC\3. Prevention and Prohibition of Ragging in Medical College and Institutions Regulations 2021 Dated 18.11.2021 (UGMEB)_f7c0ccd0.pdf,https://nmc.org.in/page/rules-regulations-rules-regulations-nmc,Downloaded
NMC,National Medical Commission,04_NMC,4. Compulsory Rotating Medical Internship Regulations 2021 Dated 18.11.2021 (UGMEB),https://nmc.org.in/storage/cms/rules-regulation-nmc/Lpv9Va5WsAzpQmISmwAMWmsefK2nOEroAdNZkVJC.pdf,4. Compulsory Rotating Medical Internship Regulations 2021 Dated 18.11.2021 (UGMEB)_8d39a5ab.pdf,Healthcare_RAG_Raw\04_NMC\4. Compulsory Rotating Medical Internship Regulations 2021 Dated 18.11.2021 (UGMEB)_8d39a5ab.pdf,https://nmc.org.in/page/rules-regulations-rules-regulations-nmc,Downloaded
NMC,National Medical Commission,04_NMC,5. Foreign Medical Graduate Licentiate Regulations 2021 Dated 18.11.2021 (UGMEB),https://nmc.org.in/storage/cms/rules-regulation-nmc/22bEhC9b9MY6TgjvDdFheBsyRYp8Hdj1K0gHsOjD.pdf,5. Foreign Medical Graduate Licentiate Regulations 2021 Dated 18.11.2021 (UGMEB)_be88c387.pdf,Healthcare_RAG_Raw\04_NMC\5. Foreign Medical Graduate Licentiate Regulations 2021 Dated 18.11.2021 (UGMEB)_be88c387.pdf,https://nmc.org.in/page/rules-regulations-rules-regulations-nmc,Downloaded
NMC,National Medical Commission,04_NMC,"5.1 Frequently Asked Questions dated 08th June, 2026",https://nmc.org.in/storage/cms/rules-regulation-nmc/mCMboVaMMdlR8sYWcwwnwPlpzIoRvKHWVomoWGmo.pdf,"5.1 Frequently Asked Questions dated 08th June, 2026_a5184c53.pdf","Healthcare_RAG_Raw\04_NMC\5.1 Frequently Asked Questions dated 08th June, 2026_a5184c53.pdf",https://nmc.org.in/page/rules-regulations-rules-regulations-nmc,Downloaded
NMC,National Medical Commission,04_NMC,"5.2 Frequently Asked Questions on FMGL Regulations dated 22nd February, 2022",https://nmc.org.in/storage/cms/rules-regulation-nmc/yFQCJ2Bf9yZU5zBfLCNUFIFG2E3optNdIAQfas9Z.pdf,"5.2 Frequently Asked Questions on FMGL Regulations dated 22nd February, 2022_f9ad1c9d.pdf","Healthcare_RAG_Raw\04_NMC\5.2 Frequently Asked Questions on FMGL Regulations dated 22nd February, 2022_f9ad1c9d.pdf",https://nmc.org.in/page/rules-regulations-rules-regulations-nmc,Downloaded
NMC,National Medical Commission,04_NMC,Click Here To View This Regulation,https://nmc.org.in/storage/cms/Ethics-Regulations-2002.pdf,Click Here To View This Regulation_0e21152e.pdf,Healthcare_RAG_Raw\04_NMC\Click Here To View This Regulation_0e21152e.pdf,https://nmc.org.in/page/rules-regulations-rules-regulations-of-erstwhile-mci-code-of-medical-ethics-regulations-2002,Downloaded
NMC,National Medical Commission,04_NMC,"5.3 Frequently Asked Questions on Screening Test Regulations dated 22nd February, 2022",https://nmc.org.in/storage/cms/rules-regulation-nmc/4rcYmolXQVOo0WCXmyFm9H3QPAFoqqth7JfQwgPe.pdf,"5.3 Frequently Asked Questions on Screening Test Regulations dated 22nd February, 2022_5402c0f1.pdf","Healthcare_RAG_Raw\04_NMC\5.3 Frequently Asked Questions on Screening Test Regulations dated 22nd February, 2022_5402c0f1.pdf",https://nmc.org.in/page/rules-regulations-rules-regulations-nmc,Downloaded
NMC,National Medical Commission,04_NMC,1. Interim Guidelines on assessment method for granting admission in MBBS Course for PwBD Candidates for A.Y. 2025 to 26 dated 19.07.2025 (UGMEB),https://nmc.org.in/storage/cms/rules-regulation-nmc/jZVZXE6Ckm7GWp9mv4cn0xEsv3t91EBm5Bgbw28P.pdf,1. Interim Guidelines on assessment method for granting admission in MBBS Course for PwBD Candidates for A.Y. 2025 to 26 dated 19.07.2025 (UGMEB)_c3a43b53.pdf,Healthcare_RAG_Raw\04_NMC\1. Interim Guidelines on assessment method for granting admission in MBBS Course for PwBD Candidates for A.Y. 2025 to 26 dated 19.07.2025 (UGMEB)_c3a43b53.pdf,https://nmc.org.in/page/rules-regulations-rules-regulations-nmc,FAILED: [Errno 2] No such file or directory: 'Healthcare_RAG_Raw\\04_NMC\\1. Interim Guidelines on assessment method for granting admission in MBBS Course for PwBD Candidates for A.Y. 2025 to 26 dated 19.07.2025 (UGMEB)_c3a43b53.pdf'
NMC,National Medical Commission,04_NMC,"2.1. National Medical Commission (Minimum Standard Requirments) for Under Graduate Courses (Under Establishment of New Medical institutions, starting of New Medical Courses, Increase of seats in MBBS) Guidelines, 2023-reg Dated 16.08.2023",https://nmc.org.in/storage/cms/rules-regulation-nmc/EsC1D3C4pllbq186EDqZxfN01cHjDZdOAXAK1Bea.pdf,"2.1. National Medical Commission (Minimum Standard Requirments) for Under Graduate Courses (Under Establishment of New Medical institutions, starting of New Medical Courses, Increase of seats in MBBS) Guidelines, 2023-reg Dated 16.08.2023_567146e6.pdf","Healthcare_RAG_Raw\04_NMC\2.1. National Medical Commission (Minimum Standard Requirments) for Under Graduate Courses (Under Establishment of New Medical institutions, starting of New Medical Courses, Increase of seats in MBBS) Guidelines, 2023-reg Dated 16.08.2023_567146e6.pdf",https://nmc.org.in/page/rules-regulations-rules-regulations-nmc,"FAILED: [Errno 2] No such file or directory: 'Healthcare_RAG_Raw\\04_NMC\\2.1. National Medical Commission (Minimum Standard Requirments) for Under Graduate Courses (Under Establishment of New Medical institutions, starting of New Medical Courses, Increase of seats in MBBS) Guidelines, 2023-reg Dated 16.08.2023_567146e6.pdf'"
Clinical_Establishments,Ministry of Health and Family Welfare,02_Clinical_Establishments,Guidelines for Management of Epilepsy in India,http://www.clinicalestablishments.gov.in/WriteReadData/epilepsy-guidelines.pdf,Guidelines for Management of Epilepsy in India_60e93f49.pdf,Healthcare_RAG_Raw\02_Clinical_Establishments\Guidelines for Management of Epilepsy in India_60e93f49.pdf,https://clinicalestablishments.mohfw.gov.in/en/standard-treatment-guidelines,"FAILED: HTTPConnectionPool(host='www.clinicalestablishments.gov.in', port=80): Max retries exceeded with url: /WriteReadData/epilepsy-guidelines.pdf (Caused by ConnectTimeoutError(<HTTPConnection(host='www.clinicalestablishments.gov.in', port=80) at 0x1f6aee8f1d0>, 'Connection to www.clinicalestablishments.gov.in timed out. (connect timeout=90)'))"
Ayushman_Arogya_Mandir,Ministry of Health and Family Welfare,07_MoHFW_Primary_Healthcare,45a4ab64b74ab124cfd853ec9a0127e4.pdf,https://aam.mohfw.gov.in/download/document/45a4ab64b74ab124cfd853ec9a0127e4.pdf,45a4ab64b74ab124cfd853ec9a0127e4_88505f99.pdf,Healthcare_RAG_Raw\07_MoHFW_Primary_Healthcare\45a4ab64b74ab124cfd853ec9a0127e4_88505f99.pdf,https://aam.mohfw.gov.in/document/6,Downloaded
Telemedicine,Ministry of Health and Family Welfare,05_Telemedicine,Telemedicine_Practice_Guidelines.pdf,https://esanjeevani.mohfw.gov.in/assets/guidelines/Telemedicine_Practice_Guidelines.pdf,Telemedicine_Practice_Guidelines_1e67ab72.pdf,Healthcare_RAG_Raw\05_Telemedicine\Telemedicine_Practice_Guidelines_1e67ab72.pdf,https://esanjeevani.mohfw.gov.in/assets/guidelines/Telemedicine_Practice_Guidelines.pdf,Downloaded
Ayushman_Arogya_Mandir,Ministry of Health and Family Welfare,07_MoHFW_Primary_Healthcare,ac403676f3b66475ba027e70b06b1a7c.pdf,https://aam.mohfw.gov.in/download/document/ac403676f3b66475ba027e70b06b1a7c.pdf,ac403676f3b66475ba027e70b06b1a7c_3b77f427.pdf,Healthcare_RAG_Raw\07_MoHFW_Primary_Healthcare\ac403676f3b66475ba027e70b06b1a7c_3b77f427.pdf,https://aam.mohfw.gov.in/document/6,Downloaded
Ayushman_Arogya_Mandir,Ministry of Health and Family Welfare,07_MoHFW_Primary_Healthcare,263f3ca26df87dc44b7687c1b9cf0c15.pdf,https://aam.mohfw.gov.in/download/document/263f3ca26df87dc44b7687c1b9cf0c15.pdf,263f3ca26df87dc44b7687c1b9cf0c15_21bd516c.pdf,Healthcare_RAG_Raw\07_MoHFW_Primary_Healthcare\263f3ca26df87dc44b7687c1b9cf0c15_21bd516c.pdf,https://aam.mohfw.gov.in/document/6,Downloaded
Ayushman_Arogya_Mandir,Ministry of Health and Family Welfare,07_MoHFW_Primary_Healthcare,47c15fa0edba7559a0773830a712894a.pdf,https://aam.mohfw.gov.in/download/document/47c15fa0edba7559a0773830a712894a.pdf,47c15fa0edba7559a0773830a712894a_c7e5e4b9.pdf,Healthcare_RAG_Raw\07_MoHFW_Primary_Healthcare\47c15fa0edba7559a0773830a712894a_c7e5e4b9.pdf,https://aam.mohfw.gov.in/document/6,Downloaded
Ayushman_Arogya_Mandir,Ministry of Health and Family Welfare,07_MoHFW_Primary_Healthcare,b09f1edf31a9165aebf486a55bbe54f5.pdf,https://aam.mohfw.gov.in/download/document/b09f1edf31a9165aebf486a55bbe54f5.pdf,b09f1edf31a9165aebf486a55bbe54f5_227c75f0.pdf,Healthcare_RAG_Raw\07_MoHFW_Primary_Healthcare\b09f1edf31a9165aebf486a55bbe54f5_227c75f0.pdf,https://aam.mohfw.gov.in/document/6,Downloaded
Ayushman_Arogya_Mandir,Ministry of Health and Family Welfare,07_MoHFW_Primary_Healthcare,829bf86e304132dfae9962855c57dcd8.pdf,https://aam.mohfw.gov.in/download/document/829bf86e304132dfae9962855c57dcd8.pdf,829bf86e304132dfae9962855c57dcd8_204ecd23.pdf,Healthcare_RAG_Raw\07_MoHFW_Primary_Healthcare\829bf86e304132dfae9962855c57dcd8_204ecd23.pdf,https://aam.mohfw.gov.in/document/6,Downloaded
Ayushman_Arogya_Mandir,Ministry of Health and Family Welfare,07_MoHFW_Primary_Healthcare,c605f3d8993c1ea43937354a8970d104.pdf,https://aam.mohfw.gov.in/download/document/c605f3d8993c1ea43937354a8970d104.pdf,c605f3d8993c1ea43937354a8970d104_274e13d8.pdf,Healthcare_RAG_Raw\07_MoHFW_Primary_Healthcare\c605f3d8993c1ea43937354a8970d104_274e13d8.pdf,https://aam.mohfw.gov.in/document/6,Downloaded
Ayushman_Arogya_Mandir,Ministry of Health and Family Welfare,07_MoHFW_Primary_Healthcare,73f6292ba65a28d63c70b4d836896318.pdf,https://aam.mohfw.gov.in/download/document/73f6292ba65a28d63c70b4d836896318.pdf,73f6292ba65a28d63c70b4d836896318_b814dd9d.pdf,Healthcare_RAG_Raw\07_MoHFW_Primary_Healthcare\73f6292ba65a28d63c70b4d836896318_b814dd9d.pdf,https://aam.mohfw.gov.in/document/6,Downloaded
Ayushman_Arogya_Mandir,Ministry of Health and Family Welfare,07_MoHFW_Primary_Healthcare,47b077f6bfcded85af8bf2f319136186.pdf,https://aam.mohfw.gov.in/download/document/47b077f6bfcded85af8bf2f319136186.pdf,47b077f6bfcded85af8bf2f319136186_de39ae86.pdf,Healthcare_RAG_Raw\07_MoHFW_Primary_Healthcare\47b077f6bfcded85af8bf2f319136186_de39ae86.pdf,https://aam.mohfw.gov.in/document/6,Downloaded
Ayushman_Arogya_Mandir,Ministry of Health and Family Welfare,07_MoHFW_Primary_Healthcare,ecc507d177d47211fab41162b1f21271.pdf,https://aam.mohfw.gov.in/download/document/ecc507d177d47211fab41162b1f21271.pdf,ecc507d177d47211fab41162b1f21271_776c1ab0.pdf,Healthcare_RAG_Raw\07_MoHFW_Primary_Healthcare\ecc507d177d47211fab41162b1f21271_776c1ab0.pdf,https://aam.mohfw.gov.in/document/6,Downloaded
Ayushman_Arogya_Mandir,Ministry of Health and Family Welfare,07_MoHFW_Primary_Healthcare,6381b33c4d25c4363679438afea500af.pdf,https://aam.mohfw.gov.in/download/document/6381b33c4d25c4363679438afea500af.pdf,6381b33c4d25c4363679438afea500af_c583d416.pdf,Healthcare_RAG_Raw\07_MoHFW_Primary_Healthcare\6381b33c4d25c4363679438afea500af_c583d416.pdf,https://aam.mohfw.gov.in/document/6,Downloaded
Ayushman_Arogya_Mandir,Ministry of Health and Family Welfare,07_MoHFW_Primary_Healthcare,Oral_Health_(Inner)-_Brown_(FINAL).pdf,https://aam.mohfw.gov.in/download/document/Oral_Health_(Inner)-_Brown_(FINAL).pdf,Oral_Health_(Inner)-_Brown_(FINAL)_92f104ec.pdf,Healthcare_RAG_Raw\07_MoHFW_Primary_Healthcare\Oral_Health_(Inner)-_Brown_(FINAL)_92f104ec.pdf,https://aam.mohfw.gov.in/document/6,Downloaded
Ayushman_Arogya_Mandir,Ministry of Health and Family Welfare,07_MoHFW_Primary_Healthcare,Draft_guidance_note_on_untied_funds.pdf,https://aam.mohfw.gov.in/download/document/Draft_guidance_note_on_untied_funds.pdf,Draft_guidance_note_on_untied_funds_13b2823e.pdf,Healthcare_RAG_Raw\07_MoHFW_Primary_Healthcare\Draft_guidance_note_on_untied_funds_13b2823e.pdf,https://aam.mohfw.gov.in/document/6,Downloaded
Ayushman_Arogya_Mandir,Ministry of Health and Family Welfare,07_MoHFW_Primary_Healthcare,"Operational_Guidelines_Ear,_Nose_and_Throat_(ENT)_Care_at_HWCs.pdf","https://aam.mohfw.gov.in/download/document/Operational_Guidelines_Ear,_Nose_and_Throat_(ENT)_Care_at_HWCs.pdf","Operational_Guidelines_Ear,_Nose_and_Throat_(ENT)_Care_at_HWCs_f8628165.pdf","Healthcare_RAG_Raw\07_MoHFW_Primary_Healthcare\Operational_Guidelines_Ear,_Nose_and_Throat_(ENT)_Care_at_HWCs_f8628165.pdf",https://aam.mohfw.gov.in/document/6,Downloaded
NMC,National Medical Commission,04_NMC,Appendix I,https://www.mciindia.org/CMS/wp-content/uploads/2017/10/Code-of-Medical-Ethics-Regulations-2002-APPENDIX-I.pdf,Appendix I_7a5f86b0.pdf,Healthcare_RAG_Raw\04_NMC\Appendix I_7a5f86b0.pdf,https://nmc.org.in/page/rules-regulations-rules-regulations-of-erstwhile-mci-code-of-medical-ethics-regulations-2002,"FAILED: HTTPSConnectionPool(host='www.mciindia.org', port=443): Max retries exceeded with url: /CMS/wp-content/uploads/2017/10/Code-of-Medical-Ethics-Regulations-2002-APPENDIX-I.pdf (Caused by NameResolutionError(""HTTPSConnection(host='www.mciindia.org', port=443): Failed to resolve 'www.mciindia.org' ([Errno 11002] getaddrinfo failed)""))"
NMC,National Medical Commission,04_NMC,Appendix II,https://www.mciindia.org/CMS/wp-content/uploads/2017/10/Code-of-Medical-Ethics-Regulations-2002-APPENDIX-II.pdf,Appendix II_771f9490.pdf,Healthcare_RAG_Raw\04_NMC\Appendix II_771f9490.pdf,https://nmc.org.in/page/rules-regulations-rules-regulations-of-erstwhile-mci-code-of-medical-ethics-regulations-2002,"FAILED: HTTPSConnectionPool(host='www.mciindia.org', port=443): Max retries exceeded with url: /CMS/wp-content/uploads/2017/10/Code-of-Medical-Ethics-Regulations-2002-APPENDIX-II.pdf (Caused by NameResolutionError(""HTTPSConnection(host='www.mciindia.org', port=443): Failed to resolve 'www.mciindia.org' ([Errno 11002] getaddrinfo failed)""))"
NMC,National Medical Commission,04_NMC,Appendix IV,https://www.mciindia.org/CMS/wp-content/uploads/2017/10/Code-of-Medical-Ethics-Regulations-2002-APPENDIX-IV.pdf,Appendix IV_b4ad4f4a.pdf,Healthcare_RAG_Raw\04_NMC\Appendix IV_b4ad4f4a.pdf,https://nmc.org.in/page/rules-regulations-rules-regulations-of-erstwhile-mci-code-of-medical-ethics-regulations-2002,"FAILED: HTTPSConnectionPool(host='www.mciindia.org', port=443): Max retries exceeded with url: /CMS/wp-content/uploads/2017/10/Code-of-Medical-Ethics-Regulations-2002-APPENDIX-IV.pdf (Caused by NameResolutionError(""HTTPSConnection(host='www.mciindia.org', port=443): Failed to resolve 'www.mciindia.org' ([Errno 11002] getaddrinfo failed)""))"
NMC,National Medical Commission,04_NMC,Appendix III,https://www.mciindia.org/CMS/wp-content/uploads/2017/10/Code-of-Medical-Ethics-Regulations-2002-APPENDIX-III.pdf,Appendix III_c2f754c4.pdf,Healthcare_RAG_Raw\04_NMC\Appendix III_c2f754c4.pdf,https://nmc.org.in/page/rules-regulations-rules-regulations-of-erstwhile-mci-code-of-medical-ethics-regulations-2002,"FAILED: HTTPSConnectionPool(host='www.mciindia.org', port=443): Max retries exceeded with url: /CMS/wp-content/uploads/2017/10/Code-of-Medical-Ethics-Regulations-2002-APPENDIX-III.pdf (Caused by NameResolutionError(""HTTPSConnection(host='www.mciindia.org', port=443): Failed to resolve 'www.mciindia.org' ([Errno 11002] getaddrinfo failed)""))"
Ayushman_Arogya_Mandir,Ministry of Health and Family Welfare,07_MoHFW_Primary_Healthcare,Operational_Guidelines_for_Oral_Health_Care_at_HWCs__2020_.pdf,https://aam.mohfw.gov.in/download/document/Operational_Guidelines_for_Oral_Health_Care_at_HWCs__2020_.pdf,Operational_Guidelines_for_Oral_Health_Care_at_HWCs__2020__b4c41c18.pdf,Healthcare_RAG_Raw\07_MoHFW_Primary_Healthcare\Operational_Guidelines_for_Oral_Health_Care_at_HWCs__2020__b4c41c18.pdf,https://aam.mohfw.gov.in/document/6,Downloaded
Ayushman_Arogya_Mandir,Ministry of Health and Family Welfare,07_MoHFW_Primary_Healthcare,Final_MNS_Operational_Guidelines_-_Web_Optimized_PDF_Version_-_19_11_20.pdf,https://aam.mohfw.gov.in/download/document/Final_MNS_Operational_Guidelines_-_Web_Optimized_PDF_Version_-_19_11_20.pdf,Final_MNS_Operational_Guidelines_-_Web_Optimized_PDF_Version_-_19_11_20_eee9ba54.pdf,Healthcare_RAG_Raw\07_MoHFW_Primary_Healthcare\Final_MNS_Operational_Guidelines_-_Web_Optimized_PDF_Version_-_19_11_20_eee9ba54.pdf,https://aam.mohfw.gov.in/document/6,Downloaded
Ayushman_Arogya_Mandir,Ministry of Health and Family Welfare,07_MoHFW_Primary_Healthcare,cdc59be4f64be9217515d5c5cf618da9.pdf,https://aam.mohfw.gov.in/download/document/cdc59be4f64be9217515d5c5cf618da9.pdf,cdc59be4f64be9217515d5c5cf618da9_f2bd4918.pdf,Healthcare_RAG_Raw\07_MoHFW_Primary_Healthcare\cdc59be4f64be9217515d5c5cf618da9_f2bd4918.pdf,https://aam.mohfw.gov.in/document/6,Downloaded
Ayushman_Arogya_Mandir,Ministry of Health and Family Welfare,07_MoHFW_Primary_Healthcare,FINAL_Operational_Guidelines_for_Primary_Eye_Care__28_pages__Dt__23_06_2020_1_.pdf,https://aam.mohfw.gov.in/download/document/FINAL_Operational_Guidelines_for_Primary_Eye_Care__28_pages__Dt__23_06_2020_1_.pdf,FINAL_Operational_Guidelines_for_Primary_Eye_Care__28_pages__Dt__23_06_2020_1__26e16272.pdf,Healthcare_RAG_Raw\07_MoHFW_Primary_Healthcare\FINAL_Operational_Guidelines_for_Primary_Eye_Care__28_pages__Dt__23_06_2020_1__26e16272.pdf,https://aam.mohfw.gov.in/document/6,Downloaded
Ayushman_Arogya_Mandir,Ministry of Health and Family Welfare,07_MoHFW_Primary_Healthcare,Operational_Guidelines_for_Primary_Eye_Care_at_HWCs.pdf,https://aam.mohfw.gov.in/download/document/Operational_Guidelines_for_Primary_Eye_Care_at_HWCs.pdf,Operational_Guidelines_for_Primary_Eye_Care_at_HWCs_bce8776e.pdf,Healthcare_RAG_Raw\07_MoHFW_Primary_Healthcare\Operational_Guidelines_for_Primary_Eye_Care_at_HWCs_bce8776e.pdf,https://aam.mohfw.gov.in/document/6,Downloaded
Ayushman_Arogya_Mandir,Ministry of Health and Family Welfare,07_MoHFW_Primary_Healthcare,Jan_Aarogya_Samiti_Web_Compressed.pdf,https://aam.mohfw.gov.in/download/document/Jan_Aarogya_Samiti_Web_Compressed.pdf,Jan_Aarogya_Samiti_Web_Compressed_11742585.pdf,Healthcare_RAG_Raw\07_MoHFW_Primary_Healthcare\Jan_Aarogya_Samiti_Web_Compressed_11742585.pdf,https://aam.mohfw.gov.in/document/6,Downloaded
Ayushman_Arogya_Mandir,Ministry of Health and Family Welfare,07_MoHFW_Primary_Healthcare,1454_Operational_Guidelines_ENT_Print_ready_29_11_2020.pdf,https://aam.mohfw.gov.in/download/document/1454_Operational_Guidelines_ENT_Print_ready_29_11_2020.pdf,1454_Operational_Guidelines_ENT_Print_ready_29_11_2020_72528185.pdf,Healthcare_RAG_Raw\07_MoHFW_Primary_Healthcare\1454_Operational_Guidelines_ENT_Print_ready_29_11_2020_72528185.pdf,https://aam.mohfw.gov.in/document/6,Downloaded
